adoption_scenario,forecast_year,home_zcta,adoption_fraction,vehicle_growth_factor,source_date,source_model_period,source_stock_ev,source_denominator,source_denominator_column,invalid_fraction_before_clip
baseline,2018,12007,9.045200026674394e-05,1.0,2018-12-02,observed_fit,0.0063375996616227,70.06588735387885,total_vehicle_market_proxy,False
baseline,2018,12009,0.00033995491432317344,1.0,2018-12-02,observed_fit,2.239008816842311,6586.193411264612,total_vehicle_market_proxy,False
baseline,2018,12023,0.0006344301861736872,1.0,2018-12-02,observed_fit,0.8001344512502273,1261.1859723698194,total_vehicle_market_proxy,False
baseline,2018,12041,9.045200026674441e-05,1.0,2018-12-02,observed_fit,0.0190127989848682,210.19766206163652,total_vehicle_market_proxy,False
baseline,2018,12045,9.045200026674457e-05,1.0,2018-12-02,observed_fit,0.0348567981389251,385.3623804463337,total_vehicle_market_proxy,False
baseline,2018,12046,0.0003660666162328314,1.0,2018-12-02,observed_fit,0.1282439114849258,350.32943676939425,total_vehicle_market_proxy,False
baseline,2018,12047,0.000307368600272408,1.0,2018-12-02,observed_fit,4.2749066639769815,13908.078639744952,total_vehicle_market_proxy,False
baseline,2018,12054,0.00034483553820983926,1.0,2018-12-02,observed_fit,8.094004671901303,23472.072263549417,total_vehicle_market_proxy,False
baseline,2018,12059,0.0002747333756345335,1.0,2018-12-02,observed_fit,0.3176157228677418,1156.0871413390012,total_vehicle_market_proxy,False
baseline,2018,12067,0.0006960334323523666,1.0,2018-12-02,observed_fit,0.4876820006573457,700.6588735387885,total_vehicle_market_proxy,False
baseline,2018,12077,0.00027960956316961007,1.0,2018-12-02,observed_fit,2.0472691303134085,7321.88522848034,total_vehicle_market_proxy,False
baseline,2018,12084,0.00021553877770014835,1.0,2018-12-02,observed_fit,0.7399938702178351,3433.228480340064,total_vehicle_market_proxy,False
baseline,2018,12085,9.045200026674464e-05,1.0,2018-12-02,observed_fit,0.0126751993232455,140.1317747077577,total_vehicle_market_proxy,False
baseline,2018,12110,0.00032547908666718595,1.0,2018-12-02,observed_fit,5.906490084818803,18147.064824654622,total_vehicle_market_proxy,False
baseline,2018,12120,0.0006185026196737701,1.0,2018-12-02,observed_fit,0.1950117069516361,315.29649309245485,total_vehicle_market_proxy,False
baseline,2018,12143,0.0006162794787997361,1.0,2018-12-02,observed_fit,0.9499637078819686,1541.4495217853348,total_vehicle_market_proxy,False
baseline,2018,12147,9.04520002667445e-05,1.0,2018-12-02,observed_fit,0.0316879983081137,350.32943676939425,total_vehicle_market_proxy,False
baseline,2018,12158,0.0004903183380030427,1.0,2018-12-02,observed_fit,2.1471618398788928,4379.117959617428,total_vehicle_market_proxy,False
baseline,2018,12159,0.00028285832283248344,1.0,2018-12-02,observed_fit,3.7061005249366343,13102.320935175345,total_vehicle_market_proxy,False
baseline,2018,12161,0.00018090400053345,1.0,2018-12-02,observed_fit,0.0003618080010669,2.0,market_size,False
baseline,2018,12183,0.00019868129698370765,1.0,2018-12-02,observed_fit,0.2644948461018772,1331.251859723698,total_vehicle_market_proxy,False
baseline,2018,12186,0.00043984871802485535,1.0,2018-12-02,observed_fit,3.1742942451773866,7216.786397449522,total_vehicle_market_proxy,False
baseline,2018,12189,0.000422446464677457,1.0,2018-12-02,observed_fit,3.685086257688315,8723.202975557917,total_vehicle_market_proxy,False
baseline,2018,12193,0.0003090083333779258,1.0,2018-12-02,observed_fit,0.2056839592397421,665.625929861849,total_vehicle_market_proxy,False
baseline,2018,12202,0.00025823134287956707,1.0,2018-12-02,observed_fit,0.6242156822597011,2417.2731137088203,total_vehicle_market_proxy,False
baseline,2018,12203,0.0003218971505232207,1.0,2018-12-02,observed_fit,6.270014637690289,19478.31668437832,total_vehicle_market_proxy,False
baseline,2018,12204,0.000342316931098669,1.0,2018-12-02,observed_fit,1.8708096836274184,5465.139213602551,total_vehicle_market_proxy,False
baseline,2018,12205,0.0003573893859299973,1.0,2018-12-02,observed_fit,5.759385024889919,16115.154091392136,total_vehicle_market_proxy,False
baseline,2018,12206,0.00031035134227969135,1.0,2018-12-02,observed_fit,1.1089971516029915,3573.3602550478213,total_vehicle_market_proxy,False
baseline,2018,12207,0.0003231506606466182,1.0,2018-12-02,observed_fit,3.022685344590864,9353.795961742826,total_vehicle_market_proxy,False
baseline,2018,12208,0.0005769537220962435,1.0,2018-12-02,observed_fit,7.478583282647357,12962.189160467587,total_vehicle_market_proxy,False
baseline,2018,12209,0.00039876727675827424,1.0,2018-12-02,observed_fit,1.704338968719255,4274.01912858661,total_vehicle_market_proxy,False
baseline,2018,12210,0.0007053788020704559,1.0,2018-12-02,observed_fit,2.2240346259457158,3152.9649309245483,total_vehicle_market_proxy,False
baseline,2018,12211,0.00032897974651987724,1.0,2018-12-02,observed_fit,3.907018707502103,11876.167906482466,total_vehicle_market_proxy,False
baseline,2018,12222,0.0031963686484886883,1.0,2018-12-02,observed_fit,0.7838474198326746,245.230605738576,total_vehicle_market_proxy,False
baseline,2018,12469,0.0003864232752640207,1.0,2018-12-02,observed_fit,0.0947628138644803,245.230605738576,total_vehicle_market_proxy,False
baseline,2019,12007,0.00017898700065525303,1.0,2019-12-02,observed_fit,0.0125408830257196,70.06588735387885,total_vehicle_market_proxy,False
baseline,2019,12009,0.0012025618788738795,1.0,2019-12-02,observed_fit,7.920305123277138,6586.193411264612,total_vehicle_market_proxy,False
baseline,2019,12023,0.002152427904105672,1.0,2019-12-02,observed_fit,2.714611879195444,1261.1859723698194,total_vehicle_market_proxy,False
baseline,2019,12041,0.0009685329479285183,1.0,2019-12-02,observed_fit,0.2035833612842393,210.19766206163652,total_vehicle_market_proxy,False
baseline,2019,12045,0.0001789870006552533,1.0,2019-12-02,observed_fit,0.0689748566414579,385.3623804463337,total_vehicle_market_proxy,False
baseline,2019,12046,0.0012212075058866258,1.0,2019-12-02,observed_fit,0.4278249377158183,350.32943676939425,total_vehicle_market_proxy,False
baseline,2019,12047,0.0010956407598319076,1.0,2019-12-02,observed_fit,15.238257848652085,13908.078639744952,total_vehicle_market_proxy,False
baseline,2019,12054,0.0012298036136646055,1.0,2019-12-02,observed_fit,28.86603928990983,23472.072263549417,total_vehicle_market_proxy,False
baseline,2019,12059,0.0009528031277970265,1.0,2019-12-02,observed_fit,1.1015234442737234,1156.0871413390012,total_vehicle_market_proxy,False
baseline,2019,12067,0.0017199802731484423,1.0,2019-12-02,observed_fit,1.2051194406931254,700.6588735387885,total_vehicle_market_proxy,False
baseline,2019,12077,0.0009887217812024965,1.0,2019-12-02,observed_fit,7.239307404863329,7321.88522848034,total_vehicle_market_proxy,False
baseline,2019,12084,0.001314098843143005,1.0,2019-12-02,observed_fit,4.511601574260495,3433.228480340064,total_vehicle_market_proxy,False
baseline,2019,12085,0.00017898700065525303,1.0,2019-12-02,observed_fit,0.0250817660514392,140.1317747077577,total_vehicle_market_proxy,False
baseline,2019,12110,0.0009842483022378338,1.0,2019-12-02,observed_fit,17.861217744266224,18147.064824654622,total_vehicle_market_proxy,False
baseline,2019,12120,0.0016109359143129426,1.0,2019-12-02,observed_fit,0.5079224443795581,315.29649309245485,total_vehicle_market_proxy,False
baseline,2019,12143,0.002018743351717367,1.0,2019-12-02,observed_fit,3.1117909741120595,1541.4495217853348,total_vehicle_market_proxy,False
baseline,2019,12147,0.00017898700065525306,1.0,2019-12-02,observed_fit,0.062704415128598,350.32943676939425,total_vehicle_market_proxy,False
baseline,2019,12158,0.0019438772734579415,1.0,2019-12-02,observed_fit,8.51246787949183,4379.117959617428,total_vehicle_market_proxy,False
baseline,2019,12159,0.0010781296668284765,1.0,2019-12-02,observed_fit,14.126000904520366,13102.320935175345,total_vehicle_market_proxy,False
baseline,2019,12161,0.0003579740013105,1.0,2019-12-02,observed_fit,0.000715948002621,2.0,market_size,False
baseline,2019,12183,0.000645577932534938,1.0,2019-12-02,observed_fit,0.8594268232837162,1331.251859723698,total_vehicle_market_proxy,False
baseline,2019,12186,0.0014923217328123492,1.0,2019-12-02,observed_fit,10.769767181978462,7216.786397449522,total_vehicle_market_proxy,False
baseline,2019,12189,0.0015644200992592488,1.0,2019-12-02,observed_fit,13.646754064880891,8723.202975557917,total_vehicle_market_proxy,False
baseline,2019,12193,0.001627167078794179,1.0,2019-12-02,observed_fit,1.083084599862964,665.625929861849,total_vehicle_market_proxy,False
baseline,2019,12202,0.0009797281788611163,1.0,2019-12-02,observed_fit,2.3682705855038826,2417.2731137088203,total_vehicle_market_proxy,False
baseline,2019,12203,0.0011966371606404885,1.0,2019-12-02,observed_fit,23.308477571250727,19478.31668437832,total_vehicle_market_proxy,False
baseline,2019,12204,0.0011537547587507203,1.0,2019-12-02,observed_fit,6.305430374929112,5465.139213602551,total_vehicle_market_proxy,False
baseline,2019,12205,0.0011811661617103356,1.0,2019-12-02,observed_fit,19.03467470350026,16115.154091392136,total_vehicle_market_proxy,False
baseline,2019,12206,0.0012953201948939968,1.0,2019-12-02,observed_fit,4.628645701995006,3573.3602550478213,total_vehicle_market_proxy,False
baseline,2019,12207,0.001243987291767553,1.0,2019-12-02,observed_fit,11.636003306194732,9353.795961742826,total_vehicle_market_proxy,False
baseline,2019,12208,0.0019165492825408373,1.0,2019-12-02,observed_fit,24.842674335652774,12962.189160467587,total_vehicle_market_proxy,False
baseline,2019,12209,0.0016347354413559032,1.0,2019-12-02,observed_fit,6.986890546533606,4274.01912858661,total_vehicle_market_proxy,False
baseline,2019,12210,0.0022681662183193932,1.0,2019-12-02,observed_fit,7.1514485438688,3152.9649309245483,total_vehicle_market_proxy,False
baseline,2019,12211,0.0012008699299288458,1.0,2019-12-02,observed_fit,14.261732921680805,11876.167906482466,total_vehicle_market_proxy,False
baseline,2019,12222,0.009396313431099042,1.0,2019-12-02,observed_fit,2.3042636344179352,245.230605738576,total_vehicle_market_proxy,False
baseline,2019,12469,0.0022443883858244886,1.0,2019-12-02,observed_fit,0.5503927233683642,245.230605738576,total_vehicle_market_proxy,False
baseline,2020,12007,0.00025796814266654944,1.0,2020-12-02,observed_fit,0.0180747668249638,70.06588735387885,total_vehicle_market_proxy,False
baseline,2020,12009,0.0027901384109779047,1.0,2020-12-02,observed_fit,18.37639121889899,6586.193411264612,total_vehicle_market_proxy,False
baseline,2020,12023,0.0038161129967607286,1.0,2020-12-02,observed_fit,4.812828180492785,1261.1859723698194,total_vehicle_market_proxy,False
baseline,2020,12041,0.0022844757798347244,1.0,2020-12-02,observed_fit,0.4801914679576929,210.19766206163652,total_vehicle_market_proxy,False
baseline,2020,12045,0.000630469402704843,1.0,2020-12-02,observed_fit,0.2429591898249165,385.3623804463337,total_vehicle_market_proxy,False
baseline,2020,12046,0.0019840696931462923,1.0,2020-12-02,observed_fit,0.6950780181111654,350.32943676939425,total_vehicle_market_proxy,False
baseline,2020,12047,0.0023598662095323333,1.0,2020-12-02,observed_fit,32.82120482145253,13908.078639744952,total_vehicle_market_proxy,False
baseline,2020,12054,0.002652220964658172,1.0,2020-12-02,observed_fit,62.25312214135736,23472.072263549417,total_vehicle_market_proxy,False
baseline,2020,12059,0.002074667813134919,1.0,2020-12-02,observed_fit,2.398496781315185,1156.0871413390012,total_vehicle_market_proxy,False
baseline,2020,12067,0.003811244393680854,1.0,2020-12-02,observed_fit,2.67038220365745,700.6588735387885,total_vehicle_market_proxy,False
baseline,2020,12077,0.0021213687738861993,1.0,2020-12-02,observed_fit,15.532418689676811,7321.88522848034,total_vehicle_market_proxy,False
baseline,2020,12084,0.003086273698591482,1.0,2020-12-02,observed_fit,10.595882760128742,3433.228480340064,total_vehicle_market_proxy,False
baseline,2020,12085,0.0015986520436779114,1.0,2020-12-02,observed_fit,0.2240219480207695,140.1317747077577,total_vehicle_market_proxy,False
baseline,2020,12110,0.002034559332129823,1.0,2020-12-02,observed_fit,36.92128008976591,18147.064824654622,total_vehicle_market_proxy,False
baseline,2020,12120,0.004951567293358153,1.0,2020-12-02,observed_fit,1.5612118029071245,315.29649309245485,total_vehicle_market_proxy,False
baseline,2020,12143,0.003953502003492046,1.0,2020-12-02,observed_fit,6.094123772660177,1541.4495217853348,total_vehicle_market_proxy,False
baseline,2020,12147,0.00025796814266655,1.0,2020-12-02,observed_fit,0.0903738341248192,350.32943676939425,total_vehicle_market_proxy,False
baseline,2020,12158,0.003978826675463023,1.0,2020-12-02,observed_fit,17.423751352725027,4379.117959617428,total_vehicle_market_proxy,False
baseline,2020,12159,0.0024036656099273553,1.0,2020-12-02,observed_fit,31.4935982421122,13102.320935175345,total_vehicle_market_proxy,False
baseline,2020,12161,0.0005159362853331,1.0,2020-12-02,observed_fit,0.0010318725706662,2.0,market_size,False
baseline,2020,12183,0.001291253840792759,1.0,2020-12-02,observed_fit,1.7189840769307283,1331.251859723698,total_vehicle_market_proxy,False
baseline,2020,12186,0.0029574161271496867,1.0,2020-12-02,observed_fit,21.343040478011705,7216.786397449522,total_vehicle_market_proxy,False
baseline,2020,12189,0.0033596976323843064,1.0,2020-12-02,observed_fit,29.30732438378967,8723.202975557917,total_vehicle_market_proxy,False
baseline,2020,12193,0.0032921471964875246,1.0,2020-12-02,observed_fit,2.191338538904088,665.625929861849,total_vehicle_market_proxy,False
baseline,2020,12202,0.002301371859421722,1.0,2020-12-02,observed_fit,5.5630443204262034,2417.2731137088203,total_vehicle_market_proxy,False
baseline,2020,12203,0.0026381710952740733,1.0,2020-12-02,observed_fit,51.3871320613216,19478.31668437832,total_vehicle_market_proxy,False
baseline,2020,12204,0.002392674925786361,1.0,2020-12-02,observed_fit,13.076301562318616,5465.139213602551,total_vehicle_market_proxy,False
baseline,2020,12205,0.0023732458141678845,1.0,2020-12-02,observed_fit,38.245221992066845,16115.154091392136,total_vehicle_market_proxy,False
baseline,2020,12206,0.003379705621638951,1.0,2020-12-02,observed_fit,12.076905742126318,3573.3602550478213,total_vehicle_market_proxy,False
baseline,2020,12207,0.0025537138279247804,1.0,2020-12-02,observed_fit,23.886918091089623,9353.795961742826,total_vehicle_market_proxy,False
baseline,2020,12208,0.003795446146243505,1.0,2020-12-02,observed_fit,49.19729089597604,12962.189160467587,total_vehicle_market_proxy,False
baseline,2020,12209,0.0031564788444090504,1.0,2020-12-02,observed_fit,13.49085095998324,4274.01912858661,total_vehicle_market_proxy,False
baseline,2020,12210,0.004331290725265829,1.0,2020-12-02,observed_fit,13.65640776240191,3152.9649309245483,total_vehicle_market_proxy,False
baseline,2020,12211,0.0024606394807108285,1.0,2020-12-02,observed_fit,29.22296763024162,11876.167906482466,total_vehicle_market_proxy,False
baseline,2020,12222,0.015009537314772935,1.0,2020-12-02,observed_fit,3.6807979275575264,245.230605738576,total_vehicle_market_proxy,False
baseline,2020,12469,0.006095034697470876,1.0,2020-12-02,observed_fit,1.4946890508584214,245.230605738576,total_vehicle_market_proxy,False
baseline,2021,12007,0.0003284263881743715,1.0,2021-12-01,observed_fit,0.0230114863178668,70.06588735387885,total_vehicle_market_proxy,False
baseline,2021,12009,0.005076151906911964,1.0,2021-12-01,observed_fit,33.43251824388187,6586.193411264612,total_vehicle_market_proxy,False
baseline,2021,12023,0.005788484524305203,1.0,2021-12-01,observed_fit,7.30035548333351,1261.1859723698194,total_vehicle_market_proxy,False
baseline,2021,12041,0.0034584145298143586,1.0,2021-12-01,observed_fit,0.7269506486069721,210.19766206163652,total_vehicle_market_proxy,False
baseline,2021,12045,0.0021773128347647003,1.0,2021-12-01,observed_fit,0.8390544569812798,385.3623804463337,total_vehicle_market_proxy,False
baseline,2021,12046,0.002664611021238099,1.0,2021-12-01,observed_fit,0.9334916782798636,350.32943676939425,total_vehicle_market_proxy,False
baseline,2021,12047,0.0042004027081785885,1.0,2021-12-01,observed_fit,58.41953118394547,13908.078639744952,total_vehicle_market_proxy,False
baseline,2021,12054,0.004794705211982045,1.0,2021-12-01,observed_fit,112.5416672180596,23472.072263549417,total_vehicle_market_proxy,False
baseline,2021,12059,0.004983489632376921,1.0,2021-12-01,observed_fit,5.761348282987184,1156.0871413390012,total_vehicle_market_proxy,False
baseline,2021,12067,0.007119643943546748,1.0,2021-12-01,observed_fit,4.988441705482722,700.6588735387885,total_vehicle_market_proxy,False
baseline,2021,12077,0.0039495560283268494,1.0,2021-12-01,observed_fit,28.91819594286184,7321.88522848034,total_vehicle_market_proxy,False
baseline,2021,12084,0.005813529870129901,1.0,2021-12-01,observed_fit,19.95917632143765,3433.228480340064,total_vehicle_market_proxy,False
baseline,2021,12085,0.0057394778650403265,1.0,2021-12-01,observed_fit,0.8042832191239931,140.1317747077577,total_vehicle_market_proxy,False
baseline,2021,12110,0.0036697873539207494,1.0,2021-12-01,observed_fit,66.5958690042976,18147.064824654622,total_vehicle_market_proxy,False
baseline,2021,12120,0.009453495897748534,1.0,2021-12-01,observed_fit,2.980654104024021,315.29649309245485,total_vehicle_market_proxy,False
baseline,2021,12143,0.006690904438467842,1.0,2021-12-01,observed_fit,10.31369144698763,1541.4495217853348,total_vehicle_market_proxy,False
baseline,2021,12147,0.00032842638817437203,1.0,2021-12-01,observed_fit,0.1150574315893342,350.32943676939425,total_vehicle_market_proxy,False
baseline,2021,12158,0.006824240607262899,1.0,2021-12-01,observed_fit,29.884154604015503,4379.117959617428,total_vehicle_market_proxy,False
baseline,2021,12159,0.0044625270548604625,1.0,2021-12-01,observed_fit,58.46946165468461,13102.320935175345,total_vehicle_market_proxy,False
baseline,2021,12161,0.0006568527763487,1.0,2021-12-01,observed_fit,0.0013137055526974,2.0,market_size,False
baseline,2021,12183,0.0029304990954559826,1.0,2021-12-01,observed_fit,3.901232370744392,1331.251859723698,total_vehicle_market_proxy,False
baseline,2021,12186,0.005233101094044905,1.0,2021-12-01,observed_fit,37.76617279198148,7216.786397449522,total_vehicle_market_proxy,False
baseline,2021,12189,0.005856418157974293,1.0,2021-12-01,observed_fit,51.08672430175277,8723.202975557917,total_vehicle_market_proxy,False
baseline,2021,12193,0.005905208707852968,1.0,2021-12-01,observed_fit,3.93066003719292,665.625929861849,total_vehicle_market_proxy,False
baseline,2021,12202,0.004169703799806681,1.0,2021-12-01,observed_fit,10.079312887402196,2417.2731137088203,total_vehicle_market_proxy,False
baseline,2021,12203,0.0048311520346783435,1.0,2021-12-01,observed_fit,94.10270928184345,19478.31668437832,total_vehicle_market_proxy,False
baseline,2021,12204,0.004415612524786131,1.0,2021-12-01,observed_fit,24.13193716128325,5465.139213602551,total_vehicle_market_proxy,False
baseline,2021,12205,0.00431814752358387,1.0,2021-12-01,observed_fit,69.58761273191743,16115.154091392136,total_vehicle_market_proxy,False
baseline,2021,12206,0.0060675953860247715,1.0,2021-12-01,observed_fit,21.68170419613246,3573.3602550478213,total_vehicle_market_proxy,False
baseline,2021,12207,0.00427898199662827,1.0,2021-12-01,observed_fit,40.02472452043176,9353.795961742826,total_vehicle_market_proxy,False
baseline,2021,12208,0.006340712474475471,1.0,2021-12-01,observed_fit,82.18951450628757,12962.189160467587,total_vehicle_market_proxy,False
baseline,2021,12209,0.005171681287797036,1.0,2021-12-01,observed_fit,22.103864750997968,4274.01912858661,total_vehicle_market_proxy,False
baseline,2021,12210,0.00737210123489748,1.0,2021-12-01,observed_fit,23.24397666085731,3152.9649309245483,total_vehicle_market_proxy,False
baseline,2021,12211,0.00426612272745572,1.0,2021-12-01,observed_fit,50.665189820925065,11876.167906482466,total_vehicle_market_proxy,False
baseline,2021,12222,0.02001703526193729,1.0,2021-12-01,observed_fit,4.908789682375317,245.230605738576,total_vehicle_market_proxy,False
baseline,2021,12469,0.010867598775920242,1.0,2021-12-01,observed_fit,2.665067830742728,245.230605738576,total_vehicle_market_proxy,False
baseline,2022,12007,0.0003912814474153531,1.0,2022-12-02,observed_fit,0.0274154818182668,70.06588735387885,total_vehicle_market_proxy,False
baseline,2022,12009,0.008788185924982263,1.0,2022-12-02,observed_fit,57.88069223608659,6586.193411264612,total_vehicle_market_proxy,False
baseline,2022,12023,0.008479622014584435,1.0,2022-12-02,observed_fit,10.694380335792198,1261.1859723698194,total_vehicle_market_proxy,False
baseline,2022,12041,0.0063498259674527715,1.0,2022-12-02,observed_fit,1.3347185728568418,210.19766206163652,total_vehicle_market_proxy,False
baseline,2022,12045,0.004252534721133559,1.0,2022-12-02,observed_fit,1.638766903066714,385.3623804463337,total_vehicle_market_proxy,False
baseline,2022,12046,0.005638097927653225,1.0,2022-12-02,observed_fit,1.9751916714454432,350.32943676939425,total_vehicle_market_proxy,False
baseline,2022,12047,0.007099785049987893,1.0,2022-12-02,observed_fit,98.74436880051717,13908.078639744952,total_vehicle_market_proxy,False
baseline,2022,12054,0.008042431396179404,1.0,2022-12-02,observed_fit,188.7725309057616,23472.072263549417,total_vehicle_market_proxy,False
baseline,2022,12059,0.009998912832731383,1.0,2022-12-02,observed_fit,11.55961455329028,1156.0871413390012,total_vehicle_market_proxy,False
baseline,2022,12067,0.011877806984733499,1.0,2022-12-02,observed_fit,8.322290862034528,700.6588735387885,total_vehicle_market_proxy,False
baseline,2022,12077,0.0067394439773796255,1.0,2022-12-02,observed_fit,49.34543530614667,7321.88522848034,total_vehicle_market_proxy,False
baseline,2022,12084,0.010446238264183658,1.0,2022-12-02,observed_fit,35.86432272101349,3433.228480340064,total_vehicle_market_proxy,False
baseline,2022,12085,0.012483848057457322,1.0,2022-12-02,observed_fit,1.749383783473488,140.1317747077577,total_vehicle_market_proxy,False
baseline,2022,12110,0.005979586160411815,1.0,2022-12-02,observed_fit,108.51193767760084,18147.064824654622,total_vehicle_market_proxy,False
baseline,2022,12120,0.013880729519371072,1.0,2022-12-02,observed_fit,4.376545339022615,315.29649309245485,total_vehicle_market_proxy,False
baseline,2022,12143,0.0106467448254357,1.0,2022-12-02,observed_fit,16.411419719738348,1541.4495217853348,total_vehicle_market_proxy,False
baseline,2022,12147,0.0003912814474153542,1.0,2022-12-02,observed_fit,0.1370774090913344,350.32943676939425,total_vehicle_market_proxy,False
baseline,2022,12158,0.010329015618843822,1.0,2022-12-02,observed_fit,45.2319778016479,4379.117959617428,total_vehicle_market_proxy,False
baseline,2022,12159,0.007628547630227328,1.0,2022-12-02,observed_fit,99.95167932050978,13102.320935175345,total_vehicle_market_proxy,False
baseline,2022,12161,0.0007825628948307,1.0,2022-12-02,observed_fit,0.0015651257896614,2.0,market_size,False
baseline,2022,12183,0.005831586436063056,1.0,2022-12-02,observed_fit,7.763310288148436,1331.251859723698,total_vehicle_market_proxy,False
baseline,2022,12186,0.008461501703623536,1.0,2022-12-02,observed_fit,61.0648503967063,7216.786397449522,total_vehicle_market_proxy,False
baseline,2022,12189,0.009424796638528384,1.0,2022-12-02,observed_fit,82.21441408123906,8723.202975557917,total_vehicle_market_proxy,False
baseline,2022,12193,0.009229669850120407,1.0,2022-12-02,observed_fit,6.14350757630427,665.625929861849,total_vehicle_market_proxy,False
baseline,2022,12202,0.0066971218643651674,1.0,2022-12-02,observed_fit,16.18877262196141,2417.2731137088203,total_vehicle_market_proxy,False
baseline,2022,12203,0.008214153652232744,1.0,2022-12-02,observed_fit,159.99788613233216,19478.31668437832,total_vehicle_market_proxy,False
baseline,2022,12204,0.00755148201245977,1.0,2022-12-02,observed_fit,41.269900467108194,5465.139213602551,total_vehicle_market_proxy,False
baseline,2022,12205,0.00713292161796086,1.0,2022-12-02,observed_fit,114.94813099526137,16115.154091392136,total_vehicle_market_proxy,False
baseline,2022,12206,0.009584693432017677,1.0,2022-12-02,observed_fit,34.24956256678986,3573.3602550478213,total_vehicle_market_proxy,False
baseline,2022,12207,0.006196494880693964,1.0,2022-12-02,observed_fit,57.96074879199529,9353.795961742826,total_vehicle_market_proxy,False
baseline,2022,12208,0.009662559097227392,1.0,2022-12-02,observed_fit,125.24791879245838,12962.189160467587,total_vehicle_market_proxy,False
baseline,2022,12209,0.008006992598731805,1.0,2022-12-02,observed_fit,34.22203952943115,4274.01912858661,total_vehicle_market_proxy,False
baseline,2022,12210,0.012379222225978662,1.0,2022-12-02,observed_fit,39.03125355063244,3152.9649309245483,total_vehicle_market_proxy,False
baseline,2022,12211,0.007304075873189818,1.0,2022-12-02,observed_fit,86.74443147168981,11876.167906482466,total_vehicle_market_proxy,False
baseline,2022,12222,0.02448417147643713,1.0,2022-12-02,observed_fit,6.004268202173842,245.230605738576,total_vehicle_market_proxy,False
baseline,2022,12469,0.01777719024474507,1.0,2022-12-02,observed_fit,4.359511132048738,245.230605738576,total_vehicle_market_proxy,False
baseline,2023,12007,0.000447353784211603,1.0,2023-12-02,observed_fit,0.0313442398519016,70.06588735387885,total_vehicle_market_proxy,False
baseline,2023,12009,0.01398234862320618,1.0,2023-12-02,observed_fit,92.09045237616536,6586.193411264612,total_vehicle_market_proxy,False
baseline,2023,12023,0.012280444974928683,1.0,2023-12-02,observed_fit,15.487924936839493,1261.1859723698194,total_vehicle_market_proxy,False
baseline,2023,12041,0.009653134594009558,1.0,2023-12-02,observed_fit,2.0290663232271138,210.19766206163652,total_vehicle_market_proxy,False
baseline,2023,12045,0.006743881376671764,1.0,2023-12-02,observed_fit,2.598838180761929,385.3623804463337,total_vehicle_market_proxy,False
baseline,2023,12046,0.011555469427661676,1.0,2023-12-02,observed_fit,4.048221096198669,350.32943676939425,total_vehicle_market_proxy,False
baseline,2023,12047,0.01125186123644543,1.0,2023-12-02,observed_fit,156.4917709199809,13908.078639744952,total_vehicle_market_proxy,False
baseline,2023,12054,0.012428061517845571,1.0,2023-12-02,observed_fit,291.7123580427089,23472.072263549417,total_vehicle_market_proxy,False
baseline,2023,12059,0.017016548607372076,1.0,2023-12-02,observed_fit,19.672613034952946,1156.0871413390012,total_vehicle_market_proxy,False
baseline,2023,12067,0.017875933855133582,1.0,2023-12-02,observed_fit,12.52493167839179,700.6588735387885,total_vehicle_market_proxy,False
baseline,2023,12077,0.010610860723774254,1.0,2023-12-02,observed_fit,77.69150439486492,7321.88522848034,total_vehicle_market_proxy,False
baseline,2023,12084,0.016565615516170192,1.0,2023-12-02,observed_fit,56.873542984478775,3433.228480340064,total_vehicle_market_proxy,False
baseline,2023,12085,0.019241763200068145,1.0,2023-12-02,observed_fit,2.696382425731972,140.1317747077577,total_vehicle_market_proxy,False
baseline,2023,12110,0.009612160648095456,1.0,2023-12-02,observed_fit,174.43250238598242,18147.064824654622,total_vehicle_market_proxy,False
baseline,2023,12120,0.018643750579000806,1.0,2023-12-02,observed_fit,5.878309175649378,315.29649309245485,total_vehicle_market_proxy,False
baseline,2023,12143,0.015247829314823307,1.0,2023-12-02,observed_fit,23.503759205598797,1541.4495217853348,total_vehicle_market_proxy,False
baseline,2023,12147,0.001526171972001595,1.0,2023-12-02,observed_fit,0.5346629673645545,350.32943676939425,total_vehicle_market_proxy,False
baseline,2023,12158,0.014517229739501147,1.0,2023-12-02,observed_fit,63.57266147614171,4379.117959617428,total_vehicle_market_proxy,False
baseline,2023,12159,0.012066288970169344,1.0,2023-12-02,observed_fit,158.09639058372514,13102.320935175345,total_vehicle_market_proxy,False
baseline,2023,12161,0.0008947075684232,1.0,2023-12-02,observed_fit,0.0017894151368464,2.0,market_size,False
baseline,2023,12183,0.010311881347906851,1.0,2023-12-02,observed_fit,13.72771122165111,1331.251859723698,total_vehicle_market_proxy,False
baseline,2023,12186,0.012698095461339664,1.0,2023-12-02,observed_fit,91.6394425989116,7216.786397449522,total_vehicle_market_proxy,False
baseline,2023,12189,0.014272779519674691,1.0,2023-12-02,observed_fit,124.50435277550837,8723.202975557917,total_vehicle_market_proxy,False
baseline,2023,12193,0.014331385743096033,1.0,2023-12-02,observed_fit,9.539341961457144,665.625929861849,total_vehicle_market_proxy,False
baseline,2023,12202,0.010189719777001194,1.0,2023-12-02,observed_fit,24.631335653172023,2417.2731137088203,total_vehicle_market_proxy,False
baseline,2023,12203,0.012788066912532961,1.0,2023-12-02,observed_fit,249.09001710333712,19478.31668437832,total_vehicle_market_proxy,False
baseline,2023,12204,0.011870248062378566,1.0,2023-12-02,observed_fit,64.8725581608948,5465.139213602551,total_vehicle_market_proxy,False
baseline,2023,12205,0.011169931336593978,1.0,2023-12-02,observed_fit,180.00516467948168,16115.154091392136,total_vehicle_market_proxy,False
baseline,2023,12206,0.014489866486911715,1.0,2023-12-02,observed_fit,51.77751300527972,3573.3602550478213,total_vehicle_market_proxy,False
baseline,2023,12207,0.008997960288224234,1.0,2023-12-02,observed_fit,84.16508460791415,9353.795961742826,total_vehicle_market_proxy,False
baseline,2023,12208,0.014286244817057862,1.0,2023-12-02,observed_fit,185.18100771145367,12962.189160467587,total_vehicle_market_proxy,False
baseline,2023,12209,0.011954475189641944,1.0,2023-12-02,observed_fit,51.09365563274371,4274.01912858661,total_vehicle_market_proxy,False
baseline,2023,12210,0.018663205053697132,1.0,2023-12-02,observed_fit,58.844431032960856,3152.9649309245483,total_vehicle_market_proxy,False
baseline,2023,12211,0.01173208323133796,1.0,2023-12-02,observed_fit,139.33219034819697,11876.167906482466,total_vehicle_market_proxy,False
baseline,2023,12222,0.02846925667656115,1.0,2023-12-02,observed_fit,6.98153305972009,245.230605738576,total_vehicle_market_proxy,False
baseline,2023,12469,0.024512918261457833,1.0,2023-12-02,observed_fit,6.011317793677506,245.230605738576,total_vehicle_market_proxy,False
baseline,2024,12007,0.0004973753257033967,1.0,2024-12-02,observed_fit,0.034849043543333,70.06588735387885,total_vehicle_market_proxy,False
baseline,2024,12009,0.02053470654954848,1.0,2024-12-02,observed_fit,135.24554897888848,6586.193411264612,total_vehicle_market_proxy,False
baseline,2024,12023,0.018343967105959074,1.0,2024-12-02,observed_fit,23.135153991648977,1261.1859723698194,total_vehicle_market_proxy,False
baseline,2024,12041,0.012599981452272938,1.0,2024-12-02,observed_fit,2.648486643287755,210.19766206163652,total_vehicle_market_proxy,False
baseline,2024,12045,0.010367817315233644,1.0,2024-12-02,observed_fit,3.995366760631154,385.3623804463337,total_vehicle_market_proxy,False
baseline,2024,12046,0.018910015625425297,1.0,2024-12-02,observed_fit,6.6247351233556895,350.32943676939425,total_vehicle_market_proxy,False
baseline,2024,12047,0.017194025331740595,1.0,2024-12-02,observed_fit,239.135856447615,13908.078639744952,total_vehicle_market_proxy,False
baseline,2024,12054,0.018106584939031868,1.0,2024-12-02,observed_fit,424.9990701350515,23472.072263549417,total_vehicle_market_proxy,False
baseline,2024,12059,0.025214867349331607,1.0,2024-12-02,observed_fit,29.150583913130895,1156.0871413390012,total_vehicle_market_proxy,False
baseline,2024,12067,0.025185730989231585,1.0,2024-12-02,observed_fit,17.64660590416596,700.6588735387885,total_vehicle_market_proxy,False
baseline,2024,12077,0.01608859380951228,1.0,2024-12-02,observed_fit,117.7988373608882,7321.88522848034,total_vehicle_market_proxy,False
baseline,2024,12084,0.02446449696495414,1.0,2024-12-02,observed_fit,83.9922077372736,3433.228480340064,total_vehicle_market_proxy,False
baseline,2024,12085,0.02700044173186584,1.0,2024-12-02,observed_fit,3.783619817779763,140.1317747077577,total_vehicle_market_proxy,False
baseline,2024,12110,0.015250274310334036,1.0,2024-12-02,observed_fit,276.7477165033968,18147.064824654622,total_vehicle_market_proxy,False
baseline,2024,12120,0.023487977621512897,1.0,2024-12-02,observed_fit,7.405676973897076,315.29649309245485,total_vehicle_market_proxy,False
baseline,2024,12143,0.020796662471120678,1.0,2024-12-02,observed_fit,32.057005420839985,1541.4495217853348,total_vehicle_market_proxy,False
baseline,2024,12147,0.005117578805552958,1.0,2024-12-02,observed_fit,1.792838500572357,350.32943676939425,total_vehicle_market_proxy,False
baseline,2024,12158,0.020542482713525285,1.0,2024-12-02,observed_fit,89.95795498592913,4379.117959617428,total_vehicle_market_proxy,False
baseline,2024,12159,0.018003998441217545,1.0,2024-12-02,observed_fit,235.8941656932289,13102.320935175345,total_vehicle_market_proxy,False
baseline,2024,12161,0.00099475065140675,1.0,2024-12-02,observed_fit,0.0019895013028135,2.0,market_size,False
baseline,2024,12183,0.016490699522726558,1.0,2024-12-02,observed_fit,21.95327440777443,1331.251859723698,total_vehicle_market_proxy,False
baseline,2024,12186,0.018442527232445046,1.0,2024-12-02,observed_fit,133.0957796657018,7216.786397449522,total_vehicle_market_proxy,False
baseline,2024,12189,0.020748281314992633,1.0,2024-12-02,observed_fit,180.99146930465648,8723.202975557917,total_vehicle_market_proxy,False
baseline,2024,12193,0.021837369903483003,1.0,2024-12-02,observed_fit,14.53551964774303,665.625929861849,total_vehicle_market_proxy,False
baseline,2024,12202,0.016188296003051026,1.0,2024-12-02,observed_fit,39.1315326849352,2417.2731137088203,total_vehicle_market_proxy,False
baseline,2024,12203,0.01892420283197058,1.0,2024-12-02,observed_fit,368.611615760532,19478.31668437832,total_vehicle_market_proxy,False
baseline,2024,12204,0.01804456549120827,1.0,2024-12-02,observed_fit,98.6160624584217,5465.139213602551,total_vehicle_market_proxy,False
baseline,2024,12205,0.017839388371636435,1.0,2024-12-02,observed_fit,287.4844925051102,16115.154091392136,total_vehicle_market_proxy,False
baseline,2024,12206,0.021379611248286953,1.0,2024-12-02,observed_fit,76.39705310300194,3573.3602550478213,total_vehicle_market_proxy,False
baseline,2024,12207,0.013556691278235401,1.0,2024-12-02,observed_fit,126.80652413295248,9353.795961742826,total_vehicle_market_proxy,False
baseline,2024,12208,0.020508543799756807,1.0,2024-12-02,observed_fit,265.8356241381824,12962.189160467587,total_vehicle_market_proxy,False
baseline,2024,12209,0.017811792650203766,1.0,2024-12-02,observed_fit,76.12794250138928,4274.01912858661,total_vehicle_market_proxy,False
baseline,2024,12210,0.026893093609231717,1.0,2024-12-02,observed_fit,84.79298103397869,3152.9649309245483,total_vehicle_market_proxy,False
baseline,2024,12211,0.01785733987113175,1.0,2024-12-02,observed_fit,212.0767666726846,11876.167906482466,total_vehicle_market_proxy,False
baseline,2024,12222,0.03229105586899255,1.0,2024-12-02,observed_fit,7.918755190691243,245.230605738576,total_vehicle_market_proxy,False
baseline,2024,12469,0.031687579193879725,1.0,2024-12-02,observed_fit,7.770764240104223,245.230605738576,total_vehicle_market_proxy,False
baseline,2025,12007,0.007848264356438468,1.0,2025-12-08,future_forecast,0.5498956063216802,70.06588735387885,total_vehicle_market_proxy,False
baseline,2025,12009,0.02845557074963196,1.0,2025-12-08,future_forecast,187.41389258500004,6586.193411264612,total_vehicle_market_proxy,False
baseline,2025,12023,0.025682721158315488,1.0,2025-12-08,future_forecast,32.39068765715305,1261.1859723698194,total_vehicle_market_proxy,False
baseline,2025,12041,0.018159940491137477,1.0,2025-12-08,future_forecast,3.817177034415545,210.19766206163652,total_vehicle_market_proxy,False
baseline,2025,12045,0.017187116928303065,1.0,2025-12-08,future_forecast,6.623268292500348,385.3623804463337,total_vehicle_market_proxy,False
baseline,2025,12046,0.026907860488363217,1.0,2025-12-08,future_forecast,9.426615609557723,350.32943676939425,total_vehicle_market_proxy,False
baseline,2025,12047,0.025448935221114473,1.0,2025-12-08,future_forecast,353.9457923530352,13908.078639744952,total_vehicle_market_proxy,False
baseline,2025,12054,0.025413549805502405,1.0,2025-12-08,future_forecast,596.5086775080647,23472.072263549417,total_vehicle_market_proxy,False
baseline,2025,12059,0.03482936883656764,1.0,2025-12-08,future_forecast,40.26578545290918,1156.0871413390012,total_vehicle_market_proxy,False
baseline,2025,12067,0.03331295175025455,1.0,2025-12-08,future_forecast,23.341015247585368,700.6588735387885,total_vehicle_market_proxy,False
baseline,2025,12077,0.023381576249563975,1.0,2025-12-08,future_forecast,171.1972177602692,7321.88522848034,total_vehicle_market_proxy,False
baseline,2025,12084,0.03373801210679417,1.0,2025-12-08,future_forecast,115.83030403510362,3433.228480340064,total_vehicle_market_proxy,False
baseline,2025,12085,0.03767761592764755,1.0,2025-12-08,future_forecast,5.279831186698529,140.1317747077577,total_vehicle_market_proxy,False
baseline,2025,12110,0.023300937895047145,1.0,2025-12-08,future_forecast,422.843630456672,18147.064824654622,total_vehicle_market_proxy,False
baseline,2025,12120,0.030744601640647656,1.0,2025-12-08,future_forecast,9.69366507882074,315.29649309245485,total_vehicle_market_proxy,False
baseline,2025,12143,0.02900067862633395,1.0,2025-12-08,future_forecast,44.703082200012645,1541.4495217853348,total_vehicle_market_proxy,False
baseline,2025,12147,0.01210641851197678,1.0,2025-12-08,future_forecast,4.241234778595393,350.32943676939425,total_vehicle_market_proxy,False
baseline,2025,12158,0.028140077787609904,1.0,2025-12-08,future_forecast,123.22872002475398,4379.117959617428,total_vehicle_market_proxy,False
baseline,2025,12159,0.025359284021702906,1.0,2025-12-08,future_forecast,332.2654779386156,13102.320935175345,total_vehicle_market_proxy,False
baseline,2025,12161,0.001085279055687,1.0,2025-12-08,future_forecast,0.002170558111374,2.0,market_size,False
baseline,2025,12183,0.025469187488710687,1.0,2025-12-08,future_forecast,33.905903209997646,1331.251859723698,total_vehicle_market_proxy,False
baseline,2025,12186,0.02558453337168544,1.0,2025-12-08,future_forecast,184.63811242187285,7216.786397449522,total_vehicle_market_proxy,False
baseline,2025,12189,0.028919523573225924,1.0,2025-12-08,future_forecast,252.2708740856817,8723.202975557917,total_vehicle_market_proxy,False
baseline,2025,12193,0.031587722093368256,1.0,2025-12-08,future_forecast,21.02560689061592,665.625929861849,total_vehicle_market_proxy,False
baseline,2025,12202,0.024323315300628694,1.0,2025-12-08,future_forecast,58.796096112472114,2417.2731137088203,total_vehicle_market_proxy,False
baseline,2025,12203,0.02700122278482433,1.0,2025-12-08,future_forecast,525.9383682682598,19478.31668437832,total_vehicle_market_proxy,False
baseline,2025,12204,0.0265281575198532,1.0,2025-12-08,future_forecast,144.9800739263751,5465.139213602551,total_vehicle_market_proxy,False
baseline,2025,12205,0.027383768475532866,1.0,2025-12-08,future_forecast,441.29364858621847,16115.154091392136,total_vehicle_market_proxy,False
baseline,2025,12206,0.030680771363197017,1.0,2025-12-08,future_forecast,109.63344898345758,3573.3602550478213,total_vehicle_market_proxy,False
baseline,2025,12207,0.019715949805052747,1.0,2025-12-08,future_forecast,184.41897166842665,9353.795961742826,total_vehicle_market_proxy,False
baseline,2025,12208,0.028600366782736895,1.0,2025-12-08,future_forecast,370.7233642965894,12962.189160467587,total_vehicle_market_proxy,False
baseline,2025,12209,0.025725428940999443,1.0,2025-12-08,future_forecast,109.9509753849272,4274.01912858661,total_vehicle_market_proxy,False
baseline,2025,12210,0.03670697556718493,1.0,2025-12-08,future_forecast,115.7358066836383,3152.9649309245483,total_vehicle_market_proxy,False
baseline,2025,12211,0.025912241369414425,1.0,2025-12-08,future_forecast,307.73812933646684,11876.167906482466,total_vehicle_market_proxy,False
baseline,2025,12222,0.03718737071822546,1.0,2025-12-08,future_forecast,9.119481447055414,245.230605738576,total_vehicle_market_proxy,False
baseline,2025,12469,0.04005495791619996,1.0,2025-12-08,future_forecast,9.822701592622886,245.230605738576,total_vehicle_market_proxy,False
baseline,2026,12007,0.016210315859131547,1.0,2026-12-08,future_forecast,1.1357901649567068,70.06588735387885,total_vehicle_market_proxy,False
baseline,2026,12009,0.03846589496929038,1.0,2026-12-08,future_forecast,253.34382400513687,6586.193411264612,total_vehicle_market_proxy,False
baseline,2026,12023,0.0345807426061857,1.0,2026-12-08,future_forecast,43.61274748905276,1261.1859723698194,total_vehicle_market_proxy,False
baseline,2026,12041,0.025409253607991285,1.0,2026-12-08,future_forecast,5.340965703130971,210.19766206163652,total_vehicle_market_proxy,False
baseline,2026,12045,0.026022794638677543,1.0,2026-12-08,future_forecast,10.028206087826868,385.3623804463337,total_vehicle_market_proxy,False
baseline,2026,12046,0.03716533780298889,1.0,2026-12-08,future_forecast,13.020111859865375,350.32943676939425,total_vehicle_market_proxy,False
baseline,2026,12047,0.03585436730089741,1.0,2026-12-08,future_forecast,498.6653599991811,13908.078639744952,total_vehicle_market_proxy,False
baseline,2026,12054,0.034483635993882336,1.0,2026-12-08,future_forecast,809.4023959583399,23472.072263549417,total_vehicle_market_proxy,False
baseline,2026,12059,0.046120965903631156,1.0,2026-12-08,future_forecast,53.31985562732248,1156.0871413390012,total_vehicle_market_proxy,False
baseline,2026,12067,0.0428792523038174,1.0,2026-12-08,future_forecast,30.0437286173782,700.6588735387885,total_vehicle_market_proxy,False
baseline,2026,12077,0.03253311079123864,1.0,2026-12-08,future_forecast,238.20370333888457,7321.88522848034,total_vehicle_market_proxy,False
baseline,2026,12084,0.044836771838956485,1.0,2026-12-08,future_forecast,153.93488204401476,3433.228480340064,total_vehicle_market_proxy,False
baseline,2026,12085,0.0503506715838649,1.0,2026-12-08,future_forecast,7.055728966774454,140.1317747077577,total_vehicle_market_proxy,False
baseline,2026,12110,0.03355336900767946,1.0,2026-12-08,future_forecast,608.8951624679165,18147.064824654622,total_vehicle_market_proxy,False
baseline,2026,12120,0.04016767970150333,1.0,2026-12-08,future_forecast,12.664728545544984,315.29649309245485,total_vehicle_market_proxy,False
baseline,2026,12143,0.03886090718853057,1.0,2026-12-08,future_forecast,59.902126801904735,1541.4495217853348,total_vehicle_market_proxy,False
baseline,2026,12147,0.02083005445898749,1.0,2026-12-08,future_forecast,7.297381246492897,350.32943676939425,total_vehicle_market_proxy,False
baseline,2026,12158,0.03756592580763975,1.0,2026-12-08,future_forecast,164.50562037389105,4379.117959617428,total_vehicle_market_proxy,False
baseline,2026,12159,0.03441165264553497,1.0,2026-12-08,future_forecast,450.8725168715748,13102.320935175345,total_vehicle_market_proxy,False
baseline,2026,12161,0.00121142860094745,1.0,2026-12-08,future_forecast,0.0024228572018949,2.0,market_size,False
baseline,2026,12183,0.03666575357748648,1.0,2026-12-08,future_forecast,48.81135263819971,1331.251859723698,total_vehicle_market_proxy,False
baseline,2026,12186,0.03449525879559957,1.0,2026-12-08,future_forecast,248.944914452584,7216.786397449522,total_vehicle_market_proxy,False
baseline,2026,12189,0.038975028864612515,1.0,2026-12-08,future_forecast,339.9870877642436,8723.202975557917,total_vehicle_market_proxy,False
baseline,2026,12193,0.04270110679150988,1.0,2026-12-08,future_forecast,28.42296391422888,665.625929861849,total_vehicle_market_proxy,False
baseline,2026,12202,0.0349141825476045,1.0,2026-12-08,future_forecast,84.39711475944608,2417.2731137088203,total_vehicle_market_proxy,False
baseline,2026,12203,0.03699059799904173,1.0,2026-12-08,future_forecast,720.5145821698658,19478.31668437832,total_vehicle_market_proxy,False
baseline,2026,12204,0.03721054424680496,1.0,2026-12-08,future_forecast,203.36080452270656,5465.139213602551,total_vehicle_market_proxy,False
baseline,2026,12205,0.03928440988549485,1.0,2026-12-08,future_forecast,633.074318694158,16115.154091392136,total_vehicle_market_proxy,False
baseline,2026,12206,0.042470940317594776,1.0,2026-12-08,future_forecast,151.76397012540127,3573.3602550478213,total_vehicle_market_proxy,False
baseline,2026,12207,0.027413853689431538,1.0,2026-12-08,future_forecast,256.4235939360134,9353.795961742826,total_vehicle_market_proxy,False
baseline,2026,12208,0.03867520485448655,1.0,2026-12-08,future_forecast,501.31532114368895,12962.189160467587,total_vehicle_market_proxy,False
baseline,2026,12209,0.03555129143949113,1.0,2026-12-08,future_forecast,151.9468996583425,4274.01912858661,total_vehicle_market_proxy,False
baseline,2026,12210,0.04864401307192408,1.0,2026-12-08,future_forecast,153.37286731521192,3152.9649309245483,total_vehicle_market_proxy,False
baseline,2026,12211,0.03584181650894628,1.0,2026-12-08,future_forecast,425.6634309335812,11876.167906482466,total_vehicle_market_proxy,False
baseline,2026,12222,0.04355166605777911,1.0,2026-12-08,future_forecast,10.680201448273351,245.230605738576,total_vehicle_market_proxy,False
baseline,2026,12469,0.05047205270935792,1.0,2026-12-08,future_forecast,12.37729205878518,245.230605738576,total_vehicle_market_proxy,False
baseline,2027,12007,0.02355109439738428,1.0,2027-09-08,future_forecast,1.6501283271076943,70.06588735387885,total_vehicle_market_proxy,False
baseline,2027,12009,0.0473999143425048,1.0,2027-09-08,future_forecast,312.1850035371121,6586.193411264612,total_vehicle_market_proxy,False
baseline,2027,12023,0.04260375097305093,1.0,2027-09-08,future_forecast,53.73125309754887,1261.1859723698194,total_vehicle_market_proxy,False
baseline,2027,12041,0.031995012093507476,1.0,2027-09-08,future_forecast,6.7252767396890585,210.19766206163652,total_vehicle_market_proxy,False
baseline,2027,12045,0.03388361949315548,1.0,2027-09-08,future_forecast,13.057472266020191,385.3623804463337,total_vehicle_market_proxy,False
baseline,2027,12046,0.04627533076087603,1.0,2027-09-08,future_forecast,16.211610561775124,350.32943676939425,total_vehicle_market_proxy,False
baseline,2027,12047,0.04506377591495882,1.0,2027-09-08,future_forecast,626.7505392290917,13908.078639744952,total_vehicle_market_proxy,False
baseline,2027,12054,0.042640127645098974,1.0,2027-09-08,future_forecast,1000.8521574127344,23472.072263549417,total_vehicle_market_proxy,False
baseline,2027,12059,0.05610841088055139,1.0,2027-09-08,future_forecast,64.86621233997077,1156.0871413390012,total_vehicle_market_proxy,False
baseline,2027,12067,0.05152026502229781,1.0,2027-09-08,future_forecast,36.09813085494303,700.6588735387885,total_vehicle_market_proxy,False
baseline,2027,12077,0.0407287453125236,1.0,2027-09-08,future_forecast,298.2111986783044,7321.88522848034,total_vehicle_market_proxy,False
baseline,2027,12084,0.054667048925017524,1.0,2027-09-08,future_forecast,187.68446930551383,3433.228480340064,total_vehicle_market_proxy,False
baseline,2027,12085,0.06140010894875177,1.0,2027-09-08,future_forecast,8.60410623423826,140.1317747077577,total_vehicle_market_proxy,False
baseline,2027,12110,0.042618603350655974,1.0,2027-09-08,future_forecast,773.4025577405966,18147.064824654622,total_vehicle_market_proxy,False
baseline,2027,12120,0.04866738584253755,1.0,2027-09-08,future_forecast,15.344656084129475,315.29649309245485,total_vehicle_market_proxy,False
baseline,2027,12143,0.04768357990286598,1.0,2027-09-08,future_forecast,73.50183143828556,1541.4495217853348,total_vehicle_market_proxy,False
baseline,2027,12147,0.0285288381722174,1.0,2027-09-08,future_forecast,9.994491808558116,350.32943676939425,total_vehicle_market_proxy,False
baseline,2027,12158,0.04603732174565533,1.0,2027-09-08,future_forecast,201.6028624690852,4379.117959617428,total_vehicle_market_proxy,False
baseline,2027,12159,0.042553378180805276,1.0,2027-09-08,future_forecast,557.5480178007987,13102.320935175345,total_vehicle_market_proxy,False
baseline,2027,12161,0.00135017783943695,1.0,2027-09-08,future_forecast,0.0027003556788739,2.0,market_size,False
baseline,2027,12183,0.046490404768440075,1.0,2027-09-08,future_forecast,61.89043780729333,1331.251859723698,total_vehicle_market_proxy,False
baseline,2027,12186,0.04252713526400689,1.0,2027-09-08,future_forecast,306.90925129578085,7216.786397449522,total_vehicle_market_proxy,False
baseline,2027,12189,0.04794953141582648,1.0,2027-09-08,future_forecast,418.2734951231454,8723.202975557917,total_vehicle_market_proxy,False
baseline,2027,12193,0.05252226907491222,1.0,2027-09-08,future_forecast,34.960184191442686,665.625929861849,total_vehicle_market_proxy,False
baseline,2027,12202,0.04425597742507079,1.0,2027-09-08,future_forecast,106.97878435052814,2417.2731137088203,total_vehicle_market_proxy,False
baseline,2027,12203,0.04589180368384543,1.0,2027-09-08,future_forecast,893.8950853712607,19478.31668437832,total_vehicle_market_proxy,False
baseline,2027,12204,0.046647580770655485,1.0,2027-09-08,future_forecast,254.9355228894016,5465.139213602551,total_vehicle_market_proxy,False
baseline,2027,12205,0.049668751194102766,1.0,2027-09-08,future_forecast,800.4195790199832,16115.154091392136,total_vehicle_market_proxy,False
baseline,2027,12206,0.05280089277510141,1.0,2027-09-08,future_forecast,188.67661167358904,3573.3602550478213,total_vehicle_market_proxy,False
baseline,2027,12207,0.034389169189314145,1.0,2027-09-08,future_forecast,321.6692718906975,9353.795961742826,total_vehicle_market_proxy,False
baseline,2027,12208,0.04766127264492832,1.0,2027-09-08,future_forecast,617.7944316521802,12962.189160467587,total_vehicle_market_proxy,False
baseline,2027,12209,0.044309331824850764,1.0,2027-09-08,future_forecast,189.37893179430364,4274.01912858661,total_vehicle_market_proxy,False
baseline,2027,12210,0.05913594894485488,1.0,2027-09-08,future_forecast,186.453573180072,3152.9649309245483,total_vehicle_market_proxy,False
baseline,2027,12211,0.04468358945762346,1.0,2027-09-08,future_forecast,530.669811063066,11876.167906482466,total_vehicle_market_proxy,False
baseline,2027,12222,0.0496953182146502,1.0,2027-09-08,future_forecast,12.186812988149958,245.230605738576,total_vehicle_market_proxy,False
baseline,2027,12469,0.059839803558573504,1.0,2027-09-08,future_forecast,14.674551273946376,245.230605738576,total_vehicle_market_proxy,False
tco,2018,12007,0.00028267379801638593,1.0,2018-12-02,observed_fit,0.0198057904897092,70.06588735387885,total_vehicle_market_proxy,False
tco,2018,12009,0.0005148540768407695,1.0,2018-12-02,observed_fit,3.3909285286514,6586.193411264612,total_vehicle_market_proxy,False
tco,2018,12023,0.0007887367720222202,1.0,2018-12-02,observed_fit,0.9947437527666764,1261.1859723698194,total_vehicle_market_proxy,False
tco,2018,12041,0.0002826737980163865,1.0,2018-12-02,observed_fit,0.0594173714691277,210.19766206163652,total_vehicle_market_proxy,False
tco,2018,12045,0.0002826737980163864,1.0,2018-12-02,observed_fit,0.1089318476934008,385.3623804463337,total_vehicle_market_proxy,False
tco,2018,12046,0.0005408733290218752,1.0,2018-12-02,observed_fit,0.1894838487198208,350.32943676939425,total_vehicle_market_proxy,False
tco,2018,12047,0.00048433089379390195,1.0,2018-12-02,observed_fit,6.736112158543548,13908.078639744952,total_vehicle_market_proxy,False
tco,2018,12054,0.0005194171668448619,1.0,2018-12-02,observed_fit,12.191797275110703,23472.072263549417,total_vehicle_market_proxy,False
tco,2018,12059,0.0004537074338234617,1.0,2018-12-02,observed_fit,0.5245253301732199,1156.0871413390012,total_vehicle_market_proxy,False
tco,2018,12067,0.0008449431766121554,1.0,2018-12-02,observed_fit,0.5920169343293584,700.6588735387885,total_vehicle_market_proxy,False
tco,2018,12077,0.00045887648003831513,1.0,2018-12-02,observed_fit,3.359840920889593,7321.88522848034,total_vehicle_market_proxy,False
tco,2018,12084,0.00039921136792672295,1.0,2018-12-02,observed_fit,1.3705838380415412,3433.228480340064,total_vehicle_market_proxy,False
tco,2018,12085,0.00028267379801638593,1.0,2018-12-02,observed_fit,0.0396115809794184,140.1317747077577,total_vehicle_market_proxy,False
tco,2018,12110,0.0005010838259177677,1.0,2018-12-02,observed_fit,9.093200671515683,18147.064824654622,total_vehicle_market_proxy,False
tco,2018,12120,0.0007736113459887367,1.0,2018-12-02,observed_fit,0.2439169444067824,315.29649309245485,total_vehicle_market_proxy,False
tco,2018,12143,0.0007726038267828153,1.0,2018-12-02,observed_fit,1.1909297993238903,1541.4495217853348,total_vehicle_market_proxy,False
tco,2018,12147,0.00028267379801638626,1.0,2018-12-02,observed_fit,0.0990289524485461,350.32943676939425,total_vehicle_market_proxy,False
tco,2018,12158,0.0006541611745204069,1.0,2018-12-02,observed_fit,2.8646489478267445,4379.117959617428,total_vehicle_market_proxy,False
tco,2018,12159,0.0004616875072853917,1.0,2018-12-02,observed_fit,6.049177892214307,13102.320935175345,total_vehicle_market_proxy,False
tco,2018,12161,0.00056534759603275,1.0,2018-12-02,observed_fit,0.0011306951920655,2.0,market_size,False
tco,2018,12183,0.00038351433285675404,1.0,2018-12-02,observed_fit,0.5105541688462472,1331.251859723698,total_vehicle_market_proxy,False
tco,2018,12186,0.0006079311324352353,1.0,2018-12-02,observed_fit,4.3873091271446905,7216.786397449522,total_vehicle_market_proxy,False
tco,2018,12189,0.0005913659355601956,1.0,2018-12-02,observed_fit,5.15860508872229,8723.202975557917,total_vehicle_market_proxy,False
tco,2018,12193,0.00048775942246802307,1.0,2018-12-02,observed_fit,0.3246653191291563,665.625929861849,total_vehicle_market_proxy,False
tco,2018,12202,0.0004391006504800302,1.0,2018-12-02,observed_fit,1.061426196617431,2417.2731137088203,total_vehicle_market_proxy,False
tco,2018,12203,0.0004982390385327758,1.0,2018-12-02,observed_fit,9.704857777061578,19478.31668437832,total_vehicle_market_proxy,False
tco,2018,12204,0.0005169489016465047,1.0,2018-12-02,observed_fit,2.8251977138170807,5465.139213602551,total_vehicle_market_proxy,False
tco,2018,12205,0.0005311003002093339,1.0,2018-12-02,observed_fit,8.55876317585804,16115.154091392136,total_vehicle_market_proxy,False
tco,2018,12206,0.0004875534877876563,1.0,2018-12-02,observed_fit,1.7422042554703543,3573.3602550478213,total_vehicle_market_proxy,False
tco,2018,12207,0.0004993951616726918,1.0,2018-12-02,observed_fit,4.671240446567929,9353.795961742826,total_vehicle_market_proxy,False
tco,2018,12208,0.0007351786143867099,1.0,2018-12-02,observed_fit,9.529524266410991,12962.189160467587,total_vehicle_market_proxy,False
tco,2018,12209,0.0005703107545145589,1.0,2018-12-02,observed_fit,2.437519074033887,4274.01912858661,total_vehicle_market_proxy,False
tco,2018,12210,0.000854393219240312,1.0,2018-12-02,observed_fit,2.693871857484433,3152.9649309245483,total_vehicle_market_proxy,False
tco,2018,12211,0.0005046400103706122,1.0,2018-12-02,observed_fit,5.993189495490444,11876.167906482466,total_vehicle_market_proxy,False
tco,2018,12222,0.003171305179547857,1.0,2018-12-02,observed_fit,0.7777010901624045,245.230605738576,total_vehicle_market_proxy,False
tco,2018,12469,0.0005604020305381974,1.0,2018-12-02,observed_fit,0.1374277294060101,245.230605738576,total_vehicle_market_proxy,False
tco,2019,12007,0.0005279752938736451,1.0,2019-12-02,observed_fit,0.0369930574661819,70.06588735387885,total_vehicle_market_proxy,False
tco,2019,12009,0.0014882472877471888,1.0,2019-12-02,observed_fit,9.801884480892964,6586.193411264612,total_vehicle_market_proxy,False
tco,2019,12023,0.0023784574649203037,1.0,2019-12-02,observed_fit,2.999677190635769,1261.1859723698194,total_vehicle_market_proxy,False
tco,2019,12041,0.0012694209939640353,1.0,2019-12-02,observed_fit,0.266829325103199,210.19766206163652,total_vehicle_market_proxy,False
tco,2019,12045,0.0005279752938736451,1.0,2019-12-02,observed_fit,0.2034618160640005,385.3623804463337,total_vehicle_market_proxy,False
tco,2019,12046,0.001507270799236114,1.0,2019-12-02,observed_fit,0.5280413301553425,350.32943676939425,total_vehicle_market_proxy,False
tco,2019,12047,0.001387836929423418,1.0,2019-12-02,observed_fit,19.30214515356306,13908.078639744952,total_vehicle_market_proxy,False
tco,2019,12054,0.0015138542523486288,1.0,2019-12-02,observed_fit,35.53329640760859,23472.072263549417,total_vehicle_market_proxy,False
tco,2019,12059,0.0012534996946742202,1.0,2019-12-02,observed_fit,1.44915487868523,1156.0871413390012,total_vehicle_market_proxy,False
tco,2019,12067,0.001971017830140734,1.0,2019-12-02,observed_fit,1.381011132591274,700.6588735387885,total_vehicle_market_proxy,False
tco,2019,12077,0.0012881141766453016,1.0,2019-12-02,observed_fit,9.431424162575349,7321.88522848034,total_vehicle_market_proxy,False
tco,2019,12084,0.0015933774902896194,1.0,2019-12-02,observed_fit,5.470428979595095,3433.228480340064,total_vehicle_market_proxy,False
tco,2019,12085,0.0005279752938736451,1.0,2019-12-02,observed_fit,0.0739861149323638,140.1317747077577,total_vehicle_market_proxy,False
tco,2019,12110,0.0012827953479935207,1.0,2019-12-02,observed_fit,23.278970336803805,18147.064824654622,total_vehicle_market_proxy,False
tco,2019,12120,0.0018698906290735438,1.0,2019-12-02,observed_fit,0.5895699578133327,315.29649309245485,total_vehicle_market_proxy,False
tco,2019,12143,0.002254296511223231,1.0,2019-12-02,observed_fit,3.474884279187398,1541.4495217853348,total_vehicle_market_proxy,False
tco,2019,12147,0.0005279752938736451,1.0,2019-12-02,observed_fit,0.1849652873309095,350.32943676939425,total_vehicle_market_proxy,False
tco,2019,12158,0.0021834605473133,1.0,2019-12-02,observed_fit,9.56163129685577,4379.117959617428,total_vehicle_market_proxy,False
tco,2019,12159,0.001371670369614044,1.0,2019-12-02,observed_fit,17.97206539995379,13102.320935175345,total_vehicle_market_proxy,False
tco,2019,12161,0.00105595058774725,1.0,2019-12-02,observed_fit,0.0021119011754945,2.0,market_size,False
tco,2019,12183,0.0009655140676930002,1.0,2019-12-02,observed_fit,1.285342398205699,1331.251859723698,total_vehicle_market_proxy,False
tco,2019,12186,0.0017599727598999512,1.0,2019-12-02,observed_fit,12.701347473527662,7216.786397449522,total_vehicle_market_proxy,False
tco,2019,12189,0.0018273941287981405,1.0,2019-12-02,observed_fit,15.940729901849007,8723.202975557917,total_vehicle_market_proxy,False
tco,2019,12193,0.001889556674032029,1.0,2019-12-02,observed_fit,1.257737918179232,665.625929861849,total_vehicle_market_proxy,False
tco,2019,12202,0.0012797573811594604,1.0,2019-12-02,observed_fit,3.0935231095471742,2417.2731137088203,total_vehicle_market_proxy,False
tco,2019,12203,0.0014829112359807692,1.0,2019-12-02,observed_fit,28.88461466925629,19478.31668437832,total_vehicle_market_proxy,False
tco,2019,12204,0.001442195939661292,1.0,2019-12-02,observed_fit,7.881801583541305,5465.139213602551,total_vehicle_market_proxy,False
tco,2019,12205,0.0014679620645954444,1.0,2019-12-02,observed_fit,23.656434871273724,16115.154091392136,total_vehicle_market_proxy,False
tco,2019,12206,0.0015761110800729555,1.0,2019-12-02,observed_fit,5.632012691073193,3573.3602550478213,total_vehicle_market_proxy,False
tco,2019,12207,0.001527099753108002,1.0,2019-12-02,observed_fit,14.284179503800097,9353.795961742826,total_vehicle_market_proxy,False
tco,2019,12208,0.002157368231075972,1.0,2019-12-02,observed_fit,27.964215099990096,12962.189160467587,total_vehicle_market_proxy,False
tco,2019,12209,0.0018946519462209245,1.0,2019-12-02,observed_fit,8.097778660162081,4274.01912858661,total_vehicle_market_proxy,False
tco,2019,12210,0.0024867301775869364,1.0,2019-12-02,observed_fit,7.840573042603385,3152.9649309245483,total_vehicle_market_proxy,False
tco,2019,12211,0.0014867189189548481,1.0,2019-12-02,observed_fit,17.656523511251873,11876.167906482466,total_vehicle_market_proxy,False
tco,2019,12222,0.00916659395063575,1.0,2019-12-02,observed_fit,2.247929387073971,245.230605738576,total_vehicle_market_proxy,False
tco,2019,12469,0.0024689467330945795,1.0,2019-12-02,observed_fit,0.6054613028930621,245.230605738576,total_vehicle_market_proxy,False
tco,2020,12007,0.0007142936598302807,1.0,2020-12-02,observed_fit,0.0500476191072583,70.06588735387885,total_vehicle_market_proxy,False
tco,2020,12009,0.003116112693247248,1.0,2020-12-02,observed_fit,20.52332088902305,6586.193411264612,total_vehicle_market_proxy,False
tco,2020,12023,0.004080610774996721,1.0,2020-12-02,observed_fit,5.146409068127001,1261.1859723698194,total_vehicle_market_proxy,False
tco,2020,12041,0.0026369318733988436,1.0,2020-12-02,observed_fit,0.5542769148042482,210.19766206163652,total_vehicle_market_proxy,False
tco,2020,12045,0.0010708174072134352,1.0,2020-12-02,observed_fit,0.4126527450671405,385.3623804463337,total_vehicle_market_proxy,False
tco,2020,12046,0.002347547298658864,1.0,2020-12-02,observed_fit,0.8224149229286727,350.32943676939425,total_vehicle_market_proxy,False
tco,2020,12047,0.0027071146858093503,1.0,2020-12-02,observed_fit,37.65076393704489,13908.078639744952,total_vehicle_market_proxy,False
tco,2020,12054,0.0029841694670130273,1.0,2020-12-02,observed_fit,70.04464137640753,23472.072263549417,total_vehicle_market_proxy,False
tco,2020,12059,0.0024366018060486714,1.0,2020-12-02,observed_fit,2.816924016536256,1156.0871413390012,total_vehicle_market_proxy,False
tco,2020,12067,0.00408146475895305,1.0,2020-12-02,observed_fit,2.859714500396307,700.6588735387885,total_vehicle_market_proxy,False
tco,2020,12077,0.0024814241212614413,1.0,2020-12-02,observed_fit,18.168702619058955,7321.88522848034,total_vehicle_market_proxy,False
tco,2020,12084,0.0033977528385644817,1.0,2020-12-02,observed_fit,11.665261814515874,3433.228480340064,total_vehicle_market_proxy,False
tco,2020,12085,0.0019982838122321895,1.0,2020-12-02,observed_fit,0.2800230569778804,140.1317747077577,total_vehicle_market_proxy,False
tco,2020,12110,0.0023977731323500595,1.0,2020-12-02,observed_fit,43.51254446757169,18147.064824654622,total_vehicle_market_proxy,False
tco,2020,12120,0.005174809915595116,1.0,2020-12-02,observed_fit,1.6315994188072025,315.29649309245485,total_vehicle_market_proxy,False
tco,2020,12143,0.004214769456776256,1.0,2020-12-02,observed_fit,6.496854363583195,1541.4495217853348,total_vehicle_market_proxy,False
tco,2020,12147,0.0007142936598302814,1.0,2020-12-02,observed_fit,0.2502380955362918,350.32943676939425,total_vehicle_market_proxy,False
tco,2020,12158,0.004239562727426334,1.0,2020-12-02,observed_fit,18.565545280597306,4379.117959617428,total_vehicle_market_proxy,False
tco,2020,12159,0.0027493208061655228,1.0,2020-12-02,observed_fit,36.02248355613568,13102.320935175345,total_vehicle_market_proxy,False
tco,2020,12161,0.00142858731966055,1.0,2020-12-02,observed_fit,0.0028571746393211,2.0,market_size,False
tco,2020,12183,0.0016938614051187012,1.0,2020-12-02,observed_fit,2.2549561456784675,1331.251859723698,total_vehicle_market_proxy,False
tco,2020,12186,0.003271489224773946,1.0,2020-12-02,observed_fit,23.609638936751296,7216.786397449522,total_vehicle_market_proxy,False
tco,2020,12189,0.0036543349814431095,1.0,2020-12-02,observed_fit,31.87750578380992,8723.202975557917,total_vehicle_market_proxy,False
tco,2020,12193,0.003592311457965272,1.0,2020-12-02,observed_fit,2.391135654561509,665.625929861849,total_vehicle_market_proxy,False
tco,2020,12202,0.002654027969874417,1.0,2020-12-02,observed_fit,6.415510454608632,2417.2731137088203,total_vehicle_market_proxy,False
tco,2020,12203,0.0029717464987328635,1.0,2020-12-02,observed_fit,57.88461940801119,19478.31668437832,total_vehicle_market_proxy,False
tco,2020,12204,0.0027375358566521196,1.0,2020-12-02,observed_fit,14.961014558832549,5465.139213602551,total_vehicle_market_proxy,False
tco,2020,12205,0.0027186308345124206,1.0,2020-12-02,observed_fit,43.811154815777655,16115.154091392136,total_vehicle_market_proxy,False
tco,2020,12206,0.003678136209412076,1.0,2020-12-02,observed_fit,13.143305743365362,3573.3602550478213,total_vehicle_market_proxy,False
tco,2020,12207,0.002889791843153261,1.0,2020-12-02,observed_fit,27.03052327276433,9353.795961742826,total_vehicle_market_proxy,False
tco,2020,12208,0.004064346575760881,1.0,2020-12-02,observed_fit,52.68282912871124,12962.189160467587,total_vehicle_market_proxy,False
tco,2020,12209,0.003460148684273854,1.0,2020-12-02,observed_fit,14.788741664340243,4274.01912858661,total_vehicle_market_proxy,False
tco,2020,12210,0.004570200310667737,1.0,2020-12-02,observed_fit,14.40968130683585,3152.9649309245483,total_vehicle_market_proxy,False
tco,2020,12211,0.0028016606080260714,1.0,2020-12-02,observed_fit,33.27299179789538,11876.167906482466,total_vehicle_market_proxy,False
tco,2020,12222,0.014648291069927254,1.0,2020-12-02,observed_fit,3.592209292113234,245.230605738576,total_vehicle_market_proxy,False
tco,2020,12469,0.006260330566346439,1.0,2020-12-02,observed_fit,1.53522465690886,245.230605738576,total_vehicle_market_proxy,False
tco,2021,12007,0.0009401516245544015,1.0,2021-12-01,observed_fit,0.0658725578215949,70.06588735387885,total_vehicle_market_proxy,False
tco,2021,12009,0.005394498597536527,1.0,2021-12-01,observed_fit,35.52921112017127,6586.193411264612,total_vehicle_market_proxy,False
tco,2021,12023,0.006069339292326055,1.0,2021-12-01,observed_fit,7.654565577034587,1261.1859723698194,total_vehicle_market_proxy,False
tco,2021,12041,0.0038868617181950674,1.0,2021-12-01,observed_fit,0.8170092459214786,210.19766206163652,total_vehicle_market_proxy,False
tco,2021,12045,0.0026626684933418227,1.0,2021-12-01,observed_fit,1.0260922689336576,385.3623804463337,total_vehicle_market_proxy,False
tco,2021,12046,0.0031389328467863672,1.0,2021-12-01,observed_fit,1.0996605762716194,350.32943676939425,total_vehicle_market_proxy,False
tco,2021,12047,0.004573973430681458,1.0,2021-12-01,observed_fit,63.61518217002172,13908.078639744952,total_vehicle_market_proxy,False
tco,2021,12054,0.0051309331438881695,1.0,2021-12-01,observed_fit,120.43363353278392,23472.072263549417,total_vehicle_market_proxy,False
tco,2021,12059,0.005285832610554023,1.0,2021-12-01,observed_fit,6.11088311233187,1156.0871413390012,total_vehicle_market_proxy,False
tco,2021,12067,0.007309405154591896,1.0,2021-12-01,observed_fit,5.1213995818549725,700.6588735387885,total_vehicle_market_proxy,False
tco,2021,12077,0.004336522361273424,1.0,2021-12-01,observed_fit,31.75151901998257,7321.88522848034,total_vehicle_market_proxy,False
tco,2021,12084,0.006084784854964774,1.0,2021-12-01,observed_fit,20.890456660806947,3433.228480340064,total_vehicle_market_proxy,False
tco,2021,12085,0.0060055334001412955,1.0,2021-12-01,observed_fit,0.8415660534285141,140.1317747077577,total_vehicle_market_proxy,False
tco,2021,12110,0.0040747780352084284,1.0,2021-12-01,observed_fit,73.94526115100615,18147.064824654622,total_vehicle_market_proxy,False
tco,2021,12120,0.009514519435997196,1.0,2021-12-01,observed_fit,2.999894611629917,315.29649309245485,total_vehicle_market_proxy,False
tco,2021,12143,0.006913478503526051,1.0,2021-12-01,observed_fit,10.656778133133423,1541.4495217853348,total_vehicle_market_proxy,False
tco,2021,12147,0.0009401516245544027,1.0,2021-12-01,observed_fit,0.3293627891079749,350.32943676939425,total_vehicle_market_proxy,False
tco,2021,12158,0.007038772317248406,1.0,2021-12-01,observed_fit,30.823614268120476,4379.117959617428,total_vehicle_market_proxy,False
tco,2021,12159,0.004818217621942771,1.0,2021-12-01,observed_fit,63.129833618211535,13102.320935175345,total_vehicle_market_proxy,False
tco,2021,12161,0.0018803032491088,1.0,2021-12-01,observed_fit,0.0037606064982176,2.0,market_size,False
tco,2021,12183,0.0033719962752486532,1.0,2021-12-01,observed_fit,4.488976312406153,1331.251859723698,total_vehicle_market_proxy,False
tco,2021,12186,0.005541194542195852,1.0,2021-12-01,observed_fit,39.98961739774055,7216.786397449522,total_vehicle_market_proxy,False
tco,2021,12189,0.006129514749751855,1.0,2021-12-01,observed_fit,53.46900130376152,8723.202975557917,total_vehicle_market_proxy,False
tco,2021,12193,0.006173401330960257,1.0,2021-12-01,observed_fit,4.109176001330797,665.625929861849,total_vehicle_market_proxy,False
tco,2021,12202,0.0045474145419331525,1.0,2021-12-01,observed_fit,10.99234290910352,2417.2731137088203,total_vehicle_market_proxy,False
tco,2021,12203,0.005165424519131273,1.0,2021-12-01,observed_fit,100.61377459289152,19478.31668437832,total_vehicle_market_proxy,False
tco,2021,12204,0.004773555205101489,1.0,2021-12-01,observed_fit,26.088143739696715,5465.139213602551,total_vehicle_market_proxy,False
tco,2021,12205,0.004681698932386939,1.0,2021-12-01,observed_fit,75.44629970492157,16115.154091392136,total_vehicle_market_proxy,False
tco,2021,12206,0.006331791723852055,1.0,2021-12-01,observed_fit,22.625772889253664,3573.3602550478213,total_vehicle_market_proxy,False
tco,2021,12207,0.004652274026411792,1.0,2021-12-01,observed_fit,43.516422001171655,9353.795961742826,total_vehicle_market_proxy,False
tco,2021,12208,0.006584362083919603,1.0,2021-12-01,observed_fit,85.34774683277645,12962.189160467587,total_vehicle_market_proxy,False
tco,2021,12209,0.0054887609215337665,1.0,2021-12-01,observed_fit,23.45906917087399,4274.01912858661,total_vehicle_market_proxy,False
tco,2021,12210,0.007546793691364027,1.0,2021-12-01,observed_fit,23.794775849793396,3152.9649309245483,total_vehicle_market_proxy,False
tco,2021,12211,0.004634888971872775,1.0,2021-12-01,observed_fit,55.04471965786496,11876.167906482466,total_vehicle_market_proxy,False
tco,2021,12222,0.019451530163940193,1.0,2021-12-01,observed_fit,4.770110524645236,245.230605738576,total_vehicle_market_proxy,False
tco,2021,12469,0.010842871762123034,1.0,2021-12-01,observed_fit,2.6590040101711323,245.230605738576,total_vehicle_market_proxy,False
tco,2022,12007,0.0012107637083063907,1.0,2022-12-02,observed_fit,0.0848332335983602,70.06588735387885,total_vehicle_market_proxy,False
tco,2022,12009,0.0089925516556566,1.0,2022-12-02,observed_fit,59.226684464942174,6586.193411264612,total_vehicle_market_proxy,False
tco,2022,12023,0.008731266290136406,1.0,2022-12-02,observed_fit,11.011750566145508,1261.1859723698194,total_vehicle_market_proxy,False
tco,2022,12041,0.0067442603900317805,1.0,2022-12-02,observed_fit,1.417627766319581,210.19766206163652,total_vehicle_market_proxy,False
tco,2022,12045,0.004769042935570426,1.0,2022-12-02,observed_fit,1.8378097381021905,385.3623804463337,total_vehicle_market_proxy,False
tco,2022,12046,0.006100250271636966,1.0,2022-12-02,observed_fit,2.1370972418149226,350.32943676939425,total_vehicle_market_proxy,False
tco,2022,12047,0.007430814204310587,1.0,2022-12-02,observed_fit,103.34834831088546,13908.078639744952,total_vehicle_market_proxy,False
tco,2022,12054,0.00830423065038798,1.0,2022-12-02,observed_fit,194.91750191908864,23472.072263549417,total_vehicle_market_proxy,False
tco,2022,12059,0.010083065927052992,1.0,2022-12-02,observed_fit,11.65690286353938,1156.0871413390012,total_vehicle_market_proxy,False
tco,2022,12067,0.011859381050305411,1.0,2022-12-02,observed_fit,8.309380567574244,700.6588735387885,total_vehicle_market_proxy,False
tco,2022,12077,0.007092386195195449,1.0,2022-12-02,observed_fit,51.92963771727944,7321.88522848034,total_vehicle_market_proxy,False
tco,2022,12084,0.01051756023094653,1.0,2022-12-02,observed_fit,36.10918732857765,3433.228480340064,total_vehicle_market_proxy,False
tco,2022,12085,0.012360409198206601,1.0,2022-12-02,observed_fit,1.7320860770587834,140.1317747077577,total_vehicle_market_proxy,False
tco,2022,12110,0.006393535907633174,1.0,2022-12-02,observed_fit,116.02391057457623,18147.064824654622,total_vehicle_market_proxy,False
tco,2022,12120,0.01374974731131289,1.0,2022-12-02,observed_fit,4.335247108164364,315.29649309245485,total_vehicle_market_proxy,False
tco,2022,12143,0.010723319790835758,1.0,2022-12-02,observed_fit,16.529456163534995,1541.4495217853348,total_vehicle_market_proxy,False
tco,2022,12147,0.0012107637083063907,1.0,2022-12-02,observed_fit,0.424166167991801,350.32943676939425,total_vehicle_market_proxy,False
tco,2022,12158,0.010436698575349984,1.0,2022-12-02,observed_fit,45.70353417042874,4379.117959617428,total_vehicle_market_proxy,False
tco,2022,12159,0.00791698872577192,1.0,2022-12-02,observed_fit,103.7309271252286,13102.320935175345,total_vehicle_market_proxy,False
tco,2022,12161,0.00242152741661275,1.0,2022-12-02,observed_fit,0.0048430548332255,2.0,market_size,False
tco,2022,12183,0.006232986014198057,1.0,2022-12-02,observed_fit,8.297674223032963,1331.251859723698,total_vehicle_market_proxy,False
tco,2022,12186,0.008696660465401832,1.0,2022-12-02,observed_fit,62.761940949948965,7216.786397449522,total_vehicle_market_proxy,False
tco,2022,12189,0.009592927928694194,1.0,2022-12-02,observed_fit,83.68105745189784,8723.202975557917,total_vehicle_market_proxy,False
tco,2022,12193,0.009411799196638503,1.0,2022-12-02,observed_fit,6.264737591935507,665.625929861849,total_vehicle_market_proxy,False
tco,2022,12202,0.007060716518631932,1.0,2022-12-02,observed_fit,17.067680204008713,2417.2731137088203,total_vehicle_market_proxy,False
tco,2022,12203,0.008461964564899636,1.0,2022-12-02,observed_fit,164.8248255671027,19478.31668437832,total_vehicle_market_proxy,False
tco,2022,12204,0.007845680115835814,1.0,2022-12-02,observed_fit,42.87773405843611,5465.139213602551,total_vehicle_market_proxy,False
tco,2022,12205,0.0074588994272924685,1.0,2022-12-02,observed_fit,120.20131362301468,16115.154091392136,total_vehicle_market_proxy,False
tco,2022,12206,0.009747298373104894,1.0,2022-12-02,observed_fit,34.83060860054532,3573.3602550478213,total_vehicle_market_proxy,False
tco,2022,12207,0.006609307527038034,1.0,2022-12-02,observed_fit,61.82211405632483,9353.795961742826,total_vehicle_market_proxy,False
tco,2022,12208,0.009818434544917407,1.0,2022-12-02,observed_fit,127.26840583088892,12962.189160467587,total_vehicle_market_proxy,False
tco,2022,12209,0.008283766028654767,1.0,2022-12-02,observed_fit,35.404974463206415,4274.01912858661,total_vehicle_market_proxy,False
tco,2022,12210,0.012322550909323401,1.0,2022-12-02,observed_fit,38.85257087662909,3152.9649309245483,total_vehicle_market_proxy,False
tco,2022,12211,0.007616923689874165,1.0,2022-12-02,observed_fit,90.45986467180956,11876.167906482466,total_vehicle_market_proxy,False
tco,2022,12222,0.023684888313035272,1.0,2022-12-02,observed_fit,5.808259507856159,245.230605738576,total_vehicle_market_proxy,False
tco,2022,12469,0.017344493975611455,1.0,2022-12-02,observed_fit,4.25340076386828,245.230605738576,total_vehicle_market_proxy,False
tco,2023,12007,0.001304158745480482,1.0,2023-12-02,observed_fit,0.0913770397524114,70.06588735387885,total_vehicle_market_proxy,False
tco,2023,12009,0.014063813326490789,1.0,2023-12-02,observed_fit,92.62699466818908,6586.193411264612,total_vehicle_market_proxy,False
tco,2023,12023,0.012458256208768937,1.0,2023-12-02,observed_fit,15.712177970688591,1261.1859723698194,total_vehicle_market_proxy,False
tco,2023,12041,0.009985537587305467,1.0,2023-12-02,observed_fit,2.098936655280204,210.19766206163652,total_vehicle_market_proxy,False
tco,2023,12045,0.007223965471988794,1.0,2023-12-02,observed_fit,2.783844530547724,385.3623804463337,total_vehicle_market_proxy,False
tco,2023,12046,0.01185389136371677,1.0,2023-12-02,observed_fit,4.152767084976483,350.32943676939425,total_vehicle_market_proxy,False
tco,2023,12047,0.01149213140731629,1.0,2023-12-02,observed_fit,159.83346735123777,13908.078639744952,total_vehicle_market_proxy,False
tco,2023,12054,0.012594117589433539,1.0,2023-12-02,observed_fit,295.6100381548228,23472.072263549417,total_vehicle_market_proxy,False
tco,2023,12059,0.01691649508543487,1.0,2023-12-02,observed_fit,19.556942444795663,1156.0871413390012,total_vehicle_market_proxy,False
tco,2023,12067,0.01771680152885423,1.0,2023-12-02,observed_fit,12.413434201917289,700.6588735387885,total_vehicle_market_proxy,False
tco,2023,12077,0.010882469065000141,1.0,2023-12-02,observed_fit,79.68018949641879,7321.88522848034,total_vehicle_market_proxy,False
tco,2023,12084,0.016486720644927337,1.0,2023-12-02,observed_fit,56.60267886557504,3433.228480340064,total_vehicle_market_proxy,False
tco,2023,12085,0.018959408476971563,1.0,2023-12-02,observed_fit,2.656815557287331,140.1317747077577,total_vehicle_market_proxy,False
tco,2023,12110,0.009949838286925658,1.0,2023-12-02,observed_fit,180.5603603876704,18147.064824654622,total_vehicle_market_proxy,False
tco,2023,12120,0.018423037495968568,1.0,2023-12-02,observed_fit,5.808719114589691,315.29649309245485,total_vehicle_market_proxy,False
tco,2023,12143,0.01522979814690782,1.0,2023-12-02,observed_fit,23.47596507043824,1541.4495217853348,total_vehicle_market_proxy,False
tco,2023,12147,0.002340977818299739,1.0,2023-12-02,observed_fit,0.8201134405745929,350.32943676939425,total_vehicle_market_proxy,False
tco,2023,12158,0.014543971967253242,1.0,2023-12-02,observed_fit,63.68976884597109,4379.117959617428,total_vehicle_market_proxy,False
tco,2023,12159,0.012255718967695704,1.0,2023-12-02,observed_fit,160.57836320606498,13102.320935175345,total_vehicle_market_proxy,False
tco,2023,12161,0.00260831749096095,1.0,2023-12-02,observed_fit,0.0052166349819219,2.0,market_size,False
tco,2023,12183,0.010606951284439373,1.0,2023-12-02,observed_fit,14.120523623408584,1331.251859723698,total_vehicle_market_proxy,False
tco,2023,12186,0.012844456448262105,1.0,2023-12-02,observed_fit,92.69569857845076,7216.786397449522,total_vehicle_market_proxy,False
tco,2023,12189,0.014332238733118627,1.0,2023-12-02,observed_fit,125.02302756314684,8723.202975557917,total_vehicle_market_proxy,False
tco,2023,12193,0.014392401294835055,1.0,2023-12-02,observed_fit,9.579955494819464,665.625929861849,total_vehicle_market_proxy,False
tco,2023,12202,0.010485812650594367,1.0,2023-12-02,observed_fit,25.347072995669585,2417.2731137088203,total_vehicle_market_proxy,False
tco,2023,12203,0.01293400018769403,1.0,2023-12-02,observed_fit,251.9325516517129,19478.31668437832,total_vehicle_market_proxy,False
tco,2023,12204,0.012069748432608824,1.0,2023-12-02,observed_fit,65.9628554573684,5465.139213602551,total_vehicle_market_proxy,False
tco,2023,12205,0.011409736034505793,1.0,2023-12-02,observed_fit,183.8696543381703,16115.154091392136,total_vehicle_market_proxy,False
tco,2023,12206,0.01454155448890181,1.0,2023-12-02,observed_fit,51.96221285725396,3573.3602550478213,total_vehicle_market_proxy,False
tco,2023,12207,0.009365208607970212,1.0,2023-12-02,observed_fit,87.60025045811092,9353.795961742826,total_vehicle_market_proxy,False
tco,2023,12208,0.014341968090749986,1.0,2023-12-02,observed_fit,185.9033033256915,12962.189160467587,total_vehicle_market_proxy,False
tco,2023,12209,0.012150625999566116,1.0,2023-12-02,observed_fit,51.93200794644738,4274.01912858661,total_vehicle_market_proxy,False
tco,2023,12210,0.01845702792750926,1.0,2023-12-02,observed_fit,58.194361784531694,3152.9649309245483,total_vehicle_market_proxy,False
tco,2023,12211,0.011945047471840905,1.0,2023-12-02,observed_fit,141.86138942648648,11876.167906482466,total_vehicle_market_proxy,False
tco,2023,12222,0.027638123143840152,1.0,2023-12-02,observed_fit,6.777713680041277,245.230605738576,total_vehicle_market_proxy,False
tco,2023,12469,0.023932963639695253,1.0,2023-12-02,observed_fit,5.869095170481781,245.230605738576,total_vehicle_market_proxy,False
tco,2024,12007,0.0013732656326104818,1.0,2024-12-02,observed_fit,0.0962190751214392,70.06588735387885,total_vehicle_market_proxy,False
tco,2024,12009,0.020477810879508222,1.0,2024-12-02,observed_fit,134.87082309173985,6586.193411264612,total_vehicle_market_proxy,False
tco,2024,12023,0.0183933245421897,1.0,2024-12-02,observed_fit,23.197402897855177,1261.1859723698194,total_vehicle_market_proxy,False
tco,2024,12041,0.012890327730360602,1.0,2024-12-02,observed_fit,2.70951675213008,210.19766206163652,total_vehicle_market_proxy,False
tco,2024,12045,0.01077825635794514,1.0,2024-12-02,observed_fit,4.153534527158571,385.3623804463337,total_vehicle_market_proxy,False
tco,2024,12046,0.01902915826039856,1.0,2024-12-02,observed_fit,6.666474295561094,350.32943676939425,total_vehicle_market_proxy,False
tco,2024,12047,0.017306461468095908,1.0,2024-12-02,observed_fit,240.69962707399375,13908.078639744952,total_vehicle_market_proxy,False
tco,2024,12054,0.018157174138097077,1.0,2024-12-02,observed_fit,426.1865034712652,23472.072263549417,total_vehicle_market_proxy,False
tco,2024,12059,0.0249364198562411,1.0,2024-12-02,observed_fit,28.82867434683088,1156.0871413390012,total_vehicle_market_proxy,False
tco,2024,12067,0.02487793522890109,1.0,2024-12-02,observed_fit,17.43094607345278,700.6588735387885,total_vehicle_market_proxy,False
tco,2024,12077,0.01624538642776574,1.0,2024-12-02,observed_fit,118.94685491641296,7321.88522848034,total_vehicle_market_proxy,False
tco,2024,12084,0.02421515891628988,1.0,2024-12-02,observed_fit,83.13617324736705,3433.228480340064,total_vehicle_market_proxy,False
tco,2024,12085,0.026567353457369,1.0,2024-12-02,observed_fit,3.7229303892694,140.1317747077577,total_vehicle_market_proxy,False
tco,2024,12110,0.01546422954953303,1.0,2024-12-02,observed_fit,280.63037609871543,18147.064824654622,total_vehicle_market_proxy,False
tco,2024,12120,0.023197980546969,1.0,2024-12-02,observed_fit,7.314241913286313,315.29649309245485,total_vehicle_market_proxy,False
tco,2024,12143,0.020678036035036644,1.0,2024-12-02,observed_fit,31.874148757667157,1541.4495217853348,total_vehicle_market_proxy,False
tco,2024,12147,0.005845328073261281,1.0,2024-12-02,observed_fit,2.047790491637953,350.32943676939425,total_vehicle_market_proxy,False
tco,2024,12158,0.02045090236854074,1.0,2024-12-02,observed_fit,89.55691385245935,4379.117959617428,total_vehicle_market_proxy,False
tco,2024,12159,0.01806864496933831,1.0,2024-12-02,observed_fit,236.741185252012,13102.320935175345,total_vehicle_market_proxy,False
tco,2024,12161,0.00274653126522095,1.0,2024-12-02,observed_fit,0.0054930625304419,2.0,market_size,False
tco,2024,12183,0.016648298661999305,1.0,2024-12-02,observed_fit,22.16307855502213,1331.251859723698,total_vehicle_market_proxy,False
tco,2024,12186,0.018471859485415083,1.0,2024-12-02,observed_fit,133.3074642699425,7216.786397449522,total_vehicle_market_proxy,False
tco,2024,12189,0.020673822914376687,1.0,2024-12-02,observed_fit,180.34195356284815,8723.202975557917,total_vehicle_market_proxy,False
tco,2024,12193,0.021732984980435133,1.0,2024-12-02,observed_fit,14.466038336275734,665.625929861849,total_vehicle_market_proxy,False
tco,2024,12202,0.01635175311693575,1.0,2024-12-02,observed_fit,39.52665317157319,2417.2731137088203,total_vehicle_market_proxy,False
tco,2024,12203,0.018941570403144883,1.0,2024-12-02,observed_fit,368.94990681190353,19478.31668437832,total_vehicle_market_proxy,False
tco,2024,12204,0.018111647323310873,1.0,2024-12-02,observed_fit,98.98267400956593,5465.139213602551,total_vehicle_market_proxy,False
tco,2024,12205,0.017929631624316017,1.0,2024-12-02,observed_fit,288.9387764277501,16115.154091392136,total_vehicle_market_proxy,False
tco,2024,12206,0.021284222224376266,1.0,2024-12-02,observed_fit,76.05619375619167,3573.3602550478213,total_vehicle_market_proxy,False
tco,2024,12207,0.013831090760965508,1.0,2024-12-02,observed_fit,129.37320090641768,9353.795961742826,total_vehicle_market_proxy,False
tco,2024,12208,0.020438031192119184,1.0,2024-12-02,observed_fit,264.9216263797857,12962.189160467587,total_vehicle_market_proxy,False
tco,2024,12209,0.01788552685392195,1.0,2024-12-02,observed_fit,76.4430838985119,4274.01912858661,total_vehicle_market_proxy,False
tco,2024,12210,0.026513124475630142,1.0,2024-12-02,observed_fit,83.59495168089914,3152.9649309245483,total_vehicle_market_proxy,False
tco,2024,12211,0.01793858978035841,1.0,2024-12-02,observed_fit,213.0417042370469,11876.167906482466,total_vehicle_market_proxy,False
tco,2024,12222,0.03145677368168223,1.0,2024-12-02,observed_fit,7.71416366454023,245.230605738576,total_vehicle_market_proxy,False
tco,2024,12469,0.03098648260713825,1.0,2024-12-02,observed_fit,7.598833899456363,245.230605738576,total_vehicle_market_proxy,False
tco,2025,12007,0.008623135410194249,1.0,2025-12-08,future_forecast,0.6041876342879141,70.06588735387885,total_vehicle_market_proxy,False
tco,2025,12009,0.028365364629090596,1.0,2025-12-08,future_forecast,186.81977762823476,6586.193411264612,total_vehicle_market_proxy,False
tco,2025,12023,0.02569641813996678,1.0,2025-12-08,future_forecast,32.40796209827547,1261.1859723698194,total_vehicle_market_proxy,False
tco,2025,12041,0.0184200752218004,1.0,2025-12-08,future_forecast,3.871856746621925,210.19766206163652,total_vehicle_market_proxy,False
tco,2025,12045,0.01754383749305056,1.0,2025-12-08,future_forecast,6.760734978485602,385.3623804463337,total_vehicle_market_proxy,False
tco,2025,12046,0.02697525187070519,1.0,2025-12-08,future_forecast,9.450224794576698,350.32943676939425,total_vehicle_market_proxy,False
tco,2025,12047,0.025511045289919383,1.0,2025-12-08,future_forecast,354.8096240742938,13908.078639744952,total_vehicle_market_proxy,False
tco,2025,12054,0.02542955963365256,1.0,2025-12-08,future_forecast,596.8844613513321,23472.072263549417,total_vehicle_market_proxy,False
tco,2025,12059,0.034513691538886344,1.0,2025-12-08,future_forecast,39.90083498824718,1156.0871413390012,total_vehicle_market_proxy,False
tco,2025,12067,0.032988838100401235,1.0,2025-12-08,future_forecast,23.113922142780595,700.6588735387885,total_vehicle_market_proxy,False
tco,2025,12077,0.023495706700035535,1.0,2025-12-08,future_forecast,172.03286781969672,7321.88522848034,total_vehicle_market_proxy,False
tco,2025,12084,0.03345472431272951,1.0,2025-12-08,future_forecast,114.85771231238812,3433.228480340064,total_vehicle_market_proxy,False
tco,2025,12085,0.03721468562701953,1.0,2025-12-08,future_forecast,5.21495994210553,140.1317747077577,total_vehicle_market_proxy,False
tco,2025,12110,0.023458618051479058,1.0,2025-12-08,future_forecast,425.70506247700354,18147.064824654622,total_vehicle_market_proxy,False
tco,2025,12120,0.030453163915359672,1.0,2025-12-08,future_forecast,9.601775786082596,315.29649309245485,total_vehicle_market_proxy,False
tco,2025,12143,0.028852344924787637,1.0,2025-12-08,future_forecast,44.47443328669944,1541.4495217853348,total_vehicle_market_proxy,False
tco,2025,12147,0.012750996108384972,1.0,2025-12-08,future_forecast,4.467049284899245,350.32943676939425,total_vehicle_market_proxy,False
tco,2025,12158,0.02802291864948457,1.0,2025-12-08,future_forecast,122.71566633885604,4379.117959617428,total_vehicle_market_proxy,False
tco,2025,12159,0.025387245031381095,1.0,2025-12-08,future_forecast,332.6318320610908,13102.320935175345,total_vehicle_market_proxy,False
tco,2025,12161,0.002807849884615,1.0,2025-12-08,future_forecast,0.00561569976923,2.0,market_size,False
tco,2025,12183,0.025565311150263236,1.0,2025-12-08,future_forecast,34.03386801320293,1331.251859723698,total_vehicle_market_proxy,False
tco,2025,12186,0.02558301921287062,1.0,2025-12-08,future_forecast,184.62718506113447,7216.786397449522,total_vehicle_market_proxy,False
tco,2025,12189,0.02881000209234046,1.0,2025-12-08,future_forecast,251.31549597773412,8723.202975557917,total_vehicle_market_proxy,False
tco,2025,12193,0.031430607882330375,1.0,2025-12-08,future_forecast,20.92102759779932,665.625929861849,total_vehicle_market_proxy,False
tco,2025,12202,0.024434381230287103,1.0,2025-12-08,future_forecast,59.06457279808446,2417.2731137088203,total_vehicle_market_proxy,False
tco,2025,12203,0.026977882057335763,1.0,2025-12-08,future_forecast,525.4837301865937,19478.31668437832,total_vehicle_market_proxy,False
tco,2025,12204,0.026545487881846717,1.0,2025-12-08,future_forecast,145.0747867672918,5465.139213602551,total_vehicle_market_proxy,False
tco,2025,12205,0.027410134474856917,1.0,2025-12-08,future_forecast,441.7185407280991,16115.154091392136,total_vehicle_market_proxy,False
tco,2025,12206,0.030539844845873763,1.0,2025-12-08,future_forecast,109.12986776757236,3573.3602550478213,total_vehicle_market_proxy,False
tco,2025,12207,0.019951678403707165,1.0,2025-12-08,future_forecast,186.62392888258765,9353.795961742826,total_vehicle_market_proxy,False
tco,2025,12208,0.028496263372509455,1.0,2025-12-08,future_forecast,369.3739562009716,12962.189160467587,total_vehicle_market_proxy,False
tco,2025,12209,0.025756619762808068,1.0,2025-12-08,future_forecast,110.0842855539736,4274.01912858661,total_vehicle_market_proxy,False
tco,2025,12210,0.03629730958343873,1.0,2025-12-08,future_forecast,114.44414420349383,3152.9649309245483,total_vehicle_market_proxy,False
tco,2025,12211,0.025947318445550704,1.0,2025-12-08,future_forecast,308.15471058232976,11876.167906482466,total_vehicle_market_proxy,False
tco,2025,12222,0.03642488884972513,1.0,2025-12-08,future_forecast,8.932497556578397,245.230605738576,total_vehicle_market_proxy,False
tco,2025,12469,0.03936843808630461,1.0,2025-12-08,future_forecast,9.654345918886104,245.230605738576,total_vehicle_market_proxy,False
tco,2026,12007,0.01689123797462074,1.0,2026-12-08,future_forecast,1.1834995771973376,70.06588735387885,total_vehicle_market_proxy,False
tco,2026,12009,0.03833284350279806,1.0,2026-12-08,future_forecast,252.4675213131661,6586.193411264612,total_vehicle_market_proxy,False
tco,2026,12023,0.03455568347942861,1.0,2026-12-08,future_forecast,43.58114326990688,1261.1859723698194,total_vehicle_market_proxy,False
tco,2026,12041,0.025630984867274793,1.0,2026-12-08,future_forecast,5.387573095438347,210.19766206163652,total_vehicle_market_proxy,False
tco,2026,12045,0.02631442508430638,1.0,2026-12-08,future_forecast,10.140589490565022,385.3623804463337,total_vehicle_market_proxy,False
tco,2026,12046,0.037172012214776035,1.0,2026-12-08,future_forecast,13.022450102787532,350.32943676939425,total_vehicle_market_proxy,False
tco,2026,12047,0.035856432621508824,1.0,2026-12-08,future_forecast,498.694084640661,13908.078639744952,total_vehicle_market_proxy,False
tco,2026,12054,0.03445908444329383,1.0,2026-12-08,future_forecast,808.8261201887443,23472.072263549417,total_vehicle_market_proxy,False
tco,2026,12059,0.045765629157118945,1.0,2026-12-08,future_forecast,52.909055383834485,1156.0871413390012,total_vehicle_market_proxy,False
tco,2026,12067,0.04253666919699309,1.0,2026-12-08,future_forecast,29.803694723657262,700.6588735387885,total_vehicle_market_proxy,False
tco,2026,12077,0.03259759077164186,1.0,2026-12-08,future_forecast,238.67581835493155,7321.88522848034,total_vehicle_market_proxy,False
tco,2026,12084,0.04451364887681683,1.0,2026-12-08,future_forecast,152.82552708774503,3433.228480340064,total_vehicle_market_proxy,False
tco,2026,12085,0.049846032330750266,1.0,2026-12-08,future_forecast,6.985012972648303,140.1317747077577,total_vehicle_market_proxy,False
tco,2026,12110,0.033644849420733806,1.0,2026-12-08,future_forecast,610.5552634538,18147.064824654622,total_vehicle_market_proxy,False
tco,2026,12120,0.03985878916940506,1.0,2026-12-08,future_forecast,12.567336444024937,315.29649309245485,total_vehicle_market_proxy,False
tco,2026,12143,0.03867698658718395,1.0,2026-12-08,future_forecast,59.61862247891251,1541.4495217853348,total_vehicle_market_proxy,False
tco,2026,12147,0.02138571349786356,1.0,2026-12-08,future_forecast,7.492044964618174,350.32943676939425,total_vehicle_market_proxy,False
tco,2026,12158,0.03741552041275742,1.0,2026-12-08,future_forecast,163.84697740793848,4379.117959617428,total_vehicle_market_proxy,False
tco,2026,12159,0.0343980189577906,1.0,2026-12-08,future_forecast,450.6938839192182,13102.320935175345,total_vehicle_market_proxy,False
tco,2026,12161,0.0029319694073947,1.0,2026-12-08,future_forecast,0.0058639388147894,2.0,market_size,False
tco,2026,12183,0.036689617734128384,1.0,2026-12-08,future_forecast,48.84312184110998,1331.251859723698,total_vehicle_market_proxy,False
tco,2026,12186,0.03445660702681884,1.0,2026-12-08,future_forecast,248.66597289340984,7216.786397449522,total_vehicle_market_proxy,False
tco,2026,12189,0.038823718111701024,1.0,2026-12-08,future_forecast,338.66717335421214,8723.202975557917,total_vehicle_market_proxy,False
tco,2026,12193,0.04249286907038327,1.0,2026-12-08,future_forecast,28.284355487471668,665.625929861849,total_vehicle_market_proxy,False
tco,2026,12202,0.03495923049550966,1.0,2026-12-08,future_forecast,84.506007952745,2417.2731137088203,total_vehicle_market_proxy,False
tco,2026,12203,0.03691911834060877,1.0,2026-12-08,future_forecast,719.1222787464174,19478.31668437832,total_vehicle_market_proxy,False
tco,2026,12204,0.03716842007412246,1.0,2026-12-08,future_forecast,203.1305900547389,5465.139213602551,total_vehicle_market_proxy,False
tco,2026,12205,0.039236283357006387,1.0,2026-12-08,future_forecast,632.2987522716827,16115.154091392136,total_vehicle_market_proxy,False
tco,2026,12206,0.04227095357507165,1.0,2026-12-08,future_forecast,151.04934544813264,3573.3602550478213,total_vehicle_market_proxy,False
tco,2026,12207,0.027607029217993597,1.0,2026-12-08,future_forecast,258.2305184149847,9353.795961742826,total_vehicle_market_proxy,False
tco,2026,12208,0.03852889056681375,1.0,2026-12-08,future_forecast,499.4187676699951,12962.189160467587,total_vehicle_market_proxy,False
tco,2026,12209,0.03553171707790386,1.0,2026-12-08,future_forecast,151.86323846248865,4274.01912858661,total_vehicle_market_proxy,False
tco,2026,12210,0.04819579820796796,1.0,2026-12-08,future_forecast,151.95966156763916,3152.9649309245483,total_vehicle_market_proxy,False
tco,2026,12211,0.03582436831128579,1.0,2026-12-08,future_forecast,425.4562132084997,11876.167906482466,total_vehicle_market_proxy,False
tco,2026,12222,0.04284829560247343,1.0,2026-12-08,future_forecast,10.50771348546012,245.230605738576,total_vehicle_market_proxy,False
tco,2026,12469,0.04978921069209098,1.0,2026-12-08,future_forecast,12.209838297267057,245.230605738576,total_vehicle_market_proxy,False
tco,2027,12007,0.024149513476556972,1.0,2027-09-08,future_forecast,1.69205709089942,70.06588735387885,total_vehicle_market_proxy,False
tco,2027,12009,0.04720816557832227,1.0,2027-09-08,future_forecast,310.922109089835,6586.193411264612,total_vehicle_market_proxy,False
tco,2027,12023,0.04252633672990181,1.0,2027-09-08,future_forecast,53.63361934002758,1261.1859723698194,total_vehicle_market_proxy,False
tco,2027,12041,0.03217192926643085,1.0,2027-09-08,future_forecast,6.762464315816105,210.19766206163652,total_vehicle_market_proxy,False
tco,2027,12045,0.03410776910075841,1.0,2027-09-08,future_forecast,13.143851092382167,385.3623804463337,total_vehicle_market_proxy,False
tco,2027,12046,0.04621099285296745,1.0,2027-09-08,future_forecast,16.18907109873459,350.32943676939425,total_vehicle_market_proxy,False
tco,2027,12047,0.0449953072746367,1.0,2027-09-08,future_forecast,625.7982719951353,13908.078639744952,total_vehicle_market_proxy,False
tco,2027,12054,0.04256161370861709,1.0,2027-09-08,future_forecast,999.0092726219358,23472.072263549417,total_vehicle_market_proxy,False
tco,2027,12059,0.05569234179106411,1.0,2027-09-08,future_forecast,64.3852002157059,1156.0871413390012,total_vehicle_market_proxy,False
tco,2027,12067,0.05113533556105768,1.0,2027-09-08,future_forecast,35.82842661223863,700.6588735387885,total_vehicle_market_proxy,False
tco,2027,12077,0.040733464116028635,1.0,2027-09-08,future_forecast,298.24574921598406,7321.88522848034,total_vehicle_market_proxy,False
tco,2027,12084,0.0542836749326999,1.0,2027-09-08,future_forecast,186.3682587964673,3433.228480340064,total_vehicle_market_proxy,False
tco,2027,12085,0.06083049443581395,1.0,2027-09-08,future_forecast,8.52428514164099,140.1317747077577,total_vehicle_market_proxy,False
tco,2027,12110,0.04263629401669437,1.0,2027-09-08,future_forecast,773.7235914039868,18147.064824654622,total_vehicle_market_proxy,False
tco,2027,12120,0.04831784523975614,1.0,2027-09-08,future_forecast,15.234447157879073,315.29649309245485,total_vehicle_market_proxy,False
tco,2027,12143,0.04744610376779379,1.0,2027-09-08,future_forecast,73.13577396344311,1541.4495217853348,total_vehicle_market_proxy,False
tco,2027,12147,0.029002819869685188,1.0,2027-09-08,future_forecast,10.160541549671008,350.32943676939425,total_vehicle_market_proxy,False
tco,2027,12158,0.04583623890142872,1.0,2027-09-08,future_forecast,200.72229697456152,4379.117959617428,total_vehicle_market_proxy,False
tco,2027,12159,0.042485143675275616,1.0,2027-09-08,future_forecast,556.6539874104961,13102.320935175345,total_vehicle_market_proxy,False
tco,2027,12161,0.0031085130938045,1.0,2027-09-08,future_forecast,0.006217026187609,2.0,market_size,False
tco,2027,12183,0.04643365862121378,1.0,2027-09-08,future_forecast,61.81489439326617,1331.251859723698,total_vehicle_market_proxy,False
tco,2027,12186,0.0424372208985544,1.0,2027-09-08,future_forecast,306.260358526248,7216.786397449522,total_vehicle_market_proxy,False
tco,2027,12189,0.04774001584364754,1.0,2027-09-08,future_forecast,416.4458482604883,8723.202975557917,total_vehicle_market_proxy,False
tco,2027,12193,0.05224655509191596,1.0,2027-09-08,future_forecast,34.77666181513489,665.625929861849,total_vehicle_market_proxy,False
tco,2027,12202,0.04422628874617096,1.0,2027-09-08,future_forecast,106.90701870524204,2417.2731137088203,total_vehicle_market_proxy,False
tco,2027,12203,0.04575845910265964,1.0,2027-09-08,future_forecast,891.2977573907782,19478.31668437832,total_vehicle_market_proxy,False
tco,2027,12204,0.04653441774555318,1.0,2027-09-08,future_forecast,254.3170712033851,5465.139213602551,total_vehicle_market_proxy,False
tco,2027,12205,0.04953663039641509,1.0,2027-09-08,future_forecast,798.2904320065687,16115.154091392136,total_vehicle_market_proxy,False
tco,2027,12206,0.0525269136128288,1.0,2027-09-08,future_forecast,187.6975854244128,3573.3602550478213,total_vehicle_market_proxy,False
tco,2027,12207,0.0345327581772466,1.0,2027-09-08,future_forecast,323.0123739861708,9353.795961742826,total_vehicle_market_proxy,False
tco,2027,12208,0.047456502871738686,1.0,2027-09-08,future_forecast,615.1401671177501,12962.189160467587,total_vehicle_market_proxy,False
tco,2027,12209,0.044226845566407026,1.0,2027-09-08,future_forecast,189.02638394786956,4274.01912858661,total_vehicle_market_proxy,False
tco,2027,12210,0.05862623505108685,1.0,2027-09-08,future_forecast,184.84646314821637,3152.9649309245483,total_vehicle_market_proxy,False
tco,2027,12211,0.044601730255943176,1.0,2027-09-08,future_forecast,529.6976374392203,11876.167906482466,total_vehicle_market_proxy,False
tco,2027,12222,0.04900966354029065,1.0,2027-09-08,future_forecast,12.01866947702928,245.230605738576,total_vehicle_market_proxy,False
tco,2027,12469,0.05912623512662086,1.0,2027-09-08,future_forecast,14.499562455142703,245.230605738576,total_vehicle_market_proxy,False
tco_evse,2018,12007,0.0011738483193077568,1.0,2018-12-02,observed_fit,0.0822467241111573,70.06588735387885,total_vehicle_market_proxy,False
tco_evse,2018,12009,0.0013109319767398721,1.0,2018-12-02,observed_fit,8.63405154782024,6586.193411264612,total_vehicle_market_proxy,False
tco_evse,2018,12023,0.001473015429961099,1.0,2018-12-02,observed_fit,1.8577463973512365,1261.1859723698194,total_vehicle_market_proxy,False
tco_evse,2018,12041,0.0011738483193077574,1.0,2018-12-02,observed_fit,0.246740172333472,210.19766206163652,total_vehicle_market_proxy,False
tco_evse,2018,12045,0.0011738483193077572,1.0,2018-12-02,observed_fit,0.4523569826113653,385.3623804463337,total_vehicle_market_proxy,False
tco_evse,2018,12046,0.0013191245277995466,1.0,2018-12-02,observed_fit,0.4621281528527083,350.32943676939425,total_vehicle_market_proxy,False
tco_evse,2018,12047,0.0012942484985142353,1.0,2018-12-02,observed_fit,18.00050989670781,13908.078639744952,total_vehicle_market_proxy,False
tco_evse,2018,12054,0.0013139873111480892,1.0,2018-12-02,observed_fit,30.842005120654942,23472.072263549417,total_vehicle_market_proxy,False
tco_evse,2018,12059,0.0012768901208736199,1.0,2018-12-02,observed_fit,1.476196249644795,1156.0871413390012,total_vehicle_market_proxy,False
tco_evse,2018,12067,0.0015113648748302047,1.0,2018-12-02,observed_fit,1.0589512107046233,700.6588735387885,total_vehicle_market_proxy,False
tco_evse,2018,12077,0.0012778002639152672,1.0,2018-12-02,observed_fit,9.355906877309474,7321.88522848034,total_vehicle_market_proxy,False
tco_evse,2018,12084,0.0012423584559584132,1.0,2018-12-02,observed_fit,4.265300433787731,3433.228480340064,total_vehicle_market_proxy,False
tco_evse,2018,12085,0.0011738483193077568,1.0,2018-12-02,observed_fit,0.1644934482223146,140.1317747077577,total_vehicle_market_proxy,False
tco_evse,2018,12110,0.0013043613923480843,1.0,2018-12-02,observed_fit,23.670330741717446,18147.064824654622,total_vehicle_market_proxy,False
tco_evse,2018,12120,0.0014670835877437919,1.0,2018-12-02,observed_fit,0.4625663102891144,315.29649309245485,total_vehicle_market_proxy,False
tco_evse,2018,12143,0.0014644935262490397,1.0,2018-12-02,observed_fit,2.257442845694301,1541.4495217853348,total_vehicle_market_proxy,False
tco_evse,2018,12147,0.0011738483193077574,1.0,2018-12-02,observed_fit,0.4112336205557867,350.32943676939425,total_vehicle_market_proxy,False
tco_evse,2018,12158,0.0013965587202207526,1.0,2018-12-02,observed_fit,6.115695373379029,4379.117959617428,total_vehicle_market_proxy,False
tco_evse,2018,12159,0.0012802143233815659,1.0,2018-12-02,observed_fit,16.77377893075363,13102.320935175345,total_vehicle_market_proxy,False
tco_evse,2018,12161,0.0023476966386155,1.0,2018-12-02,observed_fit,0.004695393277231,2.0,market_size,False
tco_evse,2018,12183,0.0012329546114920168,1.0,2018-12-02,observed_fit,1.6413731195036572,1331.251859723698,total_vehicle_market_proxy,False
tco_evse,2018,12186,0.0013663999231386403,1.0,2018-12-02,observed_fit,9.861016378783011,7216.786397449522,total_vehicle_market_proxy,False
tco_evse,2018,12189,0.0013576482930751721,1.0,2018-12-02,observed_fit,11.843041629914469,8723.202975557917,total_vehicle_market_proxy,False
tco_evse,2018,12193,0.00129195006722983,1.0,2018-12-02,observed_fit,0.859955464834934,665.625929861849,total_vehicle_market_proxy,False
tco_evse,2018,12202,0.001265179045542688,1.0,2018-12-02,observed_fit,3.058283290818127,2417.2731137088203,total_vehicle_market_proxy,False
tco_evse,2018,12203,0.0013013230616816672,1.0,2018-12-02,observed_fit,25.347582704120292,19478.31668437832,total_vehicle_market_proxy,False
tco_evse,2018,12204,0.0013127223838997558,1.0,2018-12-02,observed_fit,7.174210576824377,5465.139213602551,total_vehicle_market_proxy,False
tco_evse,2018,12205,0.0013211953032307,1.0,2018-12-02,observed_fit,21.29126589638629,16115.154091392136,total_vehicle_market_proxy,False
tco_evse,2018,12206,0.0012946750807962344,1.0,2018-12-02,observed_fit,4.626340476918091,3573.3602550478213,total_vehicle_market_proxy,False
tco_evse,2018,12207,0.001301528960833947,1.0,2018-12-02,observed_fit,12.174236337939911,9353.795961742826,total_vehicle_market_proxy,False
tco_evse,2018,12208,0.0014430821958778502,1.0,2018-12-02,observed_fit,18.705504397071635,12962.189160467587,total_vehicle_market_proxy,False
tco_evse,2018,12209,0.0013426458227532964,1.0,2018-12-02,observed_fit,5.7384939293644965,4274.01912858661,total_vehicle_market_proxy,False
tco_evse,2018,12210,0.0015141526870262447,1.0,2018-12-02,observed_fit,4.774070322258923,3152.9649309245483,total_vehicle_market_proxy,False
tco_evse,2018,12211,0.001305669769918389,1.0,2018-12-02,observed_fit,15.506353417969116,11876.167906482466,total_vehicle_market_proxy,False
tco_evse,2018,12222,0.00289357027109322,1.0,2018-12-02,observed_fit,0.709591990327326,245.230605738576,total_vehicle_market_proxy,False
tco_evse,2018,12469,0.0013337772550400286,1.0,2018-12-02,observed_fit,0.3270830041738014,245.230605738576,total_vehicle_market_proxy,False
tco_evse,2019,12007,0.0015269027297377898,1.0,2019-12-02,observed_fit,0.1069837946621381,70.06588735387885,total_vehicle_market_proxy,False
tco_evse,2019,12009,0.0022635165055294986,1.0,2019-12-02,observed_fit,14.907957495007084,6586.193411264612,total_vehicle_market_proxy,False
tco_evse,2019,12023,0.002906879125862609,1.0,2019-12-02,observed_fit,3.6661151769125655,1261.1859723698194,total_vehicle_market_proxy,False
tco_evse,2019,12041,0.0021795896761049737,1.0,2019-12-02,observed_fit,0.4581446541709451,210.19766206163652,total_vehicle_market_proxy,False
tco_evse,2019,12045,0.0015269027297377894,1.0,2019-12-02,observed_fit,0.5884108706417595,385.3623804463337,total_vehicle_market_proxy,False
tco_evse,2019,12046,0.002247156656753857,1.0,2019-12-02,observed_fit,0.7872451258931737,350.32943676939425,total_vehicle_market_proxy,False
tco_evse,2019,12047,0.0021867755177774895,1.0,2019-12-02,observed_fit,30.413845868718308,13908.078639744952,total_vehicle_market_proxy,False
tco_evse,2019,12054,0.0022802009882844014,1.0,2019-12-02,observed_fit,53.52104237242827,23472.072263549417,total_vehicle_market_proxy,False
tco_evse,2019,12059,0.0020869406172597683,1.0,2019-12-02,observed_fit,2.412685212352096,1156.0871413390012,total_vehicle_market_proxy,False
tco_evse,2019,12067,0.002587421187656016,1.0,2019-12-02,observed_fit,1.8128996147134584,700.6588735387885,total_vehicle_market_proxy,False
tco_evse,2019,12077,0.002107370867623194,1.0,2019-12-02,observed_fit,15.429927626580064,7321.88522848034,total_vehicle_market_proxy,False
tco_evse,2019,12084,0.002379217389258642,1.0,2019-12-02,observed_fit,8.168396901723103,3433.228480340064,total_vehicle_market_proxy,False
tco_evse,2019,12085,0.0015269027297377898,1.0,2019-12-02,observed_fit,0.2139675893242762,140.1317747077577,total_vehicle_market_proxy,False
tco_evse,2019,12110,0.002093608926294322,1.0,2019-12-02,observed_fit,37.99285690293862,18147.064824654622,total_vehicle_market_proxy,False
tco_evse,2019,12120,0.0025086688126102394,1.0,2019-12-02,observed_fit,0.7909744789464213,315.29649309245485,total_vehicle_market_proxy,False
tco_evse,2019,12143,0.0028120879746554935,1.0,2019-12-02,observed_fit,4.334691663751001,1541.4495217853348,total_vehicle_market_proxy,False
tco_evse,2019,12147,0.0015269027297377898,1.0,2019-12-02,observed_fit,0.5349189733106905,350.32943676939425,total_vehicle_market_proxy,False
tco_evse,2019,12158,0.0027934787322736183,1.0,2019-12-02,observed_fit,12.232972886308726,4379.117959617428,total_vehicle_market_proxy,False
tco_evse,2019,12159,0.002175970176814035,1.0,2019-12-02,observed_fit,28.510259601987727,13102.320935175345,total_vehicle_market_proxy,False
tco_evse,2019,12161,0.00305380545947555,1.0,2019-12-02,observed_fit,0.0061076109189511,2.0,market_size,False
tco_evse,2019,12183,0.0018620142593326696,1.0,2019-12-02,observed_fit,2.4788099455686607,1331.251859723698,total_vehicle_market_proxy,False
tco_evse,2019,12186,0.002453946606167382,1.0,2019-12-02,observed_fit,17.709608487456183,7216.786397449522,total_vehicle_market_proxy,False
tco_evse,2019,12189,0.0025198335605983477,1.0,2019-12-02,observed_fit,21.981019613722207,8723.202975557917,total_vehicle_market_proxy,False
tco_evse,2019,12193,0.002561757998183183,1.0,2019-12-02,observed_fit,1.70517254962171,665.625929861849,total_vehicle_market_proxy,False
tco_evse,2019,12202,0.002107600718562491,1.0,2019-12-02,observed_fit,5.0946465514145,2417.2731137088203,total_vehicle_market_proxy,False
tco_evse,2019,12203,0.0022590700866959293,1.0,2019-12-02,observed_fit,44.002882560869296,19478.31668437832,total_vehicle_market_proxy,False
tco_evse,2019,12204,0.002224249968310885,1.0,2019-12-02,observed_fit,12.155835722670046,5465.139213602551,total_vehicle_market_proxy,False
tco_evse,2019,12205,0.0022361284783774774,1.0,2019-12-02,observed_fit,36.03555499720328,16115.154091392136,total_vehicle_market_proxy,False
tco_evse,2019,12206,0.002344327842148879,1.0,2019-12-02,observed_fit,8.377127935936826,3573.3602550478213,total_vehicle_market_proxy,False
tco_evse,2019,12207,0.0023045194825322543,1.0,2019-12-02,observed_fit,21.55600502946787,9353.795961742826,total_vehicle_market_proxy,False
tco_evse,2019,12208,0.0027526736579610404,1.0,2019-12-02,observed_fit,35.680676651527264,12962.189160467587,total_vehicle_market_proxy,False
tco_evse,2019,12209,0.0025650941625695767,1.0,2019-12-02,observed_fit,10.963261517448224,4274.01912858661,total_vehicle_market_proxy,False
tco_evse,2019,12210,0.0029975581537598547,1.0,2019-12-02,observed_fit,9.451195737211757,3152.9649309245483,total_vehicle_market_proxy,False
tco_evse,2019,12211,0.00225770286446278,1.0,2019-12-02,observed_fit,26.8128583013064,11876.167906482466,total_vehicle_market_proxy,False
tco_evse,2019,12222,0.007857862462875826,1.0,2019-12-02,observed_fit,1.9269883715814575,245.230605738576,total_vehicle_market_proxy,False
tco_evse,2019,12469,0.0030622629814711995,1.0,2019-12-02,observed_fit,0.750960605877,245.230605738576,total_vehicle_market_proxy,False
tco_evse,2020,12007,0.0017092810453972216,1.0,2020-12-02,observed_fit,0.119762293182922,70.06588735387885,total_vehicle_market_proxy,False
tco_evse,2020,12009,0.003638882614440033,1.0,2020-12-02,observed_fit,23.966384699590293,6586.193411264612,total_vehicle_market_proxy,False
tco_evse,2020,12023,0.00435423066295931,1.0,2020-12-02,observed_fit,5.491494632586821,1261.1859723698194,total_vehicle_market_proxy,False
tco_evse,2020,12041,0.0033335133127384707,1.0,2020-12-02,observed_fit,0.7006967047889675,210.19766206163652,total_vehicle_market_proxy,False
tco_evse,2020,12045,0.0019961778664100735,1.0,2020-12-02,observed_fit,0.7692518543940694,385.3623804463337,total_vehicle_market_proxy,False
tco_evse,2020,12046,0.002979408155090687,1.0,2020-12-02,observed_fit,1.0437743808790605,350.32943676939425,total_vehicle_market_proxy,False
tco_evse,2020,12047,0.0033059060894475847,1.0,2020-12-02,observed_fit,45.97880186764872,13908.078639744952,total_vehicle_market_proxy,False
tco_evse,2020,12054,0.0035254343872034733,1.0,2020-12-02,observed_fit,82.74925069684198,23472.072263549417,total_vehicle_market_proxy,False
tco_evse,2020,12059,0.0030939992543654,1.0,2020-12-02,observed_fit,3.576932753284296,1156.0871413390012,total_vehicle_market_proxy,False
tco_evse,2020,12067,0.004364956073317154,1.0,2020-12-02,observed_fit,3.058345205376691,700.6588735387885,total_vehicle_market_proxy,False
tco_evse,2020,12077,0.0031227950846707464,1.0,2020-12-02,observed_fit,22.86474720202175,7321.88522848034,total_vehicle_market_proxy,False
tco_evse,2020,12084,0.0038944996262480964,1.0,2020-12-02,observed_fit,13.3707070335087,3433.228480340064,total_vehicle_market_proxy,False
tco_evse,2020,12085,0.002744547816940211,1.0,2020-12-02,observed_fit,0.3845983563581339,140.1317747077577,total_vehicle_market_proxy,False
tco_evse,2020,12110,0.0030450907696203022,1.0,2020-12-02,observed_fit,55.25945959325706,18147.064824654622,total_vehicle_market_proxy,False
tco_evse,2020,12120,0.005266078807305299,1.0,2020-12-02,observed_fit,1.6603761802918582,315.29649309245485,total_vehicle_market_proxy,False
tco_evse,2020,12143,0.00446877895066412,1.0,2020-12-02,observed_fit,6.888397176465578,1541.4495217853348,total_vehicle_market_proxy,False
tco_evse,2020,12147,0.0017092810453972224,1.0,2020-12-02,observed_fit,0.5988114659146103,350.32943676939425,total_vehicle_market_proxy,False
tco_evse,2020,12158,0.004525628466158683,1.0,2020-12-02,observed_fit,19.81826089471136,4379.117959617428,total_vehicle_market_proxy,False
tco_evse,2020,12159,0.003343041894342406,1.0,2020-12-02,observed_fit,43.801607799410746,13102.320935175345,total_vehicle_market_proxy,False
tco_evse,2020,12161,0.0034185620907944,1.0,2020-12-02,observed_fit,0.0068371241815888,2.0,market_size,False
tco_evse,2020,12183,0.00249023155726989,1.0,2020-12-02,observed_fit,3.3151253917581816,1331.251859723698,total_vehicle_market_proxy,False
tco_evse,2020,12186,0.0037357759117950043,1.0,2020-12-02,observed_fit,26.960296784161773,7216.786397449522,total_vehicle_market_proxy,False
tco_evse,2020,12189,0.0040600655638124315,1.0,2020-12-02,observed_fit,35.41677600720883,8723.202975557917,total_vehicle_market_proxy,False
tco_evse,2020,12193,0.004000186529693562,1.0,2020-12-02,observed_fit,2.66262787844812,665.625929861849,total_vehicle_market_proxy,False
tco_evse,2020,12202,0.0032696606219030705,1.0,2020-12-02,observed_fit,7.903662712278753,2417.2731137088203,total_vehicle_market_proxy,False
tco_evse,2020,12203,0.003517238465160178,1.0,2020-12-02,observed_fit,68.50988467886668,19478.31668437832,total_vehicle_market_proxy,False
tco_evse,2020,12204,0.003323672775624446,1.0,2020-12-02,observed_fit,18.16433441924839,5465.139213602551,total_vehicle_market_proxy,False
tco_evse,2020,12205,0.0032995322540774787,1.0,2020-12-02,observed_fit,53.172470703977,16115.154091392136,total_vehicle_market_proxy,False
tco_evse,2020,12206,0.00410922925274392,1.0,2020-12-02,observed_fit,14.683756490634984,3573.3602550478213,total_vehicle_market_proxy,False
tco_evse,2020,12207,0.0034583337359553167,1.0,2020-12-02,observed_fit,32.34854813373782,9353.795961742826,total_vehicle_market_proxy,False
tco_evse,2020,12208,0.004365207985498616,1.0,2020-12-02,observed_fit,56.58265163281671,12962.189160467587,total_vehicle_market_proxy,False
tco_evse,2020,12209,0.0038926693710101315,1.0,2020-12-02,observed_fit,16.63734335296051,4274.01912858661,total_vehicle_market_proxy,False
tco_evse,2020,12210,0.004758655066361451,1.0,2020-12-02,observed_fit,15.003872542604082,3152.9649309245483,total_vehicle_market_proxy,False
tco_evse,2020,12211,0.003375795615152305,1.0,2020-12-02,observed_fit,40.09151554351604,11876.167906482466,total_vehicle_market_proxy,False
tco_evse,2020,12222,0.012501863375455871,1.0,2020-12-02,observed_fit,3.065839528423962,245.230605738576,total_vehicle_market_proxy,False
tco_evse,2020,12469,0.006213660639933917,1.0,2020-12-02,observed_fit,1.5237797625849423,245.230605738576,total_vehicle_market_proxy,False
tco_evse,2021,12007,0.001721012775425559,1.0,2021-12-01,observed_fit,0.1205842872575536,70.06588735387885,total_vehicle_market_proxy,False
tco_evse,2021,12009,0.0057160139407771045,1.0,2021-12-01,observed_fit,37.64677335544284,6586.193411264612,total_vehicle_market_proxy,False
tco_evse,2021,12023,0.0061603963084552755,1.0,2021-12-01,observed_fit,7.769405408462613,1261.1859723698194,total_vehicle_market_proxy,False
tco_evse,2021,12041,0.004367338785036933,1.0,2021-12-01,observed_fit,0.9180044020458714,210.19766206163652,total_vehicle_market_proxy,False
tco_evse,2021,12045,0.0033788169367872894,1.0,2021-12-01,observed_fit,1.3020689378527392,385.3623804463337,total_vehicle_market_proxy,False
tco_evse,2021,12046,0.003575263932612929,1.0,2021-12-01,observed_fit,1.252520199814217,350.32943676939425,total_vehicle_market_proxy,False
tco_evse,2021,12047,0.004967080429912756,1.0,2021-12-01,observed_fit,69.08254522916478,13908.078639744952,total_vehicle_market_proxy,False
tco_evse,2021,12054,0.005466757419989884,1.0,2021-12-01,observed_fit,128.31612520929752,23472.072263549417,total_vehicle_market_proxy,False
tco_evse,2021,12059,0.005763541686953572,1.0,2021-12-01,observed_fit,6.663156432858319,1156.0871413390012,total_vehicle_market_proxy,False
tco_evse,2021,12067,0.00738907460763451,1.0,2021-12-01,observed_fit,5.1772206910792615,700.6588735387885,total_vehicle_market_proxy,False
tco_evse,2021,12077,0.00477071566791722,1.0,2021-12-01,observed_fit,34.93063257820281,7321.88522848034,total_vehicle_market_proxy,False
tco_evse,2021,12084,0.006376224755446727,1.0,2021-12-01,observed_fit,21.891036427449063,3433.228480340064,total_vehicle_market_proxy,False
tco_evse,2021,12085,0.006469387447564411,1.0,2021-12-01,observed_fit,0.9065667442992916,140.1317747077577,total_vehicle_market_proxy,False
tco_evse,2021,12110,0.004513605136970469,1.0,2021-12-01,observed_fit,81.9086850134972,18147.064824654622,total_vehicle_market_proxy,False
tco_evse,2021,12120,0.009383328301149813,1.0,2021-12-01,observed_fit,2.958530506887718,315.29649309245485,total_vehicle_market_proxy,False
tco_evse,2021,12143,0.006975349090145941,1.0,2021-12-01,observed_fit,10.75214851929123,1541.4495217853348,total_vehicle_market_proxy,False
tco_evse,2021,12147,0.0017210127754255606,1.0,2021-12-01,observed_fit,0.6029214362877686,350.32943676939425,total_vehicle_market_proxy,False
tco_evse,2021,12158,0.007125868046083608,1.0,2021-12-01,observed_fit,31.205016738468675,4379.117959617428,total_vehicle_market_proxy,False
tco_evse,2021,12159,0.0052052221392658036,1.0,2021-12-01,observed_fit,68.20049100754053,13102.320935175345,total_vehicle_market_proxy,False
tco_evse,2021,12161,0.0034420255508511,1.0,2021-12-01,observed_fit,0.0068840511017022,2.0,market_size,False
tco_evse,2021,12183,0.0039632129272429125,1.0,2021-12-01,observed_fit,5.276034579873128,1331.251859723698,total_vehicle_market_proxy,False
tco_evse,2021,12186,0.005808186926668025,1.0,2021-12-01,observed_fit,41.91644440622195,7216.786397449522,total_vehicle_market_proxy,False
tco_evse,2021,12189,0.006334501726955491,1.0,2021-12-01,observed_fit,55.2571443132549,8723.202975557917,total_vehicle_market_proxy,False
tco_evse,2021,12193,0.00638952044529183,1.0,2021-12-01,observed_fit,4.253030487768671,665.625929861849,total_vehicle_market_proxy,False
tco_evse,2021,12202,0.004951763896843427,1.0,2021-12-01,observed_fit,11.969765733273633,2417.2731137088203,total_vehicle_market_proxy,False
tco_evse,2021,12203,0.005503442546565097,1.0,2021-12-01,observed_fit,107.19779677627642,19478.31668437832,total_vehicle_market_proxy,False
tco_evse,2021,12204,0.005153997544644978,1.0,2021-12-01,observed_fit,28.16731408805053,5465.139213602551,total_vehicle_market_proxy,False
tco_evse,2021,12205,0.005060598171928845,1.0,2021-12-01,observed_fit,81.55231933525069,16115.154091392136,total_vehicle_market_proxy,False
tco_evse,2021,12206,0.00655008598775224,1.0,2021-12-01,observed_fit,23.405816935779505,3573.3602550478213,total_vehicle_market_proxy,False
tco_evse,2021,12207,0.005006664855380941,1.0,2021-12-01,observed_fit,46.83132150606197,9353.795961742826,total_vehicle_market_proxy,False
tco_evse,2021,12208,0.0066930466875955805,1.0,2021-12-01,observed_fit,86.75653722445493,12962.189160467587,total_vehicle_market_proxy,False
tco_evse,2021,12209,0.005724511138128437,1.0,2021-12-01,observed_fit,24.46667010616805,4274.01912858661,total_vehicle_market_proxy,False
tco_evse,2021,12210,0.007557482125141954,1.0,2021-12-01,observed_fit,23.82847610666171,3152.9649309245483,total_vehicle_market_proxy,False
tco_evse,2021,12211,0.005008262644305758,1.0,2021-12-01,observed_fit,59.47896808353905,11876.167906482466,total_vehicle_market_proxy,False
tco_evse,2021,12222,0.01726139227471567,1.0,2021-12-01,observed_fit,4.2330216834197,245.230605738576,total_vehicle_market_proxy,False
tco_evse,2021,12469,0.010599843035862462,1.0,2021-12-01,observed_fit,2.5994059284183777,245.230605738576,total_vehicle_market_proxy,False
tco_evse,2022,12007,0.0016883169381918955,1.0,2022-12-02,observed_fit,0.118293424408999,70.06588735387885,total_vehicle_market_proxy,False
tco_evse,2022,12009,0.009236850992027727,1.0,2022-12-02,observed_fit,60.83568714452601,6586.193411264612,total_vehicle_market_proxy,False
tco_evse,2022,12023,0.008732862079696799,1.0,2022-12-02,observed_fit,11.01376315355393,1261.1859723698194,total_vehicle_market_proxy,False
tco_evse,2022,12041,0.007071660874312115,1.0,2022-12-02,observed_fit,1.486446582673155,210.19766206163652,total_vehicle_market_proxy,False
tco_evse,2022,12045,0.005288748030229787,1.0,2022-12-02,observed_fit,2.038084530510209,385.3623804463337,total_vehicle_market_proxy,False
tco_evse,2022,12046,0.006353098349559709,1.0,2022-12-02,observed_fit,2.225677366541821,350.32943676939425,total_vehicle_market_proxy,False
tco_evse,2022,12047,0.00770136339498173,1.0,2022-12-02,observed_fit,107.11116773065906,13908.078639744952,total_vehicle_market_proxy,False
tco_evse,2022,12054,0.00854262637960278,1.0,2022-12-02,observed_fit,200.51314370254,23472.072263549417,total_vehicle_market_proxy,False
tco_evse,2022,12059,0.010518413225231962,1.0,2022-12-02,observed_fit,12.160202276980764,1156.0871413390012,total_vehicle_market_proxy,False
tco_evse,2022,12067,0.01193791775729419,1.0,2022-12-02,observed_fit,8.364408008224448,700.6588735387885,total_vehicle_market_proxy,False
tco_evse,2022,12077,0.00739728515098971,1.0,2022-12-02,observed_fit,54.16207287788852,7321.88522848034,total_vehicle_market_proxy,False
tco_evse,2022,12084,0.010789532158058184,1.0,2022-12-02,observed_fit,37.04292909459035,3433.228480340064,total_vehicle_market_proxy,False
tco_evse,2022,12085,0.012894030546404634,1.0,2022-12-02,observed_fit,1.80686338360372,140.1317747077577,total_vehicle_market_proxy,False
tco_evse,2022,12110,0.006677347752718569,1.0,2022-12-02,observed_fit,121.17426252534574,18147.064824654622,total_vehicle_market_proxy,False
tco_evse,2022,12120,0.013653597229714608,1.0,2022-12-02,observed_fit,4.304931324625873,315.29649309245485,total_vehicle_market_proxy,False
tco_evse,2022,12143,0.010765373223607523,1.0,2022-12-02,observed_fit,16.594279407370465,1541.4495217853348,total_vehicle_market_proxy,False
tco_evse,2022,12147,0.0016883169381918964,1.0,2022-12-02,observed_fit,0.5914671220449953,350.32943676939425,total_vehicle_market_proxy,False
tco_evse,2022,12158,0.010477963963510726,1.0,2022-12-02,observed_fit,45.884240172834026,4379.117959617428,total_vehicle_market_proxy,False
tco_evse,2022,12159,0.008197426112376721,1.0,2022-12-02,observed_fit,107.40530776674656,13102.320935175345,total_vehicle_market_proxy,False
tco_evse,2022,12161,0.00337663387638375,1.0,2022-12-02,observed_fit,0.0067532677527675,2.0,market_size,False
tco_evse,2022,12183,0.006674031526372063,1.0,2022-12-02,observed_fit,8.8848168813374,1331.251859723698,total_vehicle_market_proxy,False
tco_evse,2022,12186,0.008873045264250427,1.0,2022-12-02,observed_fit,64.03487236699638,7216.786397449522,total_vehicle_market_proxy,False
tco_evse,2022,12189,0.009732728383634672,1.0,2022-12-02,observed_fit,84.90056519641897,8723.202975557917,total_vehicle_market_proxy,False
tco_evse,2022,12193,0.009554773166886053,1.0,2022-12-02,observed_fit,6.359904773827573,665.625929861849,total_vehicle_market_proxy,False
tco_evse,2022,12202,0.007330397639661047,1.0,2022-12-02,observed_fit,17.719573127147246,2417.2731137088203,total_vehicle_market_proxy,False
tco_evse,2022,12203,0.008709276729963921,1.0,2022-12-02,observed_fit,169.64205023812409,19478.31668437832,total_vehicle_market_proxy,False
tco_evse,2022,12204,0.008114063648433922,1.0,2022-12-02,observed_fit,44.34448742672321,5465.139213602551,total_vehicle_market_proxy,False
tco_evse,2022,12205,0.007715299335788937,1.0,2022-12-02,observed_fit,124.33323765745412,16115.154091392136,total_vehicle_market_proxy,False
tco_evse,2022,12206,0.009896416953929977,1.0,2022-12-02,observed_fit,35.3634630105548,3573.3602550478213,total_vehicle_market_proxy,False
tco_evse,2022,12207,0.0068056119602782905,1.0,2022-12-02,observed_fit,63.65830567123975,9353.795961742826,total_vehicle_market_proxy,False
tco_evse,2022,12208,0.009867094514017204,1.0,2022-12-02,observed_fit,127.899145554903,12962.189160467587,total_vehicle_market_proxy,False
tco_evse,2022,12209,0.00841776031784184,1.0,2022-12-02,observed_fit,35.977668618313324,4274.01912858661,total_vehicle_market_proxy,False
tco_evse,2022,12210,0.012354372717811,1.0,2022-12-02,observed_fit,38.95290392282909,3152.9649309245483,total_vehicle_market_proxy,False
tco_evse,2022,12211,0.007878654199574195,1.0,2022-12-02,observed_fit,93.56822015125634,11876.167906482466,total_vehicle_market_proxy,False
tco_evse,2022,12222,0.02180754400290416,1.0,2022-12-02,observed_fit,5.347877225502838,245.230605738576,total_vehicle_market_proxy,False
tco_evse,2022,12469,0.01725011273310832,1.0,2022-12-02,observed_fit,4.230255594598876,245.230605738576,total_vehicle_market_proxy,False
tco_evse,2023,12007,0.001691221388960805,1.0,2023-12-02,observed_fit,0.1184969273293983,70.06588735387885,total_vehicle_market_proxy,False
tco_evse,2023,12009,0.01423397369873912,1.0,2023-12-02,observed_fit,93.74770379074938,6586.193411264612,total_vehicle_market_proxy,False
tco_evse,2023,12023,0.012410763727534446,1.0,2023-12-02,observed_fit,15.652281119562614,1261.1859723698194,total_vehicle_market_proxy,False
tco_evse,2023,12041,0.01022182682039517,1.0,2023-12-02,observed_fit,2.1486040996459965,210.19766206163652,total_vehicle_market_proxy,False
tco_evse,2023,12045,0.007636291381791962,1.0,2023-12-02,observed_fit,2.942739424669173,385.3623804463337,total_vehicle_market_proxy,False
tco_evse,2023,12046,0.012016979155127831,1.0,2023-12-02,observed_fit,4.209901539085484,350.32943676939425,total_vehicle_market_proxy,False
tco_evse,2023,12047,0.011688552382615491,1.0,2023-12-02,observed_fit,162.56530572219447,13908.078639744952,total_vehicle_market_proxy,False
tco_evse,2023,12054,0.012759645091498635,1.0,2023-12-02,observed_fit,299.4953116448996,23472.072263549417,total_vehicle_market_proxy,False
tco_evse,2023,12059,0.017258154790243778,1.0,2023-12-02,observed_fit,19.95193083623892,1156.0871413390012,total_vehicle_market_proxy,False
tco_evse,2023,12067,0.017729929614343033,1.0,2023-12-02,observed_fit,12.422632511507596,700.6588735387885,total_vehicle_market_proxy,False
tco_evse,2023,12077,0.011111673475324666,1.0,2023-12-02,observed_fit,81.35839788267647,7321.88522848034,total_vehicle_market_proxy,False
tco_evse,2023,12084,0.016683236375514478,1.0,2023-12-02,observed_fit,57.27736226866164,3433.228480340064,total_vehicle_market_proxy,False
tco_evse,2023,12085,0.019364276469544566,1.0,2023-12-02,observed_fit,2.713550427608953,140.1317747077577,total_vehicle_market_proxy,False
tco_evse,2023,12110,0.010166155916114826,1.0,2023-12-02,observed_fit,184.48589042728184,18147.064824654622,total_vehicle_market_proxy,False
tco_evse,2023,12120,0.01827276395266152,1.0,2023-12-02,observed_fit,5.7613383933804005,315.29649309245485,total_vehicle_market_proxy,False
tco_evse,2023,12143,0.015218888366644054,1.0,2023-12-02,observed_fit,23.459148194867872,1541.4495217853348,total_vehicle_market_proxy,False
tco_evse,2023,12147,0.0027483428787507,1.0,2023-12-02,observed_fit,0.9628254127619084,350.32943676939425,total_vehicle_market_proxy,False
tco_evse,2023,12158,0.014534033646083465,1.0,2023-12-02,observed_fit,63.64624776524807,4379.117959617428,total_vehicle_market_proxy,False
tco_evse,2023,12159,0.012462222916600749,1.0,2023-12-02,observed_fit,163.28404421899992,13102.320935175345,total_vehicle_market_proxy,False
tco_evse,2023,12161,0.0033824427779216,1.0,2023-12-02,observed_fit,0.0067648855558432,2.0,market_size,False
tco_evse,2023,12183,0.010967337228313823,1.0,2023-12-02,observed_fit,14.600288081409726,1331.251859723698,total_vehicle_market_proxy,False
tco_evse,2023,12186,0.012952008523918515,1.0,2023-12-02,observed_fit,93.4718789350654,7216.786397449522,total_vehicle_market_proxy,False
tco_evse,2023,12189,0.014411523550033516,1.0,2023-12-02,observed_fit,125.71464511397537,8723.202975557917,total_vehicle_market_proxy,False
tco_evse,2023,12193,0.01449831005610456,1.0,2023-12-02,observed_fit,9.650451112519995,665.625929861849,total_vehicle_market_proxy,False
tco_evse,2023,12202,0.01068502427752297,1.0,2023-12-02,observed_fit,25.82862190538229,2417.2731137088203,total_vehicle_market_proxy,False
tco_evse,2023,12203,0.013106056714751943,1.0,2023-12-02,observed_fit,255.28392317336127,19478.31668437832,total_vehicle_market_proxy,False
tco_evse,2023,12204,0.012266082739554714,1.0,2023-12-02,observed_fit,67.03584977723386,5465.139213602551,total_vehicle_market_proxy,False
tco_evse,2023,12205,0.01159949368673739,1.0,2023-12-02,observed_fit,186.9276281439033,16115.154091392136,total_vehicle_market_proxy,False
tco_evse,2023,12206,0.014626265835322517,1.0,2023-12-02,observed_fit,52.26491701570531,3573.3602550478213,total_vehicle_market_proxy,False
tco_evse,2023,12207,0.009502263154135361,1.0,2023-12-02,observed_fit,88.88223071856899,9353.795961742826,total_vehicle_market_proxy,False
tco_evse,2023,12208,0.014341636884249961,1.0,2023-12-02,observed_fit,185.899010164387,12962.189160467587,total_vehicle_market_proxy,False
tco_evse,2023,12209,0.012223620108261014,1.0,2023-12-02,observed_fit,52.24398616328351,4274.01912858661,total_vehicle_market_proxy,False
tco_evse,2023,12210,0.01842834527208245,1.0,2023-12-02,observed_fit,58.10392637784516,3152.9649309245483,total_vehicle_market_proxy,False
tco_evse,2023,12211,0.012133805321708801,1.0,2023-12-02,observed_fit,144.1031093451842,11876.167906482466,total_vehicle_market_proxy,False
tco_evse,2023,12222,0.025896211123671183,1.0,2023-12-02,observed_fit,6.350543540191934,245.230605738576,total_vehicle_market_proxy,False
tco_evse,2023,12469,0.023772904096741453,1.0,2023-12-02,observed_fit,5.829843671808981,245.230605738576,total_vehicle_market_proxy,False
tco_evse,2024,12007,0.0016390401135932535,1.0,2024-12-02,observed_fit,0.1148407999675137,70.06588735387885,total_vehicle_market_proxy,False
tco_evse,2024,12009,0.021326565182858408,1.0,2024-12-02,observed_fit,140.46088309224731,6586.193411264612,total_vehicle_market_proxy,False
tco_evse,2024,12023,0.01899253884649332,1.0,2024-12-02,observed_fit,23.953123572886245,1261.1859723698194,total_vehicle_market_proxy,False
tco_evse,2024,12041,0.013393006500987677,1.0,2024-12-02,observed_fit,2.815178654483909,210.19766206163652,total_vehicle_market_proxy,False
tco_evse,2024,12045,0.011503123267800654,1.0,2024-12-02,observed_fit,4.432870965047269,385.3623804463337,total_vehicle_market_proxy,False
tco_evse,2024,12046,0.019929842311285362,1.0,2024-12-02,observed_fit,6.982010431815443,350.32943676939425,total_vehicle_market_proxy,False
tco_evse,2024,12047,0.0181031738195736,1.0,2024-12-02,observed_fit,251.78036511160164,13908.078639744952,total_vehicle_market_proxy,False
tco_evse,2024,12054,0.018903340671542722,1.0,2024-12-02,observed_fit,443.7005782649435,23472.072263549417,total_vehicle_market_proxy,False
tco_evse,2024,12059,0.02613474533372764,1.0,2024-12-02,observed_fit,30.21404302249199,1156.0871413390012,total_vehicle_market_proxy,False
tco_evse,2024,12067,0.02570541697029847,1.0,2024-12-02,observed_fit,18.01072849825418,700.6588735387885,total_vehicle_market_proxy,False
tco_evse,2024,12077,0.017013863856422205,1.0,2024-12-02,observed_fit,124.57355844971327,7321.88522848034,total_vehicle_market_proxy,False
tco_evse,2024,12084,0.025240970876240294,1.0,2024-12-02,observed_fit,86.65802008374227,3433.228480340064,total_vehicle_market_proxy,False
tco_evse,2024,12085,0.027788356706680523,1.0,2024-12-02,observed_fit,3.894031741519363,140.1317747077577,total_vehicle_market_proxy,False
tco_evse,2024,12110,0.01623342841500039,1.0,2024-12-02,observed_fit,294.5890777734024,18147.064824654622,total_vehicle_market_proxy,False
tco_evse,2024,12120,0.02362968575121825,1.0,2024-12-02,observed_fit,7.450357050235863,315.29649309245485,total_vehicle_market_proxy,False
tco_evse,2024,12143,0.021283792780252903,1.0,2024-12-02,observed_fit,32.807892202899,1541.4495217853348,total_vehicle_market_proxy,False
tco_evse,2024,12147,0.0065057939205628345,1.0,2024-12-02,observed_fit,2.279171119928527,350.32943676939425,total_vehicle_market_proxy,False
tco_evse,2024,12158,0.021101607589458195,1.0,2024-12-02,observed_fit,92.4064287717958,4379.117959617428,total_vehicle_market_proxy,False
tco_evse,2024,12159,0.018874471128412767,1.0,2024-12-02,observed_fit,247.2993782061652,13102.320935175345,total_vehicle_market_proxy,False
tco_evse,2024,12161,0.0032780802271865,1.0,2024-12-02,observed_fit,0.006556160454373,2.0,market_size,False
tco_evse,2024,12183,0.01759388976750077,1.0,2024-12-02,observed_fit,23.421898472759143,1331.251859723698,total_vehicle_market_proxy,False
tco_evse,2024,12186,0.01918396043325384,1.0,2024-12-02,observed_fit,138.44654470391615,7216.786397449522,total_vehicle_market_proxy,False
tco_evse,2024,12189,0.021440842463656802,1.0,2024-12-02,observed_fit,187.03282077743955,8723.202975557917,total_vehicle_market_proxy,False
tco_evse,2024,12193,0.02262672875665718,1.0,2024-12-02,observed_fit,15.060937368381774,665.625929861849,total_vehicle_market_proxy,False
tco_evse,2024,12202,0.017141012034734775,1.0,2024-12-02,observed_fit,41.43450753332369,2417.2731137088203,total_vehicle_market_proxy,False
tco_evse,2024,12203,0.019746121461579034,1.0,2024-12-02,observed_fit,384.6212071168357,19478.31668437832,total_vehicle_market_proxy,False
tco_evse,2024,12204,0.018931192021693518,1.0,2024-12-02,observed_fit,103.461599877997,5465.139213602551,total_vehicle_market_proxy,False
tco_evse,2024,12205,0.018794115285351663,1.0,2024-12-02,observed_fit,302.8700638348303,16115.154091392136,total_vehicle_market_proxy,False
tco_evse,2024,12206,0.022106597427115474,1.0,2024-12-02,observed_fit,78.99483662039685,3573.3602550478213,total_vehicle_market_proxy,False
tco_evse,2024,12207,0.014414885318759653,1.0,2024-12-02,observed_fit,134.8338960836,9353.795961742826,total_vehicle_market_proxy,False
tco_evse,2024,12208,0.021109122823321183,1.0,2024-12-02,observed_fit,273.6204430474328,12962.189160467587,total_vehicle_market_proxy,False
tco_evse,2024,12209,0.018564513337905805,1.0,2024-12-02,observed_fit,79.34508511911068,4274.01912858661,total_vehicle_market_proxy,False
tco_evse,2024,12210,0.027399168354255796,1.0,2024-12-02,observed_fit,86.3886169574662,3152.9649309245483,total_vehicle_market_proxy,False
tco_evse,2024,12211,0.018743103670871255,1.0,2024-12-02,observed_fit,222.59624628387488,11876.167906482466,total_vehicle_market_proxy,False
tco_evse,2024,12222,0.03047792805107149,1.0,2024-12-02,observed_fit,7.474120757620998,245.230605738576,total_vehicle_market_proxy,False
tco_evse,2024,12469,0.03171992692065606,1.0,2024-12-02,observed_fit,7.77869689273585,245.230605738576,total_vehicle_market_proxy,False
tco_evse,2025,12007,0.008616071064062179,1.0,2025-12-08,future_forecast,0.6036926646075957,70.06588735387885,total_vehicle_market_proxy,False
tco_evse,2025,12009,0.028763832048623275,1.0,2025-12-08,future_forecast,189.44416112136452,6586.193411264612,total_vehicle_market_proxy,False
tco_evse,2025,12023,0.025918349595751882,1.0,2025-12-08,future_forecast,32.687858937139254,1261.1859723698194,total_vehicle_market_proxy,False
tco_evse,2025,12041,0.018627060290578583,1.0,2025-12-08,future_forecast,3.9153645241607657,210.19766206163652,total_vehicle_market_proxy,False
tco_evse,2025,12045,0.017890578559786485,1.0,2025-12-08,future_forecast,6.89435594136146,385.3623804463337,total_vehicle_market_proxy,False
tco_evse,2025,12046,0.02743001543521143,1.0,2025-12-08,future_forecast,9.609541857993412,350.32943676939425,total_vehicle_market_proxy,False
tco_evse,2025,12047,0.025855738232952806,1.0,2025-12-08,future_forecast,359.6036406325678,13908.078639744952,total_vehicle_market_proxy,False
tco_evse,2025,12054,0.02577820640404659,1.0,2025-12-08,future_forecast,605.0679235404739,23472.072263549417,total_vehicle_market_proxy,False
tco_evse,2025,12059,0.035150947820962355,1.0,2025-12-08,future_forecast,40.63755878169276,1156.0871413390012,total_vehicle_market_proxy,False
tco_evse,2025,12067,0.03336222237571522,1.0,2025-12-08,future_forecast,23.37553714851919,700.6588735387885,total_vehicle_market_proxy,False
tco_evse,2025,12077,0.023867385628094616,1.0,2025-12-08,future_forecast,174.7542582727899,7321.88522848034,total_vehicle_market_proxy,False
tco_evse,2025,12084,0.03394252322674084,1.0,2025-12-08,future_forecast,116.53243743665077,3433.228480340064,total_vehicle_market_proxy,False
tco_evse,2025,12085,0.03776654778112589,1.0,2025-12-08,future_forecast,5.292293365154499,140.1317747077577,total_vehicle_market_proxy,False
tco_evse,2025,12110,0.023794057867257468,1.0,2025-12-08,future_forecast,431.79231055870457,18147.064824654622,total_vehicle_market_proxy,False
tco_evse,2025,12120,0.030470106801822806,1.0,2025-12-08,future_forecast,9.607117818767286,315.29649309245485,total_vehicle_market_proxy,False
tco_evse,2025,12143,0.029021048204043685,1.0,2025-12-08,future_forecast,44.73448087583229,1541.4495217853348,total_vehicle_market_proxy,False
tco_evse,2025,12147,0.01305677627552882,1.0,2025-12-08,future_forecast,4.57417307863,350.32943676939425,total_vehicle_market_proxy,False
tco_evse,2025,12158,0.028261586172159216,1.0,2025-12-08,future_forecast,123.76081957377798,4379.117959617428,total_vehicle_market_proxy,False
tco_evse,2025,12159,0.02578975779610183,1.0,2025-12-08,future_forecast,337.9056834849666,13102.320935175345,total_vehicle_market_proxy,False
tco_evse,2025,12161,0.00344076226626105,1.0,2025-12-08,future_forecast,0.0068815245325221,2.0,market_size,False
tco_evse,2025,12183,0.02600135953747444,1.0,2025-12-08,future_forecast,34.61435823960736,1331.251859723698,total_vehicle_market_proxy,False
tco_evse,2025,12186,0.025907275260476238,1.0,2025-12-08,future_forecast,186.96727169478544,7216.786397449522,total_vehicle_market_proxy,False
tco_evse,2025,12189,0.029130275149631214,1.0,2025-12-08,future_forecast,254.10930286408384,8723.202975557917,total_vehicle_market_proxy,False
tco_evse,2025,12193,0.03180543541181786,1.0,2025-12-08,future_forecast,21.17052252065224,665.625929861849,total_vehicle_market_proxy,False
tco_evse,2025,12202,0.024772092582967555,1.0,2025-12-08,future_forecast,59.88091337111316,2417.2731137088203,total_vehicle_market_proxy,False
tco_evse,2025,12203,0.027336881823641995,1.0,2025-12-08,future_forecast,532.4764413243242,19478.31668437832,total_vehicle_market_proxy,False
tco_evse,2025,12204,0.02690003016873713,1.0,2025-12-08,future_forecast,147.01240972225693,5465.139213602551,total_vehicle_market_proxy,False
tco_evse,2025,12205,0.027752481926241735,1.0,2025-12-08,future_forecast,447.2355226599608,16115.154091392136,total_vehicle_market_proxy,False
tco_evse,2025,12206,0.030837072003210148,1.0,2025-12-08,future_forecast,110.19196747831904,3573.3602550478213,total_vehicle_market_proxy,False
tco_evse,2025,12207,0.020220995068964444,1.0,2025-12-08,future_forecast,189.1430620185012,9353.795961742826,total_vehicle_market_proxy,False
tco_evse,2025,12208,0.028728820301254298,1.0,2025-12-08,future_forecast,372.3884031019396,12962.189160467587,total_vehicle_market_proxy,False
tco_evse,2025,12209,0.02600786910538343,1.0,2025-12-08,future_forecast,111.15813005018552,4274.01912858661,total_vehicle_market_proxy,False
tco_evse,2025,12210,0.03662481699707859,1.0,2025-12-08,future_forecast,115.47676359331813,3152.9649309245483,total_vehicle_market_proxy,False
tco_evse,2025,12211,0.026313919365170423,1.0,2025-12-08,future_forecast,312.50852465840444,11876.167906482466,total_vehicle_market_proxy,False
tco_evse,2025,12222,0.03527564109485369,1.0,2025-12-08,future_forecast,8.650666833507575,245.230605738576,total_vehicle_market_proxy,False
tco_evse,2025,12469,0.03961434737440978,1.0,2025-12-08,future_forecast,9.714650402564878,245.230605738576,total_vehicle_market_proxy,False
tco_evse,2026,12007,0.016071657108518128,1.0,2026-12-08,future_forecast,1.1260749165555974,70.06588735387885,total_vehicle_market_proxy,False
tco_evse,2026,12009,0.03746990566591977,1.0,2026-12-08,future_forecast,246.78404581758736,6586.193411264612,total_vehicle_market_proxy,False
tco_evse,2026,12023,0.0336818224483845,1.0,2026-12-08,future_forecast,42.47904199575342,1261.1859723698194,total_vehicle_market_proxy,False
tco_evse,2026,12041,0.025002355231332856,1.0,2026-12-08,future_forecast,5.2554366156606935,210.19766206163652,total_vehicle_market_proxy,False
tco_evse,2026,12045,0.025654339186394384,1.0,2026-12-08,future_forecast,9.8862172176466,385.3623804463337,total_vehicle_market_proxy,False
tco_evse,2026,12046,0.03635101496590379,1.0,2026-12-08,future_forecast,12.734830599000896,350.32943676939425,total_vehicle_market_proxy,False
tco_evse,2026,12047,0.034938221709097314,1.0,2026-12-08,future_forecast,485.9235350629697,13908.078639744952,total_vehicle_market_proxy,False
tco_evse,2026,12054,0.033683354350468674,1.0,2026-12-08,future_forecast,790.6181273929423,23472.072263549417,total_vehicle_market_proxy,False
tco_evse,2026,12059,0.04491356349270897,1.0,2026-12-08,future_forecast,51.92399322563364,1156.0871413390012,total_vehicle_market_proxy,False
tco_evse,2026,12067,0.04164307434075351,1.0,2026-12-08,future_forecast,29.17758955828438,700.6588735387885,total_vehicle_market_proxy,False
tco_evse,2026,12077,0.03185677600670392,1.0,2026-12-08,future_forecast,233.2516576704923,7321.88522848034,total_vehicle_market_proxy,False
tco_evse,2026,12084,0.04355995588639532,1.0,2026-12-08,future_forecast,149.55128115152922,3433.228480340064,total_vehicle_market_proxy,False
tco_evse,2026,12085,0.048746695925321396,1.0,2026-12-08,future_forecast,6.830961011154708,140.1317747077577,total_vehicle_market_proxy,False
tco_evse,2026,12110,0.032758186520699256,1.0,2026-12-08,future_forecast,594.4649343292567,18147.064824654622,total_vehicle_market_proxy,False
tco_evse,2026,12120,0.03869070228622906,1.0,2026-12-08,future_forecast,12.199042746132248,315.29649309245485,total_vehicle_market_proxy,False
tco_evse,2026,12143,0.037618515015076244,1.0,2026-12-08,future_forecast,57.98704198026371,1541.4495217853348,total_vehicle_market_proxy,False
tco_evse,2026,12147,0.020758511541912248,1.0,2026-12-08,future_forecast,7.272317656649088,350.32943676939425,total_vehicle_market_proxy,False
tco_evse,2026,12158,0.03647408509777583,1.0,2026-12-08,future_forecast,159.72432111228454,4379.117959617428,total_vehicle_market_proxy,False
tco_evse,2026,12159,0.03367279888782045,1.0,2026-12-08,future_forecast,441.191817813839,13102.320935175345,total_vehicle_market_proxy,False
tco_evse,2026,12161,0.00384000495331925,1.0,2026-12-08,future_forecast,0.0076800099066385,2.0,market_size,False
tco_evse,2026,12183,0.03577116749562405,1.0,2026-12-08,future_forecast,47.62043325303742,1331.251859723698,total_vehicle_market_proxy,False
tco_evse,2026,12186,0.033673808768901366,1.0,2026-12-08,future_forecast,243.01668507372383,7216.786397449522,total_vehicle_market_proxy,False
tco_evse,2026,12189,0.037881182750822896,1.0,2026-12-08,future_forecast,330.4452460896315,8723.202975557917,total_vehicle_market_proxy,False
tco_evse,2026,12193,0.04146062795304422,1.0,2026-12-08,future_forecast,27.59726903390123,665.625929861849,total_vehicle_market_proxy,False
tco_evse,2026,12202,0.034028184340265125,1.0,2026-12-08,future_forecast,82.2554151140504,2417.2731137088203,total_vehicle_market_proxy,False
tco_evse,2026,12203,0.0360393684927043,1.0,2026-12-08,future_forecast,701.9862326059005,19478.31668437832,total_vehicle_market_proxy,False
tco_evse,2026,12204,0.03621840675322287,1.0,2026-12-08,future_forecast,197.93863500124573,5465.139213602551,total_vehicle_market_proxy,False
tco_evse,2026,12205,0.03814096719974109,1.0,2026-12-08,future_forecast,614.6475636185609,16115.154091392136,total_vehicle_market_proxy,False
tco_evse,2026,12206,0.04111036375582633,1.0,2026-12-08,future_forecast,146.90213991562828,3573.3602550478213,total_vehicle_market_proxy,False
tco_evse,2026,12207,0.026968863812081162,1.0,2026-12-08,future_forecast,252.261249418237,9353.795961742826,total_vehicle_market_proxy,False
tco_evse,2026,12208,0.037509665116914684,1.0,2026-12-08,future_forecast,486.2073745912407,12962.189160467587,total_vehicle_market_proxy,False
tco_evse,2026,12209,0.03458704096070207,1.0,2026-12-08,future_forecast,147.82567466724927,4274.01912858661,total_vehicle_market_proxy,False
tco_evse,2026,12210,0.04698121946153616,1.0,2026-12-08,future_forecast,148.1301373742934,3152.9649309245483,total_vehicle_market_proxy,False
tco_evse,2026,12211,0.03496975800208445,1.0,2026-12-08,future_forecast,415.30671768181367,11876.167906482466,total_vehicle_market_proxy,False
tco_evse,2026,12222,0.04088654397866161,1.0,2026-12-08,future_forecast,10.026631946444112,245.230605738576,total_vehicle_market_proxy,False
tco_evse,2026,12469,0.04861973051229894,1.0,2026-12-08,future_forecast,11.923045964377396,245.230605738576,total_vehicle_market_proxy,False
tco_evse,2027,12007,0.022486507226715705,1.0,2027-09-08,future_forecast,1.5755370823292452,70.06588735387885,total_vehicle_market_proxy,False
tco_evse,2027,12009,0.04511161285841418,1.0,2027-09-08,future_forecast,297.11380737960747,6586.193411264612,total_vehicle_market_proxy,False
tco_evse,2027,12023,0.040558729254050026,1.0,2027-09-08,future_forecast,51.152100392353326,1261.1859723698194,total_vehicle_market_proxy,False
tco_evse,2027,12041,0.030684201566729793,1.0,2027-09-08,future_forecast,6.449747431554607,210.19766206163652,total_vehicle_market_proxy,False
tco_evse,2027,12045,0.03243589636669268,1.0,2027-09-08,future_forecast,12.499574235779278,385.3623804463337,total_vehicle_market_proxy,False
tco_evse,2027,12046,0.044145209706466265,1.0,2027-09-08,future_forecast,15.465366452533123,350.32943676939425,total_vehicle_market_proxy,False
tco_evse,2027,12047,0.04284120267083165,1.0,2027-09-08,future_forecast,595.8388157671781,13908.078639744952,total_vehicle_market_proxy,False
tco_evse,2027,12054,0.04066975931898892,1.0,2027-09-08,future_forecast,954.6035296764702,23472.072263549417,total_vehicle_market_proxy,False
tco_evse,2027,12059,0.05342102426543727,1.0,2027-09-08,future_forecast,61.75935923043078,1156.0871413390012,total_vehicle_market_proxy,False
tco_evse,2027,12067,0.04900291339184746,1.0,2027-09-08,future_forecast,34.33432609725065,700.6588735387885,total_vehicle_market_proxy,False
tco_evse,2027,12077,0.03888746161268308,1.0,2027-09-08,future_forecast,284.7295307550005,7321.88522848034,total_vehicle_market_proxy,False
tco_evse,2027,12084,0.05194749028731556,1.0,2027-09-08,future_forecast,178.34760313660064,3433.228480340064,total_vehicle_market_proxy,False
tco_evse,2027,12085,0.05818257830139602,1.0,2027-09-08,future_forecast,8.153227954447699,140.1317747077577,total_vehicle_market_proxy,False
tco_evse,2027,12110,0.0405484272962569,1.0,2027-09-08,future_forecast,735.8349386829689,18147.064824654622,total_vehicle_market_proxy,False
tco_evse,2027,12120,0.0459741964323202,1.0,2027-09-08,future_forecast,14.49550290785421,315.29649309245485,total_vehicle_market_proxy,False
tco_evse,2027,12143,0.04517888986943861,1.0,2027-09-08,future_forecast,69.64097818403846,1541.4495217853348,total_vehicle_market_proxy,False
tco_evse,2027,12147,0.027429646287228125,1.0,2027-09-08,future_forecast,9.609412534588335,350.32943676939425,total_vehicle_market_proxy,False
tco_evse,2027,12158,0.0437278691851552,1.0,2027-09-08,future_forecast,191.48949728451464,4379.117959617428,total_vehicle_market_proxy,False
tco_evse,2027,12159,0.04064201079589473,1.0,2027-09-08,future_forecast,532.5046688986739,13102.320935175345,total_vehicle_market_proxy,False
tco_evse,2027,12161,0.00426016597812215,1.0,2027-09-08,future_forecast,0.0085203319562443,2.0,market_size,False
tco_evse,2027,12183,0.04420375702722482,1.0,2027-09-08,future_forecast,58.84633374926754,1331.251859723698,total_vehicle_market_proxy,False
tco_evse,2027,12186,0.04055299048601921,1.0,2027-09-08,future_forecast,292.6622701154033,7216.786397449522,total_vehicle_market_proxy,False
tco_evse,2027,12189,0.04556121502845092,1.0,2027-09-08,future_forecast,397.43972650621714,8723.202975557917,total_vehicle_market_proxy,False
tco_evse,2027,12193,0.049858324716603196,1.0,2027-09-08,future_forecast,33.186993750843016,665.625929861849,total_vehicle_market_proxy,False
tco_evse,2027,12202,0.042054244090935784,1.0,2027-09-08,future_forecast,101.6565935583671,2417.2731137088203,total_vehicle_market_proxy,False
tco_evse,2027,12203,0.04366369251217885,1.0,2027-09-08,future_forecast,850.495230361538,19478.31668437832,total_vehicle_market_proxy,False
tco_evse,2027,12204,0.04431342466439383,1.0,2027-09-08,future_forecast,242.17903482240115,5465.139213602551,total_vehicle_market_proxy,False
tco_evse,2027,12205,0.04705978339180597,1.0,2027-09-08,future_forecast,758.3756608664897,16115.154091392136,total_vehicle_market_proxy,False
tco_evse,2027,12206,0.04996776429850142,1.0,2027-09-08,future_forecast,178.55282297786246,3573.3602550478213,total_vehicle_market_proxy,False
tco_evse,2027,12207,0.03297097658958682,1.0,2027-09-08,future_forecast,308.4037876783945,9353.795961742826,total_vehicle_market_proxy,False
tco_evse,2027,12208,0.0452087614752506,1.0,2027-09-08,future_forecast,586.004517952658,12962.189160467587,total_vehicle_market_proxy,False
tco_evse,2027,12209,0.04210182982323794,1.0,2027-09-08,future_forecast,179.9440260130172,4274.01912858661,total_vehicle_market_proxy,False
tco_evse,2027,12210,0.05594597883328458,1.0,2027-09-08,future_forecast,176.39570928759335,3152.9649309245483,total_vehicle_market_proxy,False
tco_evse,2027,12211,0.04254728790033572,1.0,2027-09-08,future_forecast,505.2987350698368,11876.167906482466,total_vehicle_market_proxy,False
tco_evse,2027,12222,0.04617531386945405,1.0,2027-09-08,future_forecast,11.323600190375087,245.230605738576,total_vehicle_market_proxy,False
tco_evse,2027,12469,0.05659197442977629,1.0,2027-09-08,future_forecast,13.878084169356043,245.230605738576,total_vehicle_market_proxy,False
