{
  "p": 1e-06,
  "q": 0.044765122148518605,
  "M": 347862.3821175264
}