{
  "alpha_p": -10.0,
  "beta_p": [
    0.10918464999409046
  ],
  "q": 0.04117976888564137,
  "M": 631641.9979932894,
  "feature_cols": [
    "tco_adv_t"
  ],
  "X_mean": [
    0.04217254733218588
  ],
  "X_std": [
    0.021114641935070986
  ]
}