{
  "alpha_p": -10.0,
  "beta_p": [
    1.1931995822373826,
    1.5760816975420378
  ],
  "q": 0.03926058734351901,
  "M": 560562.8089052471,
  "feature_cols": [
    "tco_adv_t",
    "subsidy_share_t"
  ],
  "X_mean": [
    0.04217254733218588,
    0.12743739207791488
  ],
  "X_std": [
    0.021114641935070986,
    0.02450555948910166
  ]
}