date,flow_ev_t,DMV_ID,stock_ev_t,stock_all_t,zip,gas_price_t,elec_price_t,C_gas_t,C_ev_t,tco_adv_t,adopt_ev_t_full,adopt_ev_cum_t_full,adopt_ev_cum_prev_full,sample_weight,market_size,adopt_ev_t,adopt_ev_cum_t,adopt_ev_cum_prev,remaining_market,imitation_share,interval_days,log_interval_scale,log_remaining_market,zip_idx,date_idx,flow_ev_t_hat_one_step,flow_ev_t_hat_fit,flow_ev_t_hat_anchor,stock_ev_t_hat_fit,stock_ev_t_hat_one_step,stock_ev_t_hat_anchor,is_train
2018-01-01,8.0,11.0,69.0,,11590,2.633,0.19383099999999998,0.09403571428571429,0.05814929999999999,0.035886414285714305,8.0,141.0,133.0,0.35,16328.865764162598,8.0,141.0,133.0,16195.865764162598,0.008145085024331493,31.0,0.0,9.692511288908431,0,0,5.174593366265141,5.174593366265141,,5.174593366265141,5.174593366265141,8.0,1
2018-02-01,7.0,,,,11590,2.685,0.20355499999999999,0.09589285714285714,0.061066499999999996,0.034826357142857145,7.0,148.0,141.0,0.35,16328.865764162598,7.0,148.0,141.0,16187.865764162598,0.008635014950607072,31.0,0.0,9.692017213656124,0,1,5.36109893160197,5.295251018159247,,10.424742359241502,10.490590272684226,14.93027158349961,1
2018-03-01,6.0,12.0,83.0,,11590,2.641,0.19740100000000002,0.09432142857142857,0.059220300000000003,0.035101128571428566,6.0,154.0,148.0,0.35,16328.865764162598,6.0,154.0,148.0,16180.865764162598,0.009063703636098203,28.0,0.0,9.691584697472845,0,2,5.524138011568555,5.418641145565129,,15.774694260375007,15.945465105979379,20.834418899403033,1
2018-04-01,3.0,13.0,86.0,,11590,2.831,0.186742,0.10110714285714285,0.0560226,0.045084542857142855,3.0,157.0,154.0,0.35,16328.865764162598,3.0,157.0,154.0,16174.865764162598,0.009431151080804888,31.0,0.0,9.69121382036481,0,3,5.663771922046152,5.544821759882088,,21.223055355163137,21.511570076460902,23.71117735209459,1
2018-05-01,3.0,14.0,88.0,,11590,3.008,0.18830200000000002,0.10742857142857143,0.0564906,0.05093797142857143,3.0,160.0,157.0,0.35,16328.865764162598,3.0,160.0,157.0,16171.865764162598,0.009614874803158228,30.0,0.0,9.69102833021685,0,4,5.733549459932714,5.673851917645592,,26.776501058467804,27.12288407772585,26.5899508130787,1
2018-06-01,7.0,15.0,91.0,,11590,2.993,0.20802700000000002,0.10689285714285714,0.0624081,0.044484757142857136,7.0,167.0,160.0,0.35,16328.865764162598,7.0,167.0,160.0,16168.865764162598,0.00979859852551157,31.0,0.0,9.690842805655912,0,5,5.803300719584453,5.805791730063659,,32.432510607348576,32.77455459257453,33.44995965502132,1
2018-07-01,5.0,16.0,90.0,,11590,2.931,0.204559,0.10467857142857143,0.0613677,0.04331087142857143,5.0,172.0,167.0,0.35,16328.865764162598,5.0,172.0,167.0,16161.865764162598,0.010227287211002701,30.0,0.0,9.69040978111372,0,6,5.965951465636416,5.940702372115665,,38.19685614995522,38.562528862287394,38.26391128753606,1
2018-08-01,3.0,17.0,92.0,,11590,2.905,0.22044699999999998,0.10375,0.06613409999999999,0.03761590000000001,3.0,175.0,172.0,0.35,16328.865764162598,3.0,175.0,172.0,16156.865764162598,0.010533493414924938,31.0,0.0,9.690100363026843,0,7,6.082042975843167,6.078646091176793,,44.069654850481236,44.43687899335943,41.06080344264519,1
2018-09-01,8.0,18.0,94.0,,11590,2.891,0.222677,0.10325,0.0668031,0.03644689999999999,8.0,183.0,175.0,0.35,16328.865764162598,8.0,183.0,175.0,16153.865764162598,0.01071721713727828,31.0,0.0,9.689914666209303,0,8,6.151662844320785,6.219686215129409,,50.05462562840308,50.35204454469867,48.85115351071107,1
2018-10-01,10.0,19.0,99.0,,11590,2.897,0.201892,0.1034642857142857,0.06056759999999999,0.04289668571428571,10.0,193.0,183.0,0.35,16328.865764162598,10.0,193.0,183.0,16145.865764162598,0.011207147063553859,30.0,0.0,9.689419306044678,0,9,6.337187355557518,6.363887159921046,,56.15561805219739,56.42513675995748,58.58779260344867,1
2018-11-01,7.0,20.0,106.0,,11590,2.753,0.199849,0.09832142857142857,0.0599547,0.038366728571428574,7.0,200.0,193.0,0.35,16328.865764162598,7.0,200.0,193.0,16135.865764162598,0.011819559471398332,31.0,0.0,9.688799760571346,0,10,6.568830212255191,6.511314436526621,,62.37234577584214,62.69816898475326,65.26739879029986,1
2018-12-01,9.0,21.0,108.0,,11590,2.562,0.193505,0.0915,0.0580515,0.0334485,9.0,209.0,200.0,0.35,16328.865764162598,9.0,209.0,200.0,16128.865764162598,0.012248248156889463,30.0,0.0,9.688365850243985,0,11,6.730806483613339,6.662034657270653,,68.70149871921974,69.0942848108543,73.91463725970075,1
2019-01-01,12.0,22.0,115.0,,11590,2.42,0.18899100000000002,0.08642857142857142,0.056697300000000006,0.029731271428571418,12.0,221.0,209.0,0.35,16328.865764162598,12.0,221.0,209.0,16119.865764162598,0.01279941932394949,31.0,0.0,9.68780768874075,0,12,6.9388514637666505,6.816115541463247,,75.14779253760798,75.66104519361126,85.5050353276125,1
2019-02-01,12.0,23.0,124.0,,11590,2.378,0.195275,0.08492857142857144,0.058582499999999996,0.02634607142857144,12.0,233.0,221.0,0.35,16328.865764162598,12.0,233.0,221.0,16107.865764162598,0.013534314213362857,31.0,0.0,9.687062988447833,0,13,7.215876875350194,6.9736259203015205,,81.65883413203761,82.41114835868309,96.93822358155195,1
2019-03-01,8.0,24.0,134.0,,11590,2.547,0.18817,0.09096428571428572,0.056451,0.03451328571428572,8.0,241.0,233.0,0.35,16328.865764162598,8.0,241.0,233.0,16095.865764162598,0.014269209102776225,28.0,0.0,9.686317733163062,0,14,7.492481835176555,7.134635740986055,,88.29294906938819,89.3975070709084,104.3278898610583,1
2019-04-01,3.0,25.0,137.0,,11590,2.79,0.185105,0.09964285714285714,0.0555315,0.04411135714285715,3.0,244.0,241.0,0.35,16328.865764162598,3.0,244.0,241.0,16087.865764162598,0.014759139029051804,31.0,0.0,9.685820587569008,0,15,7.676651557417915,7.299216069999746,,95.05277534571329,96.52663240480906,106.70545203800778,1
2019-05-01,7.0,26.0,126.0,,11590,2.937,0.187827,0.10489285714285713,0.0563481,0.04854475714285714,7.0,251.0,244.0,0.35,16328.865764162598,7.0,251.0,244.0,16084.865764162598,0.014942862751405146,30.0,0.0,9.68563409423343,0,16,7.745667026494581,7.4674390954942105,,101.94102728811079,103.68306426137165,113.11297063849246,1
2019-06-01,6.0,27.0,134.0,,11590,2.798,0.215887,0.09992857142857144,0.0647661,0.03516247142857144,6.0,257.0,251.0,0.35,16328.865764162598,6.0,257.0,251.0,16077.865764162598,0.015371551436896277,31.0,0.0,9.685198807814777,0,17,7.906600927871375,7.639378128726589,,108.95736908497949,110.95628289014643,118.46549935695123,1
2019-07-01,7.0,28.0,140.0,,11590,2.805,0.21162,0.10017857142857144,0.063486,0.036692571428571435,7.0,264.0,257.0,0.35,16328.865764162598,7.0,264.0,257.0,16071.865764162598,0.01573899888160296,30.0,0.0,9.684825554304751,0,18,8.044430399557724,7.815107604487214,,116.10324371498764,118.32058082135397,124.74487721489582,1
2019-08-01,9.0,29.0,145.0,,11590,2.747,0.22709700000000002,0.09810714285714285,0.0681291,0.029978042857142853,9.0,273.0,264.0,0.35,16328.865764162598,9.0,273.0,264.0,16064.865764162598,0.01616768756709409,31.0,0.0,9.684389915720626,0,19,8.205098598782406,7.99470308045622,,123.38099301133705,125.7966428962468,132.99086843512134,1
2019-09-01,5.0,30.0,152.0,,11590,2.617,0.223472,0.09346428571428571,0.06704159999999999,0.026422685714285715,5.0,278.0,273.0,0.35,16328.865764162598,5.0,278.0,273.0,16055.865764162598,0.01671885873415412,31.0,0.0,9.683829529963061,0,20,8.41146177190698,8.178241235424665,,130.79085192556477,133.42679093913563,137.1967234906887,1
2019-10-01,8.0,31.0,154.0,,11590,2.542,0.203441,0.09078571428571428,0.0610323,0.029753414285714277,8.0,286.0,278.0,0.35,16328.865764162598,8.0,286.0,278.0,16050.865764162598,0.017025064938076356,30.0,0.0,9.683518068795735,0,21,8.526005786062985,8.365799866313203,,138.32852244631783,141.11115251944787,144.31825294629337,1
2019-11-01,5.0,32.0,153.0,,11590,2.565,0.209325,0.09160714285714286,0.0627975,0.028809642857142853,5.0,291.0,286.0,0.35,16328.865764162598,5.0,291.0,286.0,16042.865764162598,0.017514994864351933,31.0,0.0,9.683019529063225,0,22,8.709124378911383,8.557457883918799,,145.99390966458134,148.91352935260224,148.34016024214094,1
2019-12-01,7.0,33.0,155.0,,11590,2.553,0.20593599999999998,0.09117857142857143,0.06178079999999999,0.02939777142857144,7.0,298.0,291.0,0.35,16328.865764162598,7.0,298.0,291.0,16037.865764162598,0.01782120106827417,30.0,0.0,9.682707815470529,0,23,8.82347860581588,8.753295307317254,,153.75790162150378,156.73104317461093,154.30624277620888,1
2020-01-01,2.0,34.0,158.0,,11590,2.59,0.205478,0.0925,0.061643399999999994,0.030856600000000005,2.0,300.0,298.0,0.35,16328.865764162598,2.0,300.0,298.0,16030.865764162598,0.018249889753765302,31.0,0.0,9.682271253138465,0,24,8.983451891719664,8.953393256846727,,161.6096958197486,164.59519943134603,155.12091682415422,1
2020-02-01,5.0,35.0,155.0,,11590,2.455,0.19767600000000002,0.08767857142857143,0.0593028,0.028375771428571422,5.0,305.0,300.0,0.35,16328.865764162598,5.0,305.0,300.0,16028.865764162598,0.018372372235334195,31.0,0.0,9.682146486029868,0,25,9.029132266600204,9.157833945594586,,169.51786492958587,172.35503083895742,158.798746630257,1
2020-03-01,4.0,36.0,154.0,,11590,2.309,0.19449000000000002,0.08246428571428573,0.058347,0.024117285714285723,4.0,309.0,305.0,0.35,16328.865764162598,4.0,309.0,305.0,16023.865764162598,0.01867857843925643,29.0,0.0,9.681834500136489,0,26,9.143282107233848,9.366700669307273,,177.56341447049542,180.15582810016133,161.46031433544414,1
2020-04-01,4.0,37.0,158.0,,11590,2.074,0.200328,0.07407142857142857,0.060098399999999996,0.01397302857142857,4.0,313.0,309.0,0.35,16328.865764162598,4.0,313.0,309.0,16019.865764162598,0.01892354340239422,31.0,0.0,9.681584841321488,0,27,9.234549423271114,9.580077794639886,,185.74717301371186,187.9723126280866,164.17400561972755,1
2020-05-01,0.0,38.0,159.0,,11590,2.043,0.205233,0.07296428571428572,0.0615699,0.01139438571428572,0.0,313.0,313.0,0.35,16328.865764162598,0.0,313.0,313.0,16015.865764162598,0.01916850836553201,30.0,0.0,9.6813351201614,0,28,9.32577002244647,9.798050745659497,,194.07282750379576,195.8064634479724,162.91620560514076,1
2020-06-01,6.0,39.0,151.0,,11590,2.112,0.236011,0.07542857142857143,0.0708033,0.004625271428571429,6.0,319.0,313.0,0.35,16328.865764162598,6.0,319.0,313.0,16015.865764162598,0.01916850836553201,31.0,0.0,9.6813351201614,0,29,9.32577002244647,10.020705988513203,,202.53681686885946,203.5612210889764,167.56929842624797,1
2020-07-01,8.0,40.0,154.0,,11590,2.143,0.233034,0.07653571428571428,0.06991019999999999,0.006625514285714285,8.0,327.0,319.0,0.35,16328.865764162598,8.0,327.0,319.0,16009.865764162598,0.019535955810238693,30.0,0.0,9.680960421456085,0,30,9.462513327093426,10.24813101416905,,211.13473177475714,211.36401333919537,174.08851380153928,1
2020-08-01,4.0,41.0,157.0,,11590,2.129,0.223776,0.07603571428571429,0.06713279999999999,0.008902914285714297,4.0,331.0,327.0,0.35,16328.865764162598,4.0,331.0,327.0,16001.865764162598,0.020025885736514273,31.0,0.0,9.680460604683633,0,31,9.644674224272682,10.480414319135063,,219.86414262516075,219.2520260632473,176.51969045281143,1
2020-09-01,4.0,42.0,160.0,,11590,2.122,0.233586,0.07578571428571428,0.0700758,0.005709914285714282,4.0,335.0,331.0,0.35,16328.865764162598,4.0,335.0,331.0,15997.865764162598,0.020270850699652062,31.0,0.0,9.680210602584879,0,32,9.735684597569447,10.717645384058589,,228.72590077920003,227.13030077722797,178.84273305917964,1
2020-10-01,14.0,43.0,163.0,,11590,2.078,0.19449000000000002,0.0742142857142857,0.058347,0.015867285714285702,14.0,349.0,335.0,0.35,16328.865764162598,14.0,349.0,335.0,15993.865764162598,0.02051581566278985,30.0,0.0,9.679960537969444,0,33,9.826648254004303,10.959914650105288,,237.68023208777257,234.95388324354568,191.00164247715216,1
2020-11-01,10.0,44.0,170.0,,11590,2.05,0.217667,0.0732142857142857,0.0653001,0.007914185714285704,10.0,359.0,349.0,0.35,16328.865764162598,10.0,359.0,349.0,15979.865764162598,0.021373193033772112,31.0,0.0,9.679084819044846,0,34,10.144653156238759,11.207313493014091,,246.6857255211825,242.90290174249384,198.82959293558713,1
2020-12-01,4.0,45.0,180.0,,11590,2.137,0.20121,0.07632142857142857,0.060363,0.015958428571428568,4.0,363.0,359.0,0.35,16328.865764162598,4.0,363.0,359.0,15969.865764162598,0.021985605441616585,30.0,0.0,9.678458835673581,0,35,10.371449138513338,11.459934194721535,,255.70152387881018,250.8369704148884,200.4571052052352,1
2021-01-01,12.0,46.0,181.0,,11590,2.316,0.194951,0.08271428571428571,0.058485300000000004,0.02422898571428571,12.0,375.0,363.0,1.0,16328.865764162598,12.0,375.0,363.0,15965.865764162598,0.022230570404754377,31.0,0.0,9.678208332564399,0,36,10.462085776914828,11.717869912445948,,264.7359115174476,258.62383803035686,209.8486868830937,1
2021-02-01,8.0,47.0,189.0,,11590,2.498,0.196239,0.08921428571428572,0.0588717,0.03034258571428572,8.0,383.0,375.0,1.0,16328.865764162598,8.0,383.0,375.0,15953.865764162598,0.022965465294167743,31.0,0.0,9.677456446505792,0,37,10.73371539094784,11.981214645119037,,273.8702195692192,266.52047411737874,215.1860657666259,1
2021-03-01,18.0,48.0,194.0,,11590,2.754,0.213526,0.09835714285714285,0.0640578,0.03429934285714285,18.0,401.0,383.0,1.0,16328.865764162598,18.0,401.0,383.0,15945.865764162598,0.023455395220443324,28.0,0.0,9.67695487487591,0,38,10.914568215993636,12.250063197049604,,283.134393726876,274.46307492276543,230.54318545561583,1
2021-04-01,4.0,49.0,208.0,,11590,2.769,0.219437,0.09889285714285714,0.06583109999999999,0.033061757142857154,4.0,405.0,401.0,1.0,16328.865764162598,4.0,405.0,401.0,15927.865764162598,0.024557737554563374,31.0,0.0,9.675825418044193,0,39,11.320803838241249,12.524511138701303,,292.54444178967367,282.69108747171504,231.84627857717678,1
2021-05-01,13.0,50.0,212.0,,11590,2.937,0.216873,0.10489285714285713,0.0650619,0.03983095714285713,13.0,418.0,405.0,1.0,16328.865764162598,13.0,418.0,405.0,15923.865764162598,0.024802702517701163,30.0,0.0,9.675574254303378,0,40,11.410949949592691,12.804654764463539,,302.109067901402,290.89317151963826,242.1652106994457,1
2021-06-01,24.0,51.0,212.0,,11590,3.027,0.23659300000000003,0.10810714285714286,0.07097790000000001,0.03712924285714285,24.0,442.0,418.0,1.0,16328.865764162598,24.0,442.0,418.0,15910.865764162598,0.02559883864789898,31.0,0.0,9.67475753620346,0,41,11.703602173157314,13.09059104729206,,311.82352699164096,299.2644794829025,263.2504635331878,1
2021-07-01,10.0,52.0,235.0,,11590,3.089,0.23117100000000002,0.11032142857142857,0.0693513,0.040970128571428566,10.0,452.0,442.0,1.0,16328.865764162598,10.0,452.0,442.0,15886.865764162598,0.027068628426725715,30.0,0.0,9.673247994270504,0,42,12.242586808358633,13.382417590093072,,321.6882507437793,308.04362461381606,270.02992572726595,1
2021-08-01,7.0,53.0,243.0,,11590,3.101,0.238252,0.11075,0.0714756,0.0392744,7.0,459.0,452.0,1.0,16328.865764162598,7.0,459.0,452.0,15876.865764162598,0.027681040834570188,31.0,0.0,9.672618345306152,0,43,12.46666737303473,13.680232573722362,,331.7291915382771,316.9319227654592,273.6621659279655,1
2021-09-01,28.0,54.0,244.0,,11590,3.188,0.243286,0.11385714285714287,0.0729858,0.04087134285714286,28.0,487.0,459.0,1.0,16328.865764162598,28.0,487.0,459.0,15869.865764162598,0.02810972952006132,31.0,0.0,9.672177355019818,0,44,12.623350039977769,13.984134701468463,,341.9499658429272,325.85885842620837,298.1669357498291,1
2021-10-01,14.0,55.0,267.0,,11590,3.311,0.217552,0.11825,0.0652656,0.0529844,14.0,501.0,487.0,1.0,16328.865764162598,14.0,501.0,487.0,15841.865764162598,0.029824484262025844,30.0,0.0,9.670411446573517,0,45,13.248650003853962,14.294223139886755,,352.3607742653523,335.2969165270183,308.45470199407964,1
2021-11-01,11.0,56.0,270.0,,11590,3.458,0.217497,0.12350000000000001,0.06524909999999999,0.05825090000000002,11.0,512.0,501.0,1.0,16328.865764162598,11.0,512.0,501.0,15827.865764162598,0.030681861633008106,31.0,0.0,9.669527321559736,0,46,13.560441563454471,14.610597455849307,,362.96341224095215,344.92594109374335,315.5204495101274,1
2021-12-01,22.0,57.0,279.0,,11590,3.387,0.22061,0.12096428571428572,0.06618299999999999,0.05478128571428573,22.0,534.0,512.0,1.0,16328.865764162598,22.0,534.0,512.0,15816.865764162598,0.03135551528163703,30.0,0.0,9.668832103119774,0,47,13.805019172965698,14.933357549673403,,373.74310431206504,354.655289140518,333.5174067943774,1
2022-01-01,16.0,58.0,288.0,,11590,3.342,0.20494199999999999,0.11935714285714286,0.06148259999999999,0.057874542857142865,16.0,550.0,534.0,1.0,16328.865764162598,16.0,550.0,534.0,15794.865764162598,0.03270282257889487,31.0,0.0,9.667440214571556,0,48,14.29311450318358,15.262603584190034,,384.7071559038608,364.73100598750113,345.43974179126315,1
2022-02-01,14.0,59.0,299.0,,11590,3.607,0.218064,0.1288214285714286,0.0654192,0.06340222857142859,14.0,564.0,550.0,1.0,16328.865764162598,14.0,564.0,550.0,15778.865764162598,0.03368268243144602,31.0,0.0,9.666426713753307,0,49,14.647205304783943,15.598435909612212,,395.87776190259945,375.0363318589164,355.3903260642219,1
2022-03-01,21.0,60.0,312.0,,11590,4.252,0.225942,0.15185714285714286,0.0677826,0.08407454285714286,21.0,585.0,564.0,1.0,16328.865764162598,21.0,585.0,564.0,15764.865764162598,0.03454005980242829,28.0,0.0,9.665539057141933,0,50,14.956421597371701,15.940954984061728,,407.26453241269223,385.53293762380883,372.44804472188684,1
2022-04-01,8.0,61.0,331.0,,11590,4.014,0.221159,0.14335714285714288,0.0663477,0.07700944285714288,8.0,593.0,585.0,1.0,16328.865764162598,8.0,593.0,585.0,15743.865764162598,0.03582612585890168,31.0,0.0,9.664206093097315,0,51,15.419173008331356,16.290261289612033,,418.87239047307116,396.3778134880118,376.3652332398441,1
2022-05-01,15.0,62.0,334.0,,11590,4.643,0.25454,0.16582142857142856,0.076362,0.08945942857142856,15.0,608.0,593.0,1.0,16328.865764162598,15.0,608.0,593.0,15735.865764162598,0.036316055785177256,30.0,0.0,9.663697829539538,0,52,15.595120562876666,16.64645524370446,,430.7056773479565,407.2813941308507,387.37470577577585,1
2022-06-01,16.0,63.0,343.0,,11590,4.847,0.2818233604,0.17310714285714288,0.08454700812,0.08856013473714287,16.0,624.0,608.0,1.0,16328.865764162598,16.0,624.0,608.0,15720.865764162598,0.037234674396943966,31.0,0.0,9.662744138522822,0,53,15.924518561481664,17.00963710579443,,442.77282744225425,418.40351921575194,399.17345354140417,1
2022-07-01,10.0,64.0,353.0,,11590,4.49,0.2785991614,0.16035714285714286,0.08357974842,0.07677739443714286,10.0,634.0,624.0,1.0,16328.865764162598,10.0,634.0,624.0,15704.865764162598,0.03821453424949513,30.0,0.0,9.66172586460496,0,54,16.275152315300733,17.37990687908467,,455.07336100096524,429.7560025980449,404.6679405132585,1
2022-08-01,16.0,65.0,363.0,,11590,3.971,0.28803368030000004,0.14182142857142857,0.08641010409000001,0.05541132448142856,16.0,650.0,634.0,1.0,16328.865764162598,16.0,650.0,634.0,15694.865764162598,0.0388269466573396,31.0,0.0,9.661088916462326,0,55,16.49391883693464,17.757364207202624,,467.6098919817076,441.19859289488915,416.27820673118543,1
2022-09-01,14.0,66.0,375.0,,11590,3.456,0.2830843604,0.12342857142857143,0.08492530812,0.03850326330857143,14.0,664.0,650.0,1.0,16328.865764162598,14.0,664.0,650.0,15678.865764162598,0.039806806509890755,31.0,0.0,9.660068954818769,0,56,16.843337952344065,18.142108265680402,,480.3924299741428,452.87040808064717,425.8849845566611,1
2022-10-01,13.0,67.0,383.0,,11590,3.453,0.2599750051,0.12332142857142857,0.07799250153,0.045328927041428574,13.0,677.0,664.0,1.0,16328.865764162598,13.0,677.0,664.0,15664.865764162598,0.04066418388087302,30.0,0.0,9.659175634193023,0,57,17.148466519514752,18.534237648096653,,493.42081632187603,464.72264741959054,434.19373713977967,1
2022-11-01,17.0,68.0,393.0,,11590,3.68,0.26376337629999996,0.13142857142857142,0.07912901288999999,0.05229955853857143,17.0,694.0,677.0,1.0,16328.865764162598,17.0,694.0,677.0,15651.865764162598,0.041460320011070834,31.0,0.0,9.658345407019734,0,58,17.431287763451326,18.933850246741805,,506.70204392533617,476.7290961645944,446.561776956282,1
2022-12-01,27.0,69.0,401.0,,11590,3.246,0.2524078524,0.11592857142857142,0.07572235572000001,0.04020621570857141,27.0,721.0,694.0,1.0,16328.865764162598,27.0,721.0,694.0,15634.865764162598,0.04250142110440644,30.0,0.0,9.657258684256275,0,59,17.800386378612465,19.341043127670353,,520.2415482685299,488.97845672948694,468.9622551161616,1
2023-01-01,25.0,70.0,426.0,,11590,3.266,0.22037085239999998,0.11664285714285715,0.06611125572,0.05053160142285715,25.0,746.0,721.0,1.0,16328.865764162598,25.0,746.0,721.0,15607.865764162598,0.04415493460558652,31.0,0.0,9.655530281815079,0,60,18.384867462722955,19.755912400006768,,534.0376567505141,501.6808188394681,489.12721963009676,1
2023-02-01,19.0,71.0,440.0,,11590,3.281,0.2208565838,0.11717857142857144,0.06625697514,0.050921596288571444,19.0,765.0,746.0,1.0,16328.865764162598,19.0,765.0,746.0,15582.865764162598,0.0456859656251977,31.0,0.0,9.653927241159817,0,61,18.924155779199076,20.178553079375202,,548.0940030983546,514.785184117037,503.1224365654615,1
2023-03-01,20.0,72.0,451.0,,11590,3.258,0.2169835435,0.11635714285714285,0.06509506305,0.051262079807142855,20.0,785.0,765.0,1.0,16328.865764162598,20.0,785.0,765.0,15563.865764162598,0.046849549200102196,28.0,0.0,9.652707209302577,0,62,19.332794421703547,20.60905894532718,,562.4173944945743,528.1596374662543,518.1685200032587,1
2023-04-01,33.0,73.0,463.0,,11590,3.436,0.21484068520000002,0.1227142857142857,0.06445220556,0.0582620801542857,33.0,818.0,785.0,1.0,16328.865764162598,33.0,818.0,785.0,15543.865764162598,0.04807437401579114,31.0,0.0,9.651421355158085,0,63,19.7618016376729,21.047522392646503,,577.0177639239712,541.8312926926783,545.9043577942698,1
2023-05-01,35.0,74.0,488.0,,11590,3.483,0.21853669620000002,0.12439285714285715,0.06556100886,0.058831848282857147,35.0,853.0,818.0,1.0,16328.865764162598,35.0,853.0,818.0,15510.865764162598,0.05009533496167791,30.0,0.0,9.649296074352412,0,64,20.467110175538597,21.49403427641596,,591.8979785425306,556.0678916564739,575.5589412289203,1
2023-06-01,31.0,75.0,516.0,,11590,3.496,0.2422203604,0.12485714285714286,0.07266610812,0.05219103473714286,31.0,884.0,853.0,1.0,16328.865764162598,31.0,884.0,853.0,15475.865764162598,0.052238778389133565,31.0,0.0,9.647037041975768,0,65,21.21169011879164,21.94868375073693,,607.0585612642844,570.9030097574725,600.6588854593292,1
2023-07-01,42.0,76.0,546.0,,11590,3.538,0.24336116140000003,0.12635714285714286,0.07300834842000001,0.053348794437142855,42.0,926.0,884.0,1.0,16328.865764162598,42.0,926.0,884.0,15444.865764162598,0.05413725685345143,30.0,0.0,9.645031914098507,0,66,21.868188252028865,22.41155810100003,,622.509426019984,586.2417295918834,636.4717023157175,1
2023-08-01,45.0,77.0,579.0,,11590,3.773,0.24037968029999998,0.13475,0.07211390408999999,0.06263609591000002,45.0,971.0,926.0,1.0,16328.865764162598,45.0,971.0,926.0,15402.865764162598,0.05670938896639822,31.0,0.0,9.642308859671376,0,67,22.75316127643793,22.882742569613026,,638.2527514346667,602.3037976151542,675.0883039681856,1
2023-09-01,23.0,78.0,617.0,,11590,3.72,0.23173044099999998,0.13285714285714287,0.0695191323,0.06333801055714287,23.0,994.0,971.0,1.0,16328.865764162598,23.0,994.0,971.0,15357.865764162598,0.05946524480169835,31.0,0.0,9.63938304940188,0,68,23.69563114365913,23.36232017510105,,654.2951687097678,619.1446483701664,691.2065885711717,1
2023-10-01,36.0,79.0,627.0,,11590,3.56,0.2184350564,0.12714285714285714,0.06553051691999999,0.06161234022285715,36.0,1030.0,994.0,1.0,16328.865764162598,36.0,1030.0,994.0,15334.865764162598,0.060873793339740634,30.0,0.0,9.637884322950379,0,69,24.17505467805748,23.85037152450425,,670.6455918216301,636.2946893102858,720.0038830309607,1
2023-11-01,31.0,80.0,651.0,,11590,3.322,0.2168853763,0.11864285714285715,0.06506561289,0.05357724425285715,31.0,1061.0,1030.0,1.0,16328.865764162598,31.0,1061.0,1030.0,15298.865764162598,0.06307847800798073,31.0,0.0,9.635533971571267,0,70,24.92235590018914,24.346974619008556,,687.3013473798424,654.0072201990383,743.7319366341113,1
2023-12-01,44.0,81.0,670.0,,11590,3.156,0.2100811613,0.11271428571428573,0.06302434839,0.04968993732428573,44.0,1105.0,1061.0,1.0,16328.865764162598,44.0,1105.0,1061.0,15267.865764162598,0.0649769564722986,30.0,0.0,9.633505621853887,0,71,25.562833069595325,24.852204652757436,,704.2592091397114,672.1664563228121,780.1038033899923,1
2024-01-01,34.0,82.0,693.0,,11590,3.032,0.2461767172,0.10828571428571429,0.07385301516,0.0344326991257143,34.0,1139.0,1105.0,1.0,16328.865764162598,34.0,1139.0,1105.0,15223.865764162598,0.06767157106681429,31.0,0.0,9.630619591554204,0,72,26.46707976269066,25.366133804805376,,721.5233597356546,691.0282097325858,805.8557274517657,1
2024-02-01,30.0,83.0,722.0,,11590,3.103,0.2472390589,0.11082142857142858,0.07417171767,0.03664971090142859,30.0,1169.0,1139.0,1.0,16328.865764162598,30.0,1169.0,1139.0,15189.865764162598,0.0697537732534855,31.0,0.0,9.628383758431784,0,73,27.16194418378814,25.88883102418792,,739.1131969902933,710.3848229084311,827.4927416503247,1
2024-03-01,59.0,84.0,732.0,,11590,3.239,0.24726661960000001,0.11567857142857142,0.07417998588000001,0.041498585548571415,59.0,1228.0,1169.0,1.0,16328.865764162598,59.0,1228.0,1169.0,15159.865764162598,0.07159101047701892,29.0,0.0,9.626406804550472,0,74,27.77225683774782,26.420361808098544,,757.0320279042442,730.1479822434478,877.8943053237442,1
2024-04-01,66.0,85.0,774.0,,11590,3.434,0.24086393309999998,0.12264285714285715,0.07225917992999999,0.050383677212857164,66.0,1294.0,1228.0,1.0,16328.865764162598,66.0,1294.0,1228.0,15100.865764162598,0.07520424368330131,31.0,0.0,9.622507356534413,0,75,28.96487244547625,26.960787973179052,,775.2835354805619,750.8940087257104,934.7764486438423,1
2024-05-01,47.0,86.0,823.0,,11590,3.549,0.23623341060000003,0.12675,0.07087002318,0.055879976819999996,47.0,1341.0,1294.0,1.0,16328.865764162598,47.0,1341.0,1294.0,15034.865764162598,0.07924616557507483,30.0,0.0,9.618127167159466,0,76,30.2869406292623,27.51016741994799,,793.8736391012956,772.742928565456,972.0994755085771,1
2024-06-01,52.0,87.0,854.0,,11590,3.384,0.2546286157,0.12085714285714286,0.07638858471,0.04446855814714286,52.0,1393.0,1341.0,1.0,16328.865764162598,52.0,1393.0,1341.0,14987.865764162598,0.08212450389194385,31.0,0.0,9.614996203652668,0,77,31.220659887631896,28.068553890410726,,812.8057347253024,795.2935995214963,1013.97930612658,1
2024-07-01,29.0,88.0,894.0,,11590,3.417,0.2527567314,0.12203571428571428,0.07582701941999999,0.046208694865714287,29.0,1422.0,1393.0,1.0,16328.865764162598,29.0,1422.0,1393.0,14935.865764162598,0.08530904841273511,30.0,0.0,9.611520697779095,0,78,32.24619540683858,28.635996718915226,,832.0801689290607,818.6242446110716,1032.6304879592449,1
2024-08-01,53.0,89.0,909.0,,11590,3.301,0.2533276141,0.11789285714285715,0.07599828422999999,0.041894572912857156,53.0,1475.0,1422.0,1.0,16328.865764162598,53.0,1475.0,1422.0,14906.865764162598,0.08708504439548409,31.0,0.0,9.609577175343766,0,79,32.81469936752085,29.21254057633929,,851.7098095397325,842.2819078768287,1075.004036048725,1
2024-09-01,46.0,90.0,946.0,,11590,3.067,0.2542071944,0.10953571428571429,0.07626215832,0.033273555965714297,46.0,1521.0,1475.0,1.0,16328.865764162598,46.0,1521.0,1475.0,14853.865764162598,0.0903308301570598,31.0,0.0,9.60601543117229,0,80,33.84734463082177,29.798225207718406,,871.6926647790787,866.7182676578842,1109.6468088896204,1
2024-10-01,49.0,91.0,957.0,,11590,2.945,0.2389307106,0.10517857142857143,0.07167921318,0.03349935824857142,49.0,1570.0,1521.0,1.0,16328.865764162598,49.0,1570.0,1521.0,14807.865764162598,0.09314792723314437,30.0,0.0,9.60291378912328,0,81,34.736954390464916,30.393085163447815,,892.0391693230646,891.7812081747314,1147.453397758662,1
2024-11-01,39.0,92.0,988.0,,11590,2.895,0.2370113869,0.10339285714285715,0.07110341607,0.03228944107285715,39.0,1609.0,1570.0,1.0,16328.865764162598,39.0,1609.0,1570.0,14758.865764162598,0.09614874803158228,31.0,0.0,9.59959924995528,0,82,35.677786334405,30.99714952421852,,912.7531060679737,917.5252202018078,1174.6421028835061,1
2024-12-01,66.0,93.0,1007.0,,11590,2.916,0.23983544729999998,0.10414285714285713,0.07195063418999999,0.03219222295285715,66.0,1675.0,1609.0,1.0,16328.865764162598,66.0,1675.0,1609.0,14719.865764162598,0.09853715642217574,30.0,0.0,9.596953272958855,0,83,36.42160137573386,31.610441619874596,,933.8434958297472,943.7453708463212,1228.501655044781,1
2025-01-01,59.0,94.0,1049.0,,11590,2.959,0.24267,0.10567857142857143,0.07280099999999999,0.03287757142857144,59.0,1734.0,1675.0,1.0,16328.865764162598,59.0,1734.0,1675.0,14653.865764162598,0.10257907831394926,31.0,0.0,9.592459454323278,0,84,37.6702481714216,,37.6702481714216,923.0741783454079,970.9320215210099,1253.4096116010926,0
2025-02-01,41.0,95.0,1093.0,,11590,2.977,0.24132,0.10632142857142857,0.072396,0.033925428571428565,41.0,1775.0,1734.0,1.0,16328.865764162598,41.0,1775.0,1712.6702481714217,14616.195515991176,0.10488605105262518,31.0,0.0,9.58988547481506,0,85,38.77569595443489,,38.377226153000954,912.3365472596978,998.9351066571616,1279.0739657502997,0
2025-03-01,63.0,96.0,1099.0,,11590,2.901,0.24111999999999997,0.10360714285714286,0.07233599999999998,0.03127114285714287,63.0,1838.0,1775.0,1.0,16328.865764162598,63.0,1838.0,1751.0474743244226,14577.818289838175,0.1072363200001003,28.0,0.0,9.587256357180578,0,86,39.537902883681475,,39.093211663026175,901.4885628085227,1027.407230756325,1305.2513208003295,0
2025-04-01,49.0,97.0,1128.0,,11590,2.952,0.24209,0.10542857142857143,0.072627,0.03280157142857143,49.0,1887.0,1838.0,1.0,16328.865764162598,49.0,1887.0,1790.1406859874487,14538.72507817515,0.10963043678859304,31.0,0.0,9.584571063486198,0,87,40.6995336194381,,39.81813355885517,890.5492661147784,1056.7442690553808,1331.629442832138,0
2025-05-01,35.0,98.0,1155.0,,11590,2.981,0.24136,0.1064642857142857,0.072408,0.034056285714285706,35.0,1922.0,1887.0,1.0,16328.865764162598,35.0,1922.0,1829.9588195463039,14498.906944616294,0.11206894869345817,30.0,0.0,9.581828542437304,0,88,41.59501224987579,,40.55191082535068,879.4960313744722,1086.6732474073492,1358.013019401411,0
2025-06-01,50.0,99.0,1177.0,,11590,2.981,0.28059999999999996,0.1064642857142857,0.08417999999999999,0.022284285714285715,50.0,1972.0,1922.0,1.0,16328.865764162598,50.0,1972.0,1870.5107303716545,14458.355033790944,0.11455239802858291,31.0,0.0,9.579027729476127,0,89,42.230347731357654,,41.294452247318205,868.3545248420181,1116.917750823414,1385.069688799732,0
2025-07-01,53.0,100.0,1202.0,,11590,2.981,0.28052,0.1064642857142857,0.084156,0.02230828571428571,53.0,2025.0,1972.0,1.0,16328.865764162598,53.0,2025.0,1911.8051826189728,14417.060581543625,0.11708132152172279,30.0,0.0,9.576167546893913,0,90,43.13176526453797,,42.04565608309242,857.0992597653885,1147.7419462214982,1412.5239035762324,0
2025-08-01,44.0,101.0,1226.0,,11590,3.001,0.27966,0.10717857142857143,0.083898,0.023280571428571428,44.0,2069.0,2025.0,1.0,16328.865764162598,44.0,2069.0,1953.8508387020652,14375.014925460533,0.11965624966984752,31.0,0.0,9.57324690395792,0,91,44.07929824504776,,42.805409740093474,845.7460684317642,1179.1880586754794,1440.4879947394834,0
2018-01-01,2.0,11.0,41.0,,11704,2.633,0.19383099999999998,0.09403571428571429,0.05814929999999999,0.035886414285714305,2.0,74.0,72.0,0.35,7669.864455262074,2.0,74.0,72.0,7597.864455262074,0.009387388841089996,31.0,0.0,8.935622494059894,1,0,2.5275662528542306,2.5275662528542306,,2.5275662528542306,2.5275662528542306,2.0,1
2018-02-01,2.0,,,,11704,2.685,0.20355499999999999,0.09589285714285714,0.061066499999999996,0.034826357142857145,2.0,76.0,74.0,0.35,7669.864455262074,2.0,76.0,74.0,7595.864455262074,0.009648149642231384,31.0,0.0,8.93535922754733,1,1,2.5723171150378534,2.58411765095426,,5.089653504757072,5.077852968840666,3.9825678958749027,1
2018-03-01,4.0,12.0,43.0,,11704,2.641,0.19740100000000002,0.09432142857142857,0.059220300000000003,0.035101128571428566,4.0,80.0,76.0,0.35,7669.864455262074,4.0,80.0,76.0,7593.864455262074,0.009908910443372774,28.0,0.0,8.93509589170726,1,2,2.6170440609452355,2.641894832436627,,7.6980173811862205,7.661468927863836,7.956425711835121,1
2018-04-01,1.0,13.0,46.0,,11704,2.831,0.186742,0.10110714285714285,0.0560226,0.045084542857142855,1.0,81.0,80.0,0.35,7669.864455262074,1.0,81.0,80.0,7589.864455262074,0.010430432045655552,31.0,0.0,8.934569011898471,1,3,2.7064262039312723,2.7009225539780273,,10.3518759544571,10.321099143511509,8.902736434862303,1
2018-05-01,1.0,14.0,47.0,,11704,3.008,0.18830200000000002,0.10742857142857143,0.0564906,0.05093797142857143,1.0,82.0,81.0,0.35,7669.864455262074,1.0,82.0,81.0,7588.864455262074,0.010560812446226246,30.0,0.0,8.93443724855948,1,4,2.7287567920051305,2.7612259883066326,,13.054387226249059,12.991261156149616,9.858098813598346,1
2018-06-01,2.0,15.0,48.0,,11704,2.993,0.20802700000000002,0.10689285714285714,0.0624081,0.044484757142857136,2.0,84.0,82.0,0.35,7669.864455262074,2.0,84.0,82.0,7587.864455262074,0.01069119284679694,31.0,0.0,8.934305467856623,1,5,2.7510814010099276,2.8228307271580344,,15.804212028395549,15.669770831504223,11.806141212498593,1
2018-07-01,1.0,16.0,49.0,,11704,2.931,0.204559,0.10467857142857143,0.0613677,0.04331087142857143,1.0,85.0,84.0,0.35,7669.864455262074,1.0,85.0,84.0,7585.864455262074,0.010951953647938328,30.0,0.0,8.934041854341004,1,6,2.7957126818123412,2.8857627840284654,,18.60406082484678,18.38047326748673,12.7433301844537,1
2018-08-01,1.0,17.0,49.0,,11704,2.905,0.22044699999999998,0.10375,0.06613409999999999,0.03761590000000001,1.0,86.0,85.0,0.35,7669.864455262074,1.0,86.0,85.0,7584.864455262074,0.011082334048509022,31.0,0.0,8.93391002151908,1,7,2.8180193536099574,2.950048596710554,,21.453876933098563,21.099678880778498,13.677377731769624,1
2018-09-01,4.0,18.0,49.0,,11704,2.891,0.222677,0.10325,0.0668031,0.03644689999999999,4.0,90.0,86.0,0.35,7669.864455262074,4.0,90.0,86.0,7583.864455262074,0.011212714449079718,31.0,0.0,8.933778171314973,1,8,2.840320046338513,3.0157150295961843,,24.355360554235666,23.827949994970627,17.607897764226475,1
2018-10-01,6.0,19.0,53.0,,11704,2.897,0.201892,0.1034642857142857,0.06056759999999999,0.04289668571428571,6.0,96.0,90.0,0.35,7669.864455262074,6.0,96.0,90.0,7579.864455262074,0.011734236051362494,30.0,0.0,8.933250596584987,1,9,2.9294630265621304,3.082789375730389,,27.31027158932698,26.632713718510935,23.507925256255827,1
2018-11-01,3.0,20.0,58.0,,11704,2.753,0.199849,0.09832142857142857,0.0599547,0.038366728571428574,3.0,99.0,96.0,0.35,7669.864455262074,3.0,99.0,96.0,7573.864455262074,0.012516518454786662,31.0,0.0,8.932458712244312,1,10,3.0629981248257425,3.151299358599501,,30.31834547193095,29.55628571633975,26.372037561628744,1
2018-12-01,5.0,21.0,59.0,,11704,2.562,0.193505,0.0915,0.0580515,0.0334485,5.0,104.0,99.0,0.35,7669.864455262074,5.0,104.0,99.0,7570.864455262074,0.012907659656498744,30.0,0.0,8.93206253479446,1,11,3.129684956525232,3.2212731336360894,,33.37783825000149,32.528152059055124,31.232111430732175,1
2019-01-01,2.0,22.0,61.0,,11704,2.42,0.18899100000000002,0.08642857142857142,0.056697300000000006,0.029731271428571418,2.0,106.0,104.0,0.35,7669.864455262074,2.0,106.0,104.0,7565.864455262074,0.013559561659352216,31.0,0.0,8.9314018900526,1,12,3.240710094643171,3.292739289422488,,36.49092513564152,35.59365676485337,33.05667590334962,1
2019-02-01,0.0,23.0,60.0,,11704,2.378,0.195275,0.08492857142857144,0.058582499999999996,0.02634607142857144,0.0,106.0,106.0,0.35,7669.864455262074,0.0,106.0,106.0,7563.864455262074,0.013820322460493606,31.0,0.0,8.931137509900982,1,13,3.2850782964069234,3.3657268485739555,,39.63188140774522,38.65850476851027,32.86045278262845,1
2019-03-01,5.0,24.0,58.0,,11704,2.547,0.18817,0.09096428571428572,0.056451,0.03451328571428572,5.0,111.0,106.0,0.35,7669.864455262074,5.0,111.0,106.0,7563.864455262074,0.013820322460493606,28.0,0.0,8.931137509900982,1,14,3.2850782964069234,3.440265268281778,,42.82908512098829,41.705695526595726,37.670232412101925,1
2019-04-01,6.0,25.0,62.0,,11704,2.79,0.185105,0.09964285714285714,0.0555315,0.04411135714285715,6.0,117.0,111.0,0.35,7669.864455262074,6.0,117.0,111.0,7558.864455262074,0.014472224463347078,31.0,0.0,8.930476253561364,1,15,3.3958941671077456,3.516384440495796,,46.083684297807686,44.84615051187226,43.417005378790954,1
2019-05-01,2.0,26.0,68.0,,11704,2.937,0.187827,0.10489285714285713,0.0563481,0.04854475714285714,2.0,119.0,117.0,0.35,7669.864455262074,2.0,119.0,117.0,7552.864455262074,0.015254506866771244,30.0,0.0,8.929682168337786,1,16,3.528675902669736,3.594114691725093,,49.39686023354045,48.100419914914696,45.16193578837813,1
2019-06-01,4.0,27.0,70.0,,11704,2.798,0.215887,0.09992857142857144,0.0647661,0.03516247142857144,4.0,123.0,119.0,0.35,7669.864455262074,4.0,123.0,119.0,7550.864455262074,0.015515267667912632,31.0,0.0,8.92941733307445,1,17,3.5728886486379157,3.6734867824347024,,52.768300252498285,51.37836995492952,48.9131037446641,1
2019-07-01,0.0,28.0,71.0,,11704,2.805,0.21162,0.10017857142857144,0.063486,0.036692571428571435,0.0,123.0,123.0,0.35,7669.864455262074,0.0,123.0,123.0,7546.864455262074,0.01603678927019541,30.0,0.0,8.928887452041707,1,18,3.661242391745549,3.7545319060154014,,56.19855777437749,54.72362667647058,48.62478402891237,1
2019-08-01,2.0,29.0,70.0,,11704,2.747,0.22709700000000002,0.09810714285714285,0.0681291,0.029978042857142853,2.0,125.0,123.0,0.35,7669.864455262074,2.0,125.0,123.0,7546.864455262074,0.01603678927019541,31.0,0.0,8.928887452041707,1,19,3.661242391745549,3.8372816873027693,,59.68862165225032,58.04673625488909,50.35498692317535,1
2019-09-01,4.0,30.0,71.0,,11704,2.617,0.223472,0.09346428571428571,0.06704159999999999,0.026422685714285715,4.0,129.0,125.0,0.35,7669.864455262074,4.0,129.0,125.0,7544.864455262074,0.0162975500713368,31.0,0.0,8.928622406197912,1,20,3.7053833888850027,3.9217681806208486,,63.23844753675629,61.390974353208485,54.05701332388657,1
2019-10-01,3.0,31.0,72.0,,11704,2.542,0.203441,0.09078571428571428,0.0610323,0.029753414285714277,3.0,132.0,129.0,0.35,7669.864455262074,3.0,132.0,129.0,7540.864455262074,0.016819071673619578,30.0,0.0,8.928092103669282,1,21,3.7935936343351844,4.008023867324827,,66.84577375355819,64.79630113629683,56.696758391602266,1
2019-11-01,0.0,32.0,71.0,,11704,2.565,0.209325,0.09160714285714286,0.0627975,0.028809642857142853,0.0,132.0,132.0,0.35,7669.864455262074,0.0,132.0,132.0,7537.864455262074,0.01721021287533166,31.0,0.0,8.927694192140082,1,22,3.859688538197686,4.096081652816276,,70.51039054966688,68.23784172719284,56.28996368156735,1
2019-12-01,0.0,33.0,73.0,,11704,2.553,0.20593599999999998,0.09117857142857143,0.06178079999999999,0.02939777142857144,0.0,132.0,132.0,0.35,7669.864455262074,0.0,132.0,132.0,7537.864455262074,0.01721021287533166,30.0,0.0,8.927694192140082,1,23,3.859688538197686,4.185974863003562,,74.21791155455611,71.63292667074721,55.913232836524344,1
2020-01-01,4.0,34.0,68.0,,11704,2.59,0.205478,0.0925,0.061643399999999994,0.030856600000000005,4.0,136.0,132.0,0.35,7669.864455262074,4.0,136.0,132.0,7537.864455262074,0.01721021287533166,31.0,0.0,8.927694192140082,1,24,3.859688538197686,4.277737240179113,,77.96290408973312,74.97595952289218,59.491846551488926,1
2020-02-01,3.0,35.0,73.0,,11704,2.455,0.19767600000000002,0.08767857142857143,0.0593028,0.028375771428571422,3.0,139.0,136.0,0.35,7669.864455262074,3.0,139.0,136.0,7533.864455262074,0.017731734477614437,31.0,0.0,8.92716339701795,1,25,3.947731369714173,4.37140293828427,,81.72986327634163,78.33778398517521,62.013980952296095,1
2020-03-01,0.0,36.0,73.0,,11704,2.309,0.19449000000000002,0.08246428571428573,0.058347,0.024117285714285723,0.0,139.0,139.0,0.35,7669.864455262074,0.0,139.0,139.0,7530.864455262074,0.01812287567932652,29.0,0.0,8.926765115700379,1,26,4.013700713126405,4.467006517531522,,85.55821458569307,81.73415170032087,61.53712165878286,1
2020-04-01,2.0,37.0,71.0,,11704,2.074,0.200328,0.07407142857142857,0.060098399999999996,0.01397302857142857,2.0,141.0,139.0,0.35,7669.864455262074,2.0,141.0,139.0,7530.864455262074,0.01812287567932652,31.0,0.0,8.926765115700379,1,27,4.013700713126405,4.564582938352961,,89.44818073431534,85.09811904920123,63.005399005228824,1
2020-05-01,0.0,38.0,74.0,,11704,2.043,0.205233,0.07296428571428572,0.0615699,0.01139438571428572,0.0,141.0,141.0,0.35,7669.864455262074,0.0,141.0,141.0,7528.864455262074,0.01838363648046791,30.0,0.0,8.92649950666802,1,28,4.057650380055923,4.664167554642774,,93.40137697497009,88.47281297828323,62.4773352535933,1
2020-06-01,2.0,39.0,73.0,,11704,2.112,0.236011,0.07542857142857143,0.0708033,0.004625271428571429,2.0,143.0,141.0,0.35,7669.864455262074,2.0,143.0,141.0,7528.864455262074,0.01838363648046791,31.0,0.0,8.92649950666802,1,29,4.057650380055923,4.7657961062607015,,97.41587321395778,91.81119974066763,63.98632879171873,1
2020-07-01,2.0,40.0,74.0,,11704,2.143,0.233034,0.07653571428571428,0.06991019999999999,0.006625514285714285,2.0,145.0,143.0,0.35,7669.864455262074,2.0,145.0,143.0,7526.864455262074,0.0186443972816093,30.0,0.0,8.92623382706876,1,30,4.1015761307092005,4.869504710762333,,101.48932329996823,95.15447931319352,65.42809266500635,1
2020-08-01,4.0,41.0,75.0,,11704,2.129,0.223776,0.07603571428571429,0.06713279999999999,0.008902914285714297,4.0,149.0,145.0,0.35,7669.864455262074,4.0,149.0,145.0,7524.864455262074,0.018905158082750687,31.0,0.0,8.92596807686509,1,31,4.145477965086234,4.975329854321188,,105.62034679197163,98.49862541859952,68.87601595635992,1
2020-09-01,6.0,42.0,78.0,,11704,2.122,0.233586,0.07578571428571428,0.0700758,0.005709914285714282,6.0,155.0,149.0,0.35,7669.864455262074,6.0,155.0,149.0,7520.864455262074,0.019426679685033463,31.0,0.0,8.925436364494354,1,32,4.2332098850115765,5.083308381806493,,109.80916366862886,101.8867260220702,74.20881260228131,1
2020-10-01,6.0,43.0,83.0,,11704,2.078,0.19449000000000002,0.0742142857142857,0.058347,0.015867285714285702,6.0,161.0,155.0,0.35,7669.864455262074,6.0,161.0,155.0,7514.864455262074,0.02020896208845763,30.0,0.0,8.924638265465807,1,33,4.364628392827777,5.193477485979664,,114.03614641409624,105.33920130234465,79.41504878597055,1
2020-11-01,4.0,44.0,86.0,,11704,2.05,0.217667,0.0732142857142857,0.0653001,0.007914185714285704,4.0,165.0,161.0,0.35,7669.864455262074,4.0,165.0,161.0,7508.864455262074,0.0209912444918818,31.0,0.0,8.923839528966404,1,34,4.495831654157799,5.3058746957714895,,118.28088299384869,108.8319798715594,82.54055708266918,1
2020-12-01,5.0,45.0,90.0,,11704,2.137,0.20121,0.07632142857142857,0.060363,0.015958428571428568,5.0,170.0,165.0,0.35,7669.864455262074,5.0,170.0,165.0,7504.864455262074,0.021512766094164575,30.0,0.0,8.923306683313138,1,35,4.58318091366327,5.420537863601026,,122.52324808484529,112.29912110522207,86.64873743102457,1
2021-01-01,11.0,46.0,95.0,,11704,2.316,0.194951,0.08271428571428571,0.058485300000000004,0.02422898571428571,11.0,181.0,170.0,1.0,7669.864455262074,11.0,181.0,170.0,7499.864455262074,0.022164668097018045,31.0,0.0,8.922640226729367,1,36,4.692232958991249,5.537505151696358,,126.76713627269535,115.76611637688349,96.66202244691668,1
2021-02-01,5.0,47.0,100.0,,11704,2.498,0.196239,0.08921428571428572,0.0588717,0.03034258571428572,5.0,186.0,181.0,1.0,7669.864455262074,5.0,186.0,181.0,7488.864455262074,0.023598852503295686,31.0,0.0,8.921172456908392,1,37,4.93162130063548,5.656815017376369,,131.0521165200522,119.40097681534954,100.55846731467003,1
2021-03-01,7.0,48.0,102.0,,11704,2.754,0.213526,0.09835714285714285,0.0640578,0.03429934285714285,7.0,193.0,186.0,1.0,7669.864455262074,7.0,193.0,186.0,7483.864455262074,0.024250754506149157,28.0,0.0,8.920504575960871,1,38,5.04019502043862,5.7785061972517635,,135.39261867072676,123.08409934167864,106.43902868806633,1
2021-04-01,6.0,49.0,104.0,,11704,2.769,0.219437,0.09889285714285714,0.06583109999999999,0.033061757142857154,6.0,199.0,193.0,1.0,7669.864455262074,6.0,199.0,193.0,7476.864455262074,0.02516341731014402,31.0,0.0,8.91956879261065,1,39,5.191947107262475,5.902617690302803,,139.79624784724965,126.86494255513466,111.27666335515441,1
2021-05-01,8.0,50.0,112.0,,11704,2.937,0.216873,0.10489285714285713,0.0650619,0.03983095714285713,8.0,207.0,199.0,1.0,7669.864455262074,8.0,207.0,199.0,7470.864455262074,0.025945699713568183,30.0,0.0,8.918765995027398,1,40,5.321787140846706,6.029188739790174,,144.26703113327966,130.72355914703988,118.0725471631824,1
2021-06-01,12.0,51.0,118.0,,11704,3.027,0.23659300000000003,0.10810714285714286,0.07097790000000001,0.03712924285714285,12.0,219.0,207.0,1.0,7669.864455262074,12.0,219.0,207.0,7462.864455262074,0.02698874291813374,31.0,0.0,8.917694594734384,1,41,5.494572357758296,6.158258813954813,,148.80241896029395,134.6982272303156,128.86504779068565,1
2021-07-01,3.0,52.0,130.0,,11704,3.089,0.23117100000000002,0.11032142857142857,0.0693513,0.040970128571428566,3.0,222.0,219.0,1.0,7669.864455262074,3.0,222.0,219.0,7450.864455262074,0.02855330772498207,30.0,0.0,8.916085338905516,1,42,5.75303269483842,6.289867585461541,,153.40238922893712,138.8734046444595,130.48922146363142,1
2021-08-01,12.0,53.0,129.0,,11704,3.101,0.238252,0.11075,0.0714756,0.0392744,12.0,234.0,222.0,1.0,7669.864455262074,12.0,234.0,222.0,7447.864455262074,0.028944448926694157,31.0,0.0,8.915682619981162,1,43,5.81751325005459,6.424054909540745,,158.0793821461815,143.0627404170933,141.0728067771047,1
2021-09-01,7.0,54.0,138.0,,11704,3.188,0.243286,0.11385714285714287,0.0729858,0.04087134285714286,7.0,241.0,234.0,1.0,7669.864455262074,7.0,241.0,234.0,7435.864455262074,0.03050901373354249,31.0,0.0,8.91407012049635,1,44,6.074897354703827,6.560860800781597,,162.83491260459016,147.45834441092526,146.4019329603096,1
2021-10-01,4.0,55.0,140.0,,11704,3.311,0.217552,0.11825,0.0652656,0.0529844,4.0,245.0,241.0,1.0,7669.864455262074,4.0,245.0,241.0,7428.864455262074,0.03142167653753735,30.0,0.0,8.913128293630946,1,45,6.224640474323358,6.700325408529733,,167.67370645596313,151.95032785023605,148.69853928720164,1
2021-11-01,9.0,56.0,142.0,,11704,3.458,0.217497,0.12350000000000001,0.06524909999999999,0.05825090000000002,9.0,254.0,245.0,1.0,7669.864455262074,9.0,254.0,245.0,7424.864455262074,0.03194319813982013,31.0,0.0,8.912589708320713,1,46,6.310076431729474,6.842488990841657,,172.59637585318208,156.47279979899648,156.061561278755,1
2021-12-01,5.0,57.0,151.0,,11704,3.387,0.22061,0.12096428571428572,0.06618299999999999,0.05478128571428573,5.0,259.0,254.0,1.0,7669.864455262074,5.0,259.0,254.0,7415.864455262074,0.03311662174495637,30.0,0.0,8.911376829740751,1,47,6.501957560353198,6.987391886947766,,177.59543446898334,161.1247185738643,159.43324380152393,1
2022-01-01,7.0,58.0,155.0,,11704,3.342,0.20494199999999999,0.11935714285714286,0.06148259999999999,0.057874542857142865,7.0,266.0,259.0,1.0,7669.864455262074,7.0,266.0,259.0,7410.864455262074,0.03376852374780985,31.0,0.0,8.91070237211497,1,48,6.608348919949261,7.135074488175353,,182.67418490282301,165.82282604673543,164.7661022415213,1
2022-02-01,8.0,59.0,158.0,,11704,3.607,0.218064,0.1288214285714286,0.0654192,0.06340222857142859,8.0,274.0,266.0,1.0,7669.864455262074,8.0,274.0,266.0,7403.864455262074,0.03468118655180471,31.0,0.0,8.909757366564993,1,49,6.757045702483207,7.2855772072826985,,187.84319602355464,170.6177977547055,170.90307477172385,1
2022-03-01,12.0,60.0,162.0,,11704,4.252,0.225942,0.15185714285714286,0.0677826,0.08407454285714286,12.0,286.0,274.0,1.0,7669.864455262074,12.0,286.0,274.0,7395.864455262074,0.03572422975637026,28.0,0.0,8.908676265576243,1,50,6.926626138378375,7.438940446155091,,193.10687612439438,175.52907627837052,181.01717738082257,1
2022-04-01,3.0,61.0,174.0,,11704,4.014,0.221159,0.14335714285714288,0.0663477,0.07700944285714288,3.0,289.0,286.0,1.0,7669.864455262074,3.0,289.0,286.0,7383.864455262074,0.0372887945632186,31.0,0.0,8.907052419467899,1,51,7.18027930393387,7.5952045618134605,,198.46733627337986,180.64069437205924,182.11980991101902,1
2022-05-01,5.0,62.0,176.0,,11704,4.643,0.25454,0.16582142857142856,0.076362,0.08945942857142856,5.0,294.0,289.0,1.0,7669.864455262074,5.0,294.0,289.0,7380.864455262074,0.03767993576493068,30.0,0.0,8.906646045594126,1,52,7.243558066268881,7.754409830686331,,203.9263977215577,185.7622523771097,185.3108006308194,1
2022-06-01,9.0,63.0,177.0,,11704,4.847,0.2818233604,0.17310714285714288,0.08454700812,0.08856013473714287,9.0,303.0,294.0,1.0,7669.864455262074,9.0,303.0,294.0,7375.864455262074,0.03833183776778415,31.0,0.0,8.905968388611788,1,53,7.348903088779359,7.916596411095868,,209.48787571214348,190.93986272664844,192.4807940741579,1
2022-07-01,2.0,64.0,187.0,,11704,4.49,0.2785991614,0.16035714285714286,0.08357974842,0.07677739443714286,2.0,305.0,303.0,1.0,7669.864455262074,2.0,305.0,303.0,7366.864455262074,0.0395052613729204,30.0,0.0,8.904747447607901,1,54,7.538147447947408,8.081804303908989,,215.15122414830643,196.25470150434052,192.5277868923865,1
2022-08-01,7.0,65.0,187.0,,11704,3.971,0.28803368030000004,0.14182142857142857,0.08641010409000001,0.05541132448142856,7.0,312.0,305.0,1.0,7669.864455262074,7.0,312.0,305.0,7364.864455262074,0.03976602217406179,31.0,0.0,8.904475924825418,1,55,7.580135980225087,8.250073311304917,,220.91740505849242,201.5561286209436,197.6082384348502,1
2022-09-01,6.0,66.0,189.0,,11704,3.456,0.2830843604,0.12342857142857143,0.08492530812,0.03850326330857143,6.0,318.0,312.0,1.0,7669.864455262074,6.0,318.0,312.0,7357.864455262074,0.04067868497805665,31.0,0.0,8.903525014084616,1,56,7.7269075025215574,8.421442993611073,,226.79098860233785,206.95244378093992,201.47026927861722,1
2022-10-01,8.0,67.0,192.0,,11704,3.453,0.2599750051,0.12332142857142857,0.07799250153,0.045328927041428574,8.0,326.0,318.0,1.0,7669.864455262074,8.0,326.0,318.0,7351.864455262074,0.041460967381480814,30.0,0.0,8.902709227421347,1,57,7.852478480796602,8.595952624159805,,232.77157057217445,212.4155392855011,207.38856266722075,1
2022-11-01,9.0,68.0,193.0,,11704,3.68,0.26376337629999996,0.13142857142857142,0.07912901288999999,0.05229955853857143,9.0,335.0,326.0,1.0,7669.864455262074,9.0,335.0,326.0,7343.864455262074,0.04250401058604637,31.0,0.0,8.901620475602508,1,58,8.019571623962609,8.773641142119406,,238.86223710131404,217.98950306117962,214.32028291493236,1
2022-12-01,8.0,69.0,199.0,,11704,3.246,0.2524078524,0.11592857142857142,0.07572235572000001,0.04020621570857141,8.0,343.0,335.0,1.0,7669.864455262074,8.0,343.0,335.0,7334.864455262074,0.04367743419118262,30.0,0.0,8.900394211232799,1,59,8.207094011241237,8.954547103253807,,245.06530756824958,223.69561547177216,220.11136239640277,1
2023-01-01,6.0,70.0,202.0,,11704,3.266,0.22037085239999998,0.11664285714285715,0.06611125572,0.05053160142285715,6.0,349.0,343.0,1.0,7669.864455262074,6.0,349.0,343.0,7326.864455262074,0.04472047739574818,31.0,0.0,8.899302934638785,1,60,8.373374001015017,9.138708628566624,,251.3796241495353,229.50664558890566,223.85651430138628,1
2023-02-01,8.0,71.0,206.0,,11704,3.281,0.2208565838,0.11717857142857144,0.06625697514,0.050921596288571444,8.0,357.0,349.0,1.0,7669.864455262074,8.0,357.0,349.0,7320.864455262074,0.04550275979917234,31.0,0.0,8.898483694963852,1,61,8.497832872444812,9.326163350786643,,257.8066191281221,235.3794572086943,229.5087745179409,1
2023-03-01,14.0,72.0,214.0,,11704,3.258,0.2169835435,0.11635714285714285,0.06509506305,0.051262079807142855,14.0,371.0,357.0,1.0,7669.864455262074,14.0,371.0,357.0,7312.864455262074,0.046545803003737896,28.0,0.0,8.897390330333979,1,62,8.663443206483816,9.51694835865351,,264.34927084349374,241.35442074210917,241.1675128380799,1
2023-04-01,14.0,73.0,222.0,,11704,3.436,0.21484068520000002,0.1227142857142857,0.06445220556,0.0582620801542857,14.0,385.0,371.0,1.0,7669.864455262074,14.0,385.0,371.0,7298.864455262074,0.04837112861172762,31.0,0.0,8.895474060963004,1,63,8.952340514416761,9.711100138964227,,271.0120791248737,247.55770356722695,252.63684341486066,1
2023-05-01,13.0,74.0,236.0,,11704,3.483,0.21853669620000002,0.12439285714285715,0.06556100886,0.058831848282857147,13.0,398.0,385.0,1.0,7669.864455262074,13.0,398.0,385.0,7284.864455262074,0.05019645421971734,30.0,0.0,8.893554112452378,1,64,9.24006592481385,9.90865451634332,,277.79608583121654,253.98331454402071,263.07811745262717,1
2023-06-01,12.0,75.0,246.0,,11704,3.496,0.2422203604,0.12485714285714286,0.07266610812,0.05219103473714286,12.0,410.0,398.0,1.0,7669.864455262074,12.0,410.0,398.0,7271.864455262074,0.051891399427136366,31.0,0.0,8.89176799641821,1,65,9.506190193562459,10.109646590701768,,284.7011845354004,260.6071040803235,272.31664391371044,1
2023-07-01,16.0,76.0,258.0,,11704,3.538,0.24336116140000003,0.12635714285714286,0.07300834842000001,0.053348794437142855,16.0,426.0,410.0,1.0,7669.864455262074,16.0,426.0,410.0,7259.864455262074,0.0534559642339847,30.0,0.0,8.890116437570459,1,66,9.75094650435595,10.314110672352651,,291.73185399643785,267.4060196343483,285.2830759208731,1
2023-08-01,14.0,77.0,275.0,,11704,3.773,0.24037968029999998,0.13475,0.07211390408999999,0.06263609591000002,14.0,440.0,426.0,1.0,7669.864455262074,14.0,440.0,426.0,7243.864455262074,0.05554205064311581,31.0,0.0,8.8879101075171,1,67,10.075948940611054,10.522080214754293,,298.88878862316676,274.4532939554054,296.20144328866775,1
2023-09-01,15.0,78.0,285.0,,11704,3.72,0.23173044099999998,0.13285714285714287,0.0695191323,0.06333801055714287,15.0,455.0,440.0,1.0,7669.864455262074,15.0,455.0,440.0,7229.864455262074,0.05736737625110553,31.0,0.0,8.88597556743379,1,68,10.35907046783157,10.733587744855024,,306.1748554788796,281.7070577464105,307.858794462192,1
2023-10-01,8.0,79.0,296.0,,11704,3.56,0.2184350564,0.12714285714285714,0.06553051691999999,0.06161234022285715,8.0,463.0,455.0,1.0,7669.864455262074,8.0,463.0,455.0,7214.864455262074,0.05932308225966595,30.0,0.0,8.88389868451204,1,69,10.661114513761465,10.948664791017263,,313.59403265409617,289.18279838461615,312.45322230459817,1
2023-11-01,7.0,80.0,301.0,,11704,3.322,0.2168853763,0.11864285714285715,0.06506561289,0.05357724425285715,7.0,470.0,463.0,1.0,7669.864455262074,7.0,470.0,463.0,7206.864455262074,0.0603661254642315,31.0,0.0,8.88278924737448,1,70,10.821654597237178,11.167341808502536,,321.14463349868913,296.7341311262993,315.98189264413554,1
2023-12-01,8.0,81.0,302.0,,11704,3.156,0.2100811613,0.11271428571428573,0.06302434839,0.04968993732428573,8.0,478.0,470.0,1.0,7669.864455262074,8.0,478.0,470.0,7199.864455262074,0.061278788268226365,30.0,0.0,8.881817479168896,1,71,10.961813269152753,11.389648102503276,,328.82470209240586,304.33547615803917,320.27490847975105,1
2024-01-01,12.0,82.0,305.0,,11704,3.032,0.2461767172,0.10828571428571429,0.07385301516,0.0344326991257143,12.0,490.0,478.0,1.0,7669.864455262074,12.0,490.0,478.0,7191.864455262074,0.06232183147279192,31.0,0.0,8.880705729375146,1,72,11.121635864341208,11.615611748711968,,336.63590284708545,312.0013647623245,328.50859681722426,1
2024-02-01,16.0,83.0,311.0,,11704,3.103,0.2472390589,0.11082142857142858,0.07417171767,0.03664971090142859,16.0,506.0,490.0,1.0,7669.864455262074,16.0,506.0,490.0,7179.864455262074,0.06388639627964025,31.0,0.0,8.879035783766872,1,73,11.360652268836631,11.845259511423096,,344.587330548253,319.8170912936795,340.63499107787845,1
2024-03-01,20.0,84.0,315.0,,11704,3.239,0.24726661960000001,0.11567857142857142,0.07417998588000001,0.041498585548571415,20.0,526.0,506.0,1.0,7669.864455262074,20.0,526.0,506.0,7163.864455262074,0.06597248268877136,29.0,0.0,8.87680484274227,1,74,11.678001496694314,12.078616759168785,,352.6802120590807,327.8581589135332,356.57021389093325,1
2024-04-01,25.0,85.0,335.0,,11704,3.434,0.24086393309999998,0.12264285714285715,0.07225917992999999,0.050383677212857164,25.0,551.0,526.0,1.0,7669.864455262074,25.0,551.0,526.0,7143.864455262074,0.06858009070018525,31.0,0.0,8.874009149148748,1,75,12.072535566654643,12.31570737789483,,360.91595728994895,336.1973444464891,377.30378508810423,1
2024-05-01,20.0,86.0,357.0,,11704,3.549,0.23623341060000003,0.12675,0.07087002318,0.055879976819999996,20.0,571.0,551.0,1.0,7669.864455262074,20.0,571.0,551.0,7118.864455262074,0.07183960071445261,30.0,0.0,8.870503505066182,1,76,12.562339927758531,12.556553681689957,,369.2970681417188,344.9264955762548,392.91668631395487,1
2024-06-01,30.0,87.0,368.0,,11704,3.384,0.2546286157,0.12085714285714286,0.07638858471,0.04446855814714286,30.0,601.0,571.0,1.0,7669.864455262074,30.0,601.0,571.0,7098.864455262074,0.07444720872586649,31.0,0.0,8.86769011435972,1,77,12.951492835564423,12.801176321087784,,377.8248129371063,353.94202147473027,418.4209848023183,1
2024-07-01,25.0,88.0,392.0,,11704,3.417,0.2527567314,0.12203571428571428,0.07582701941999999,0.046208694865714287,25.0,626.0,601.0,1.0,7669.864455262074,25.0,626.0,601.0,7068.864455262074,0.07835862074298733,30.0,0.0,8.863455131459192,1,78,13.530737895477895,13.049594188968069,,386.4989710949787,363.4298079475507,438.7509151189892,1
2024-08-01,25.0,89.0,412.0,,11704,3.301,0.2533276141,0.11789285714285715,0.07599828422999999,0.041894572912857156,25.0,651.0,626.0,1.0,7669.864455262074,25.0,651.0,626.0,7043.864455262074,0.08161813075725469,31.0,0.0,8.85991222685033,1,79,14.009331502093373,13.301824324091157,,395.32544058818473,373.29001476365397,458.9555082579764,1
2024-09-01,13.0,90.0,425.0,,11704,3.067,0.2542071944,0.10953571428571429,0.07626215832,0.033273555965714297,13.0,664.0,651.0,1.0,7669.864455262074,13.0,664.0,651.0,7018.864455262074,0.08487764077152204,31.0,0.0,8.856356725425861,1,80,14.484188190546044,13.557881812307743,,404.3028583257591,383.51326613656005,467.0335341446447,1
2024-10-01,39.0,91.0,426.0,,11704,2.945,0.2389307106,0.10517857142857143,0.07167921318,0.03349935824857142,39.0,703.0,664.0,1.0,7669.864455262074,39.0,703.0,664.0,7005.864455262074,0.08657258597894107,30.0,0.0,8.854502856619389,1,81,14.729636838483495,13.817779685494173,,413.4359354853533,393.87072728150736,501.1189614946819,1
2024-11-01,19.0,92.0,461.0,,11704,2.895,0.2370113869,0.10339285714285715,0.07110341607,0.03228944107285715,19.0,722.0,703.0,1.0,7669.864455262074,19.0,722.0,703.0,6966.864455262074,0.09165742160119816,31.0,0.0,8.848920539589258,1,82,15.459920006268515,14.081528818272643,,422.7261334835135,404.847111618674,514.8988042056603,1
2024-12-01,22.0,93.0,473.0,,11704,2.916,0.23983544729999998,0.10414285714285713,0.07195063418999999,0.03219222295285715,22.0,744.0,722.0,1.0,7669.864455262074,22.0,744.0,722.0,6947.864455262074,0.09413464921204136,30.0,0.0,8.846189618716771,1,83,15.812404518393503,14.349137822584794,,432.1774751387741,416.06107386728644,531.6610469059344,1
2025-01-01,21.0,94.0,492.0,,11704,2.959,0.24267,0.10567857142857143,0.07280099999999999,0.03287757142857144,21.0,765.0,744.0,1.0,7669.864455262074,21.0,765.0,744.0,6925.864455262074,0.09700301802459663,31.0,0.0,8.843018154349563,1,84,16.217847919655107,,16.217847919655107,427.16741108563923,427.56150183410716,542.4563882222004,0
2025-02-01,17.0,95.0,513.0,,11704,2.977,0.24132,0.10632142857142857,0.072396,0.033925428571428565,17.0,782.0,765.0,1.0,7669.864455262074,17.0,782.0,760.2178479196551,6909.646607342419,0.09911750753275586,31.0,0.0,8.840673773245864,1,85,16.602162525724005,,16.51487767352065,422.17279307063416,439.3262498064915,553.4081999262971,0
2025-03-01,23.0,96.0,522.0,,11704,2.901,0.24111999999999997,0.10360714285714286,0.07233599999999998,0.03127114285714287,23.0,805.0,782.0,1.0,7669.864455262074,23.0,805.0,776.7327255931758,6893.1317296688985,0.10127072389920551,28.0,0.0,8.838280793347018,1,86,16.91134311037801,,16.815731451447498,417.1291311468247,451.2756771557704,564.4718276957108,0
2025-04-01,14.0,97.0,529.0,,11704,2.952,0.24209,0.10542857142857143,0.072627,0.03280157142857143,14.0,819.0,805.0,1.0,7669.864455262074,14.0,819.0,793.5484570446233,6876.315998217451,0.10346316570173446,31.0,0.0,8.835838322139237,1,87,17.326895882553835,,17.120390353615026,412.0450717330459,463.5122665662409,575.7361002353042,0
2025-05-01,10.0,98.0,529.0,,11704,2.981,0.24136,0.1064642857142857,0.072408,0.034056285714285706,10.0,829.0,819.0,1.0,7669.864455262074,10.0,829.0,810.6688473982383,6859.195607863836,0.10569532905396543,30.0,0.0,8.83334545551575,1,88,17.578292469339413,,17.42883199288321,406.91064929244226,475.8725266111803,587.1171294036147,0
2025-06-01,15.0,99.0,536.0,,11704,2.981,0.28059999999999996,0.1064642857142857,0.08417999999999999,0.022284285714285715,15.0,844.0,829.0,1.0,7669.864455262074,15.0,844.0,828.0976793911216,6841.766775870953,0.10796770715067688,31.0,0.0,8.830801277828677,1,89,17.75714397161328,,17.741030373129757,401.73748473961007,488.28023212011607,598.7982249528476,0
2025-07-01,20.0,100.0,543.0,,11704,2.981,0.28052,0.1064642857142857,0.084156,0.02230828571428571,20.0,864.0,844.0,1.0,7669.864455262074,20.0,864.0,845.8387097642513,6824.025745497823,0.1102807897972624,30.0,0.0,8.828204861951301,1,90,18.024300149575243,,18.056955767301616,396.51400043315664,500.8234973820427,610.5853551402311,0
2025-08-01,28.0,101.0,555.0,,11704,3.001,0.27966,0.10717857142857143,0.083898,0.023280571428571428,28.0,892.0,864.0,1.0,7669.864455262074,28.0,892.0,863.8956655315529,6805.968789730521,0.1126350629232905,31.0,0.0,8.82555526935103,1,91,18.37841571268669,,18.376574595421186,391.24757062224717,513.5873166049855,622.4725073176463,0
2018-01-01,1.0,11.0,21.0,,11717,2.633,0.19383099999999998,0.09403571428571429,0.05814929999999999,0.035886414285714305,1.0,43.0,42.0,0.35,4783.530685628566,1.0,43.0,42.0,4741.530685628566,0.008780125551652255,31.0,0.0,8.464115292016132,2,0,1.4937015806567893,1.4937015806567893,,1.4937015806567893,1.4937015806567893,1.0,1
2018-02-01,0.0,,,,11717,2.685,0.20355499999999999,0.09589285714285714,0.061066499999999996,0.034826357142857145,0.0,43.0,43.0,0.35,4783.530685628566,0.0,43.0,43.0,4740.530685628566,0.008989176160024927,31.0,0.0,8.46390436741555,2,1,1.5152260069193788,1.525849252815803,,3.0065316527296764,2.9959084068332524,0.9912839479374514,1
2018-03-01,2.0,12.0,22.0,,11717,2.641,0.19740100000000002,0.09432142857142857,0.059220300000000003,0.035101128571428566,2.0,45.0,43.0,0.35,4783.530685628566,2.0,45.0,43.0,4740.530685628566,0.008989176160024927,28.0,0.0,8.46390436741555,2,2,1.5152260069193788,1.5586675860266908,,4.545394727161118,4.4914224949216885,2.986928907980109,1
2018-04-01,1.0,13.0,24.0,,11717,2.831,0.186742,0.10110714285714285,0.0560226,0.045084542857142855,1.0,46.0,45.0,0.35,4783.530685628566,1.0,46.0,45.0,4738.530685628566,0.009407277376770273,31.0,0.0,8.463482384699889,2,3,1.5582472176640538,1.5921696347863696,,6.109779412269206,6.022309666632995,3.9644393094510426,1
2018-05-01,0.0,14.0,25.0,,11717,3.008,0.18830200000000002,0.10742857142857143,0.0564906,0.05093797142857143,0.0,46.0,46.0,0.35,4783.530685628566,0.0,46.0,46.0,4737.530685628566,0.009616327985142946,30.0,0.0,8.463271326547238,2,4,1.5797440021461395,1.626368666003671,,7.7015022063425675,7.567946383222045,3.9428199671917588,1
2018-06-01,3.0,15.0,24.0,,11717,2.993,0.20802700000000002,0.10689285714285714,0.0624081,0.044484757142857136,3.0,49.0,46.0,0.35,4783.530685628566,3.0,49.0,46.0,4737.530685628566,0.009616327985142946,31.0,0.0,8.463271326547238,2,5,1.5797440021461395,1.6612781605302873,,9.319719490716624,9.10544787673871,6.923214882976536,1
2018-07-01,2.0,16.0,24.0,,11717,2.931,0.204559,0.10467857142857143,0.0613677,0.04331087142857143,2.0,51.0,49.0,0.35,4783.530685628566,2.0,51.0,49.0,4734.530685628566,0.010243479810260964,30.0,0.0,8.462637884684327,2,6,1.644179072031388,1.6969118146006903,,10.96598061099433,10.700298235758247,8.879161093055622,1
2018-08-01,2.0,17.0,25.0,,11717,2.905,0.22044699999999998,0.10375,0.06613409999999999,0.03761590000000001,2.0,53.0,51.0,0.35,4783.530685628566,2.0,53.0,51.0,4732.530685628566,0.010661581027006308,31.0,0.0,8.462215367083283,2,7,1.687089715654047,1.7332835411744856,,12.64019737283186,12.32978439858055,10.829294569531232,1
2018-09-01,1.0,18.0,26.0,,11717,2.891,0.222677,0.10325,0.0668031,0.03644689999999999,1.0,54.0,53.0,0.35,4783.530685628566,1.0,54.0,53.0,4730.530685628566,0.011079682243751655,31.0,0.0,8.461792670885655,2,8,1.7299635035693675,1.7704074711744278,,14.34331894278915,13.994122282507517,11.769268014683266,1
2018-10-01,1.0,19.0,27.0,,11717,2.897,0.201892,0.1034642857142857,0.06056759999999999,0.04289668571428571,1.0,55.0,54.0,0.35,4783.530685628566,1.0,55.0,54.0,4729.530685628566,0.011288732852124327,30.0,0.0,8.461581255765926,2,9,1.7513865766367755,1.8082979546129994,,16.07632798438902,15.672035549356998,12.710482653612733,1
2018-11-01,1.0,20.0,28.0,,11717,2.753,0.199849,0.09832142857142857,0.0599547,0.038366728571428574,1.0,56.0,55.0,0.35,4783.530685628566,1.0,56.0,55.0,4728.530685628566,0.011497783460497,31.0,0.0,8.461369795940392,2,10,1.7728004357773492,1.846969561600196,,17.839008937800102,17.36271622705358,13.644348586646004,1
2018-12-01,2.0,21.0,28.0,,11717,2.562,0.193505,0.0915,0.0580515,0.0334485,2.0,58.0,56.0,0.35,4783.530685628566,2.0,58.0,56.0,4727.530685628566,0.011706834068869673,30.0,0.0,8.461158291390143,2,11,1.7942050809910883,1.8864370832248265,,19.63027114104891,19.064303415466483,15.574665208931728,1
2019-01-01,5.0,22.0,30.0,,11717,2.42,0.18899100000000002,0.08642857142857142,0.056697300000000006,0.029731271428571418,5.0,63.0,58.0,0.35,4783.530685628566,5.0,63.0,58.0,4725.530685628566,0.012124935285615018,31.0,0.0,8.460735148039795,2,12,1.836986729638062,1.926715532301348,,21.45133992410705,20.798745454293755,20.489793143591502,1
2019-02-01,0.0,23.0,33.0,,11717,2.378,0.195275,0.08492857142857144,0.058582499999999996,0.02634607142857144,0.0,63.0,63.0,0.35,4783.530685628566,0.0,63.0,63.0,4720.530685628566,0.013170188327478382,31.0,0.0,8.459676505655324,2,13,1.94377960753589,1.9678201439739322,,23.286950698242755,22.613861520513566,20.357054970272152,1
2019-03-01,0.0,24.0,33.0,,11717,2.547,0.18817,0.09096428571428572,0.056451,0.03451328571428572,0.0,63.0,63.0,0.35,4783.530685628566,0.0,63.0,63.0,4720.530685628566,0.013170188327478382,28.0,0.0,8.459676505655324,2,14,1.94377960753589,2.0097663761691207,,25.15382365395141,24.41828289225578,20.25646095647173,1
2019-04-01,2.0,25.0,30.0,,11717,2.79,0.185105,0.09964285714285714,0.0555315,0.04411135714285715,2.0,65.0,63.0,0.35,4783.530685628566,2.0,65.0,63.0,4720.530685628566,0.013170188327478382,31.0,0.0,8.459676505655324,2,15,1.94377960753589,2.0525699098881094,,27.052571994536354,26.212681459327445,22.131919417699365,1
2019-05-01,0.0,26.0,31.0,,11717,2.937,0.187827,0.10489285714285713,0.0563481,0.04854475714285714,0.0,65.0,65.0,0.35,4783.530685628566,0.0,65.0,65.0,4718.530685628566,0.013588289544223727,30.0,0.0,8.459252734699447,2,16,1.9864322612071785,2.096246649329352,,28.98382700347689,28.039185782041965,22.000276761607168,1
2019-06-01,3.0,27.0,31.0,,11717,2.798,0.215887,0.09992857142857144,0.0647661,0.03516247142857144,3.0,68.0,65.0,0.35,4783.530685628566,3.0,68.0,65.0,4718.530685628566,0.013588289544223727,31.0,0.0,8.459252734699447,2,17,1.9864322612071785,2.1408127218318076,,30.947335469817766,29.85408843401227,24.882374239769284,1
2019-07-01,3.0,28.0,33.0,,11717,2.805,0.21162,0.10017857142857144,0.063486,0.036692571428571435,3.0,71.0,68.0,0.35,4783.530685628566,3.0,71.0,68.0,4715.530685628566,0.014215441369341745,30.0,0.0,8.458616741359345,2,18,2.0503421372628514,2.186284477628833,,32.94335514470085,31.721207686880803,27.70580734305903,1
2019-08-01,2.0,29.0,38.0,,11717,2.747,0.22709700000000002,0.09810714285714285,0.0681291,0.029978042857142853,2.0,73.0,71.0,0.35,4783.530685628566,2.0,73.0,71.0,4712.530685628566,0.014842593194459764,31.0,0.0,8.457980343274285,2,19,2.1141690879770123,2.2326784894023106,,34.97239980486965,33.63907209473681,29.52611292315181,1
2019-09-01,2.0,30.0,39.0,,11717,2.617,0.223472,0.09346428571428571,0.06704159999999999,0.026422685714285715,2.0,75.0,73.0,0.35,4783.530685628566,2.0,75.0,73.0,4710.530685628566,0.015260694411205108,31.0,0.0,8.457555852771414,2,20,2.156674318818946,2.280011551626267,,37.03437112001841,35.585542748782686,31.337730419909775,1
2019-10-01,4.0,31.0,42.0,,11717,2.542,0.203441,0.09078571428571428,0.0610323,0.029753414285714277,4.0,79.0,75.0,0.35,4783.530685628566,4.0,79.0,75.0,4708.530685628566,0.015678795627950454,30.0,0.0,8.45713118199983,2,21,2.1991426939535414,2.3283006796888337,,39.12785939339632,37.55833845841512,35.151520396896444,1
2019-11-01,4.0,32.0,45.0,,11717,2.565,0.209325,0.09160714285714286,0.0627975,0.028809642857142853,4.0,83.0,79.0,0.35,4783.530685628566,4.0,83.0,79.0,4704.530685628566,0.016514998061441147,31.0,0.0,8.456281299037636,2,22,2.283968877100716,2.377563108781026,,41.252667656617135,39.59905148701699,38.92893750463497,1
2019-12-01,2.0,33.0,49.0,,11717,2.553,0.20593599999999998,0.09117857142857143,0.06178079999999999,0.02939777142857144,2.0,85.0,83.0,0.35,4783.530685628566,2.0,85.0,83.0,4700.530685628566,0.017351200494931836,30.0,0.0,8.455430693159954,2,23,2.368647637418536,2.427816292540408,,43.40022017869528,41.69757614468631,40.67311971506818,1
2020-01-01,8.0,34.0,51.0,,11717,2.59,0.205478,0.0925,0.061643399999999994,0.030856600000000005,8.0,93.0,85.0,0.35,4783.530685628566,8.0,93.0,85.0,4698.530685628566,0.01776930171167718,31.0,0.0,8.455005118743278,2,24,2.4109317340164376,2.479077901437334,,45.567238801504615,43.80711037802909,48.40053499771328,1
2020-02-01,2.0,35.0,59.0,,11717,2.455,0.19767600000000002,0.08767857142857143,0.0593028,0.028375771428571422,2.0,95.0,93.0,0.35,4783.530685628566,2.0,95.0,93.0,4690.530685628566,0.01944170657865856,31.0,0.0,8.453301007625102,2,25,2.579699563334659,2.5313658208910206,,47.74449496350786,46.044202804450045,50.01219755588551,1
2020-03-01,0.0,36.0,61.0,,11717,2.309,0.19449000000000002,0.08246428571428573,0.058347,0.024117285714285723,0.0,95.0,95.0,0.35,4783.530685628566,0.0,95.0,95.0,4688.530685628566,0.01985980779540391,29.0,0.0,8.45287452570945,2,26,2.621799381395868,2.584698149102323,,49.955229029401146,48.3028213115983,49.692535455814664,1
2020-04-01,0.0,37.0,59.0,,11717,2.074,0.200328,0.07407142857142857,0.060098399999999996,0.01397302857142857,0.0,95.0,95.0,0.35,4783.530685628566,0.0,95.0,95.0,4688.530685628566,0.01985980779540391,31.0,0.0,8.45287452570945,2,27,2.621799381395868,2.6390931945896505,,52.19949350439,50.54173893251746,49.35412483043962,1
2020-05-01,2.0,38.0,58.0,,11717,2.043,0.205233,0.07296428571428572,0.0615699,0.01139438571428572,2.0,97.0,95.0,0.35,4783.530685628566,2.0,97.0,95.0,4688.530685628566,0.01985980779540391,30.0,0.0,8.45287452570945,2,28,2.621799381395868,2.6945694734140466,,54.47816276393026,52.76078493298846,50.995256552312746,1
2020-06-01,0.0,39.0,58.0,,11717,2.112,0.236011,0.07542857142857143,0.0708033,0.004625271428571429,0.0,97.0,97.0,0.35,4783.530685628566,0.0,97.0,97.0,4686.530685628566,0.020277909012149254,31.0,0.0,8.452447861829366,2,29,2.6638623437497384,2.751145706079031,,56.79001425562602,54.99970826928386,50.62014467872243,1
2020-07-01,3.0,40.0,54.0,,11717,2.143,0.233034,0.07653571428571428,0.06991019999999999,0.006625514285714285,3.0,100.0,97.0,0.35,4783.530685628566,3.0,100.0,97.0,4686.530685628566,0.020277909012149254,30.0,0.0,8.452447861829366,2,30,2.6638623437497384,2.8088408140903747,,59.13357958554088,57.21401171210393,53.18259592990114,1
2020-08-01,2.0,41.0,58.0,,11717,2.129,0.223776,0.07603571428571429,0.06713279999999999,0.008902914285714297,2.0,102.0,100.0,0.35,4783.530685628566,2.0,102.0,100.0,4683.530685628566,0.020905060837267272,31.0,0.0,8.45180752448607,2,31,2.7268876828292834,2.8676739161605607,,61.50796134426564,59.4638944830414,54.730109698369326,1
2020-09-01,3.0,42.0,60.0,,11717,2.122,0.233586,0.07578571428571428,0.0700758,0.005709914285714282,3.0,105.0,102.0,0.35,4783.530685628566,3.0,105.0,102.0,4681.530685628566,0.021323162054012617,31.0,0.0,8.45138040501485,2,32,2.768858505914807,2.92766432404223,,63.91320775936777,61.72747977058953,57.27937919642474,1
2020-10-01,4.0,43.0,61.0,,11717,2.078,0.19449000000000002,0.0742142857142857,0.058347,0.015867285714285702,4.0,109.0,105.0,0.35,4783.530685628566,4.0,109.0,105.0,4678.530685628566,0.021950313879130635,30.0,0.0,8.450739383554899,2,33,2.8317456360918323,2.988831537974507,,66.33763697795241,64.01347961045973,60.80212597077873,1
2020-11-01,2.0,44.0,66.0,,11717,2.05,0.217667,0.0732142857142857,0.0653001,0.007914185714285704,2.0,111.0,109.0,0.35,4783.530685628566,2.0,111.0,109.0,4674.530685628566,0.022786516312621328,31.0,0.0,8.449884048582723,2,34,2.9154661480188473,3.051195241725653,,68.76911262362137,66.32972721065708,62.2559731042622,1
2020-12-01,0.0,45.0,67.0,,11717,2.137,0.20121,0.07632142857142857,0.060363,0.015958428571428568,0.0,111.0,111.0,0.35,4783.530685628566,0.0,111.0,111.0,4672.530685628566,0.023204617529366672,30.0,0.0,8.449456106590885,2,35,2.957271120421347,3.114775297215084,,71.19567747913851,68.62085020171637,61.636122086949456,1
2021-01-01,5.0,46.0,66.0,,11717,2.316,0.194951,0.08271428571428571,0.058485300000000004,0.02422898571428571,5.0,116.0,111.0,1.0,4783.530685628566,5.0,116.0,111.0,4672.530685628566,0.023204617529366672,31.0,0.0,8.449456106590885,2,36,2.957271120421347,3.179591738697333,,73.61957905855206,70.84594099717069,66.00285584154399,1
2021-02-01,3.0,47.0,71.0,,11717,2.498,0.196239,0.08921428571428572,0.0588717,0.03034258571428572,3.0,119.0,116.0,1.0,4783.530685628566,3.0,119.0,116.0,4667.530685628566,0.024249870571230035,31.0,0.0,8.448385449712116,2,37,3.0616223077079896,3.245664766490168,,76.06414513882397,73.13255904454027,68.24189579596992,1
2021-03-01,6.0,48.0,72.0,,11717,2.754,0.213526,0.09835714285714285,0.0640578,0.03429934285714285,6.0,125.0,119.0,1.0,4783.530685628566,6.0,125.0,119.0,4664.530685628566,0.024877022396348054,28.0,0.0,8.447742504925538,2,38,3.1241224529579585,3.313014740228615,,78.53782720722133,75.44429727902586,73.56852952706049,1
2021-04-01,5.0,49.0,76.0,,11717,2.769,0.219437,0.09889285714285714,0.06583109999999999,0.033061757142857154,5.0,130.0,125.0,1.0,4783.530685628566,5.0,130.0,125.0,4658.530685628566,0.02613132604658409,31.0,0.0,8.446455373887904,2,39,3.2488739674333615,3.381662171626239,,81.04503592883415,77.84917883352142,77.84584575362699,1
2021-05-01,4.0,50.0,80.0,,11717,2.937,0.216873,0.10489285714285713,0.0650619,0.03983095714285713,4.0,134.0,130.0,1.0,4783.530685628566,4.0,134.0,130.0,4653.530685628566,0.027176579088447454,30.0,0.0,8.445381497700632,2,40,3.3525801798415777,3.4516277167246643,,83.58806316185677,80.32683312173226,81.03482224027425,1
2021-06-01,9.0,51.0,84.0,,11717,3.027,0.23659300000000003,0.10810714285714286,0.07097790000000001,0.03712924285714285,9.0,143.0,134.0,1.0,4783.530685628566,9.0,143.0,134.0,4649.530685628566,0.028012781521938146,31.0,0.0,8.444521565666033,2,41,3.435379299085126,3.5229321676119025,,86.16531166103904,82.85225340625526,89.13581625663478,1
2021-07-01,6.0,52.0,89.0,,11717,3.089,0.23117100000000002,0.11032142857142857,0.0693513,0.040970128571428566,6.0,149.0,143.0,1.0,4783.530685628566,6.0,149.0,143.0,4640.530685628566,0.029894236997292198,30.0,0.0,8.442584010583042,2,42,3.621138302663283,3.595596443589664,,88.77667861356417,85.52585380532874,94.16016984038157,1
2021-08-01,6.0,53.0,96.0,,11717,3.101,0.238252,0.11075,0.0714756,0.0392744,6.0,155.0,149.0,1.0,4783.530685628566,6.0,155.0,149.0,4634.530685628566,0.031148540647528235,31.0,0.0,8.441290218424308,2,43,3.744563011674494,3.6696415817695214,,91.42942558499402,88.29039390841406,99.15482632643423,1
2021-09-01,4.0,54.0,100.0,,11717,3.188,0.243286,0.11385714285714287,0.0729858,0.04087134285714286,4.0,159.0,155.0,1.0,4783.530685628566,4.0,159.0,155.0,4628.530685628566,0.03240284429776427,31.0,0.0,8.43999475019871,2,44,3.8676560193196576,3.745088727077385,,94.12435105878224,91.14501501344947,102.13337106119116,1
2021-10-01,6.0,55.0,103.0,,11717,3.311,0.217552,0.11825,0.0652656,0.0529844,6.0,165.0,159.0,1.0,4783.530685628566,6.0,165.0,159.0,4624.530685628566,0.03323904673125496,30.0,0.0,8.439130171420146,2,45,3.9495337458797404,3.8219591216454827,,96.86414991130174,94.05014760991062,107.04217993562388,1
2021-11-01,6.0,56.0,110.0,,11717,3.458,0.217497,0.12350000000000001,0.06524909999999999,0.05825090000000002,6.0,171.0,165.0,1.0,4783.530685628566,6.0,171.0,165.0,4618.530685628566,0.034493350381491,31.0,0.0,8.437831900078702,2,46,4.072073917914825,3.9002740935706672,,99.64908323746492,97.04446284275622,111.84176847821978,1
2021-12-01,8.0,57.0,116.0,,11717,3.387,0.22061,0.12096428571428572,0.06618299999999999,0.05478128571428573,8.0,179.0,171.0,1.0,4783.530685628566,8.0,179.0,171.0,4612.530685628566,0.035747654031727034,30.0,0.0,8.436531941037453,2,47,4.1942823885838605,3.980055045017655,,102.47462558345555,100.12003779808182,118.58830674729597,1
2022-01-01,4.0,58.0,120.0,,11717,3.342,0.20494199999999999,0.11935714285714286,0.06148259999999999,0.057874542857142865,4.0,183.0,179.0,1.0,4783.530685628566,4.0,183.0,179.0,4604.530685628566,0.03742005889870842,31.0,0.0,8.43479602940864,2,48,4.356711036239834,4.061323439645501,,105.34263087826209,103.31716573321094,121.35105641928811,1
2022-02-01,7.0,59.0,121.0,,11717,3.607,0.218064,0.1288214285714286,0.0654192,0.06340222857142859,7.0,190.0,183.0,1.0,4783.530685628566,7.0,190.0,183.0,4600.530685628566,0.03825626133219911,31.0,0.0,8.433926942263984,2,49,4.437704225823788,4.144100789335387,,108.25924539514286,106.56024277073364,127.09285951408846,1
2022-03-01,5.0,60.0,121.0,,11717,4.252,0.225942,0.15185714285714286,0.0677826,0.08407454285714286,5.0,195.0,190.0,1.0,4783.530685628566,5.0,195.0,190.0,4593.530685628566,0.03971961559080782,28.0,0.0,8.43240421991748,2,50,4.579087571412575,4.228408640197644,,111.22696936253013,109.91092216268686,130.90378756216728,1
2022-04-01,5.0,61.0,127.0,,11717,4.014,0.221159,0.14335714285714288,0.0663477,0.07700944285714288,5.0,200.0,195.0,1.0,4783.530685628566,5.0,200.0,195.0,4588.530685628566,0.04076486863267118,31.0,0.0,8.431315139744294,2,51,4.679799257599526,4.314268557835695,,114.24694315448411,113.33029653879088,134.64371076171247,1
2022-05-01,6.0,62.0,130.0,,11717,4.643,0.25454,0.16582142857142856,0.076362,0.08945942857142856,6.0,206.0,200.0,1.0,4783.530685628566,6.0,206.0,200.0,4583.530685628566,0.041810121674534545,30.0,0.0,8.430224872182205,2,52,4.78028059561561,4.401702111844567,,117.3201348062895,116.81673697877731,139.30382688160043,1
2022-06-01,5.0,63.0,135.0,,11717,4.847,0.2818233604,0.17310714285714288,0.08454700812,0.08856013473714287,5.0,211.0,206.0,1.0,4783.530685628566,5.0,211.0,206.0,4577.530685628566,0.04306442532477058,31.0,0.0,8.428914980104256,2,53,4.900554141649366,4.490730859521468,,120.4486898907378,120.38962144857487,142.83714007019995,1
2022-07-01,4.0,64.0,136.0,,11717,4.49,0.2785991614,0.16035714285714286,0.08357974842,0.07677739443714286,4.0,215.0,211.0,1.0,4783.530685628566,4.0,215.0,211.0,4572.530685628566,0.044109678366633945,30.0,0.0,8.427822091150883,2,54,5.000528713689543,4.581376328765905,,123.63217482866057,124.02463003699405,145.27852623743024,1
2022-08-01,3.0,65.0,137.0,,11717,3.971,0.28803368030000004,0.14182142857142857,0.08641010409000001,0.05541132448142856,3.0,218.0,215.0,1.0,4783.530685628566,3.0,218.0,215.0,4568.530685628566,0.044945880800124634,31.0,0.0,8.426946919200306,2,55,5.080342520638661,4.673660000146851,,126.87104780380443,127.69926505663855,146.69458697079483,1
2022-09-01,3.0,66.0,138.0,,11717,3.456,0.2830843604,0.12342857142857143,0.08492530812,0.03850326330857143,3.0,221.0,218.0,1.0,4783.530685628566,3.0,221.0,218.0,4565.530685628566,0.045573032625242656,31.0,0.0,8.42629003723161,2,56,5.1401061296187365,4.767603288114512,,130.16789915655798,131.39464233218627,148.0687677095975,1
2022-10-01,5.0,67.0,139.0,,11717,3.453,0.2599750051,0.12332142857142857,0.07799250153,0.045328927041428574,5.0,226.0,221.0,1.0,4783.530685628566,5.0,226.0,221.0,4562.530685628566,0.04620018445036067,30.0,0.0,8.42563272348535,2,57,5.199786813257298,4.863227521334354,,133.52237773277034,135.10851156411707,151.36898604622812,1
2022-11-01,10.0,68.0,142.0,,11717,3.68,0.26376337629999996,0.13142857142857142,0.07912901288999999,0.05229955853857143,10.0,236.0,226.0,1.0,4783.530685628566,10.0,236.0,226.0,4557.530685628566,0.047245437492224034,31.0,0.0,8.424536239525997,2,58,5.299070340784876,4.960553922121244,,136.93619581452893,138.8797106394515,159.60419516755707,1
2022-12-01,5.0,69.0,150.0,,11717,3.246,0.2524078524,0.11592857142857142,0.07572235572000001,0.04020621570857141,5.0,241.0,236.0,1.0,4783.530685628566,5.0,241.0,236.0,4547.530685628566,0.04933594357595076,30.0,0.0,8.422339658171285,2,59,5.496946351327432,5.0596035849518115,,140.41061171351288,142.8058289676688,162.76042489552572,1
2023-01-01,2.0,70.0,149.0,,11717,3.266,0.22037085239999998,0.11664285714285715,0.06611125572,0.05053160142285715,2.0,243.0,241.0,1.0,4783.530685628566,2.0,243.0,241.0,4542.530685628566,0.05038119661781413,31.0,0.0,8.421239555476694,2,60,5.595538834342411,5.1603974540334,,143.94482849358818,146.78424389519452,162.94694174687228,1
2023-02-01,6.0,71.0,149.0,,11717,3.281,0.2208565838,0.11717857142857144,0.06625697514,0.050921596288571444,6.0,249.0,243.0,1.0,4783.530685628566,6.0,249.0,243.0,4540.530685628566,0.05079929783455947,31.0,0.0,8.420799175311775,2,61,5.634911330060558,5.262956299908446,,147.53958141281743,150.75621124693714,167.24294619455966,1
2023-03-01,3.0,72.0,151.0,,11717,3.258,0.2169835435,0.11635714285714285,0.06509506305,0.051262079807142855,3.0,252.0,249.0,1.0,4783.530685628566,3.0,252.0,249.0,4534.530685628566,0.05205360148479551,28.0,0.0,8.419476870011835,2,62,5.752807682970973,5.367300695073502,,151.1965197943123,154.80327193169464,168.50961637891368,1
2023-04-01,6.0,73.0,153.0,,11717,3.436,0.21484068520000002,0.1227142857142857,0.06445220556,0.0582620801542857,6.0,258.0,252.0,1.0,4783.530685628566,6.0,258.0,252.0,4531.530685628566,0.05268075330991353,31.0,0.0,8.418815061099089,2,63,5.811631471413913,5.473450988592728,,154.91819188278242,158.8674218548359,172.72688929276467,1
2023-05-01,10.0,74.0,157.0,,11717,3.483,0.21853669620000002,0.12439285714285715,0.06556100886,0.058831848282857147,10.0,268.0,258.0,1.0,4783.530685628566,10.0,268.0,258.0,4525.530685628566,0.05393505696014956,30.0,0.0,8.417490127849378,2,64,5.929030272275253,5.581427279686279,,158.70510154041423,163.00571201362644,180.85687594531066,1
2023-06-01,4.0,75.0,161.0,,11717,3.496,0.2422203604,0.12485714285714286,0.07266610812,0.05219103473714286,4.0,272.0,268.0,1.0,4783.530685628566,4.0,272.0,268.0,4515.530685628566,0.05602556304387629,31.0,0.0,8.415277997289193,2,65,6.1239578262307175,5.6912493902747725,,162.55707506598762,167.29274971911036,182.850689118088,1
2023-07-01,10.0,76.0,166.0,,11717,3.538,0.24336116140000003,0.12635714285714286,0.07300834842000001,0.053348794437142855,10.0,282.0,272.0,1.0,4783.530685628566,10.0,282.0,272.0,4511.530685628566,0.05686176547736698,30.0,0.0,8.414391773058009,2,66,6.201670857861532,5.802936836461836,,166.4766502304069,171.61014292972132,190.72894763319502,1
2023-08-01,17.0,77.0,175.0,,11717,3.773,0.24037968029999998,0.13475,0.07211390408999999,0.06263609591000002,17.0,299.0,282.0,1.0,4783.530685628566,17.0,299.0,282.0,4501.530685628566,0.05895227156109371,31.0,0.0,8.412172770281616,2,67,6.395308462060143,5.916508798937649,,170.46412807085983,176.07070079827506,205.59682053175356,1
2023-09-01,9.0,78.0,185.0,,11717,3.72,0.23173044099999998,0.13285714285714287,0.0695191323,0.06333801055714287,9.0,308.0,299.0,1.0,4783.530685628566,9.0,308.0,299.0,4484.530685628566,0.06250613190342914,31.0,0.0,8.408389128132164,2,68,6.722377792989226,6.031984092287504,,174.5210953356426,180.80833100078675,212.35336450604723,1
2023-10-01,15.0,79.0,190.0,,11717,3.56,0.2184350564,0.12714285714285714,0.06553051691999999,0.06161234022285715,15.0,323.0,308.0,1.0,4783.530685628566,15.0,323.0,308.0,4475.530685628566,0.0643875873787832,30.0,0.0,8.406380212645118,2,69,6.894454115217909,6.149381133190474,,178.64979621544,185.6671377483641,225.08117721288258,1
2023-11-01,8.0,80.0,204.0,,11717,3.322,0.2168853763,0.11864285714285715,0.06506561289,0.05357724425285715,8.0,331.0,323.0,1.0,4783.530685628566,8.0,331.0,323.0,4460.530685628566,0.06752334650437329,31.0,0.0,8.403023025744718,2,70,7.179589478768807,6.268717907494646,,182.84912774274156,190.75748364954646,230.64786202482594,1
2023-12-01,10.0,81.0,211.0,,11717,3.156,0.2100811613,0.11271428571428573,0.06302434839,0.04968993732428573,10.0,341.0,331.0,1.0,4783.530685628566,10.0,341.0,331.0,4452.530685628566,0.06919575137135467,30.0,0.0,8.401227906915153,2,71,7.33081399139383,6.39001193615674,,187.11783136754616,195.94008003011277,238.06971400892053,1
2024-01-01,5.0,82.0,218.0,,11717,3.032,0.2461767172,0.10828571428571429,0.07385301516,0.0344326991257143,5.0,346.0,341.0,1.0,4783.530685628566,5.0,346.0,341.0,4442.530685628566,0.0712862574550814,31.0,0.0,8.398979467293318,2,72,7.51901537875999,6.513280240035491,,191.4567919683355,201.2489089891696,240.33696608721561,1
2024-02-01,14.0,83.0,214.0,,11717,3.103,0.2472390589,0.11082142857142858,0.07417171767,0.03664971090142859,14.0,360.0,346.0,1.0,4783.530685628566,14.0,360.0,346.0,4437.530685628566,0.07233151049694476,31.0,0.0,8.397853348830989,2,73,7.61277055018677,6.638539303529842,,195.87128790035536,206.59073446697442,251.67219487789703,1
2024-03-01,10.0,84.0,222.0,,11717,3.239,0.24726661960000001,0.11567857142857142,0.07417998588000001,0.041498585548571415,10.0,370.0,360.0,1.0,4783.530685628566,10.0,370.0,360.0,4423.530685628566,0.07525821901416219,29.0,0.0,8.394693453856217,2,74,7.874059577912745,6.765805037054796,,200.36194675345445,212.1340584308444,258.74015181470145,1
2024-04-01,15.0,85.0,227.0,,11717,3.434,0.24086393309999998,0.12264285714285715,0.07225917992999999,0.050383677212857164,15.0,385.0,370.0,1.0,4783.530685628566,15.0,385.0,370.0,4413.530685628566,0.07734872509788891,31.0,0.0,8.39243025711054,2,75,8.059588926496852,6.895092738349864,,204.92950732911257,217.79762336319172,270.79377808850467,1
2024-05-01,13.0,86.0,236.0,,11717,3.549,0.23623341060000003,0.12675,0.07087002318,0.055879976819999996,13.0,398.0,385.0,1.0,4783.530685628566,13.0,398.0,385.0,4398.530685628566,0.080484484223479,30.0,0.0,8.3890258290532,2,76,8.336155338091512,7.026417052616962,,209.57535696937884,223.67258314437458,280.64658136291825,1
2024-06-01,12.0,87.0,245.0,,11717,3.384,0.2546286157,0.12085714285714286,0.07638858471,0.04446855814714286,12.0,410.0,398.0,1.0,4783.530685628566,12.0,410.0,398.0,4385.530685628566,0.08320214213232374,31.0,0.0,8.386065920431959,2,77,8.574169293456311,7.159791931487144,,214.30015695505622,229.7161625473277,289.3588389047199,1
2024-07-01,9.0,88.0,255.0,,11717,3.417,0.2527567314,0.12203571428571428,0.07582701941999999,0.046208694865714287,9.0,419.0,410.0,1.0,4783.530685628566,9.0,419.0,410.0,4373.530685628566,0.08571074943279582,30.0,0.0,8.38332589909883,2,78,8.792492393998618,7.295230590817826,,219.10369251315544,235.90473785226743,295.10977887716945,1
2024-08-01,18.0,89.0,257.0,,11717,3.301,0.2533276141,0.11789285714285715,0.07599828422999999,0.041894572912857156,18.0,437.0,419.0,1.0,4783.530685628566,18.0,437.0,419.0,4364.530685628566,0.08759220490814987,31.0,0.0,8.381265944882403,2,79,8.955364003319472,7.432745467324872,,223.98936959981026,242.186190240791,309.79687976950663,1
2024-09-01,14.0,90.0,271.0,,11717,3.067,0.2542071944,0.10953571428571429,0.07626215832,0.033273555965714297,14.0,451.0,437.0,1.0,4783.530685628566,14.0,451.0,437.0,4346.530685628566,0.09135511585885799,31.0,0.0,8.377133262342022,2,80,9.278868237740358,7.572348174056701,,228.9563052652443,248.7180999119256,320.2460387398042,1
2024-10-01,13.0,91.0,278.0,,11717,2.945,0.2389307106,0.10517857142857143,0.07167921318,0.03349935824857142,13.0,464.0,451.0,1.0,4783.530685628566,13.0,464.0,451.0,4332.530685628566,0.0942818243760754,30.0,0.0,8.37390710422563,2,81,9.528418722678971,7.71404945472056,,234.00721228562202,255.42384661128938,329.674825993052,1
2024-11-01,19.0,92.0,285.0,,11717,2.895,0.2370113869,0.10339285714285715,0.07110341607,0.03228944107285715,19.0,483.0,464.0,1.0,4783.530685628566,19.0,483.0,464.0,4319.530685628566,0.09699948228492014,31.0,0.0,8.370902037750685,2,82,9.75852712881963,7.85785913687424,,239.14288628918723,262.2834644042904,344.9006761996753,1
2024-12-01,15.0,93.0,295.0,,11717,2.916,0.23983544729999998,0.10414285714285713,0.07195063418999999,0.03219222295285715,15.0,498.0,483.0,1.0,4783.530685628566,15.0,498.0,483.0,4300.530685628566,0.10097144384400092,30.0,0.0,8.366493709329074,2,83,10.092038380959774,8.003786083999941,,244.365641884586,269.3978622063843,356.07700979657926,1
2025-01-01,14.0,94.0,307.0,,11717,2.959,0.24267,0.10567857142857143,0.07280099999999999,0.03287757142857144,14.0,512.0,498.0,1.0,4783.530685628566,14.0,512.0,498.0,4285.530685628566,0.10410720296959101,31.0,0.0,8.362999670651318,2,84,10.352987186569683,,10.352987186569683,241.522438171246,276.69149942207815,362.631482942255,0
2025-02-01,13.0,95.0,321.0,,11717,2.977,0.24132,0.10632142857142857,0.072396,0.033925428571428565,13.0,525.0,512.0,1.0,4783.530685628566,13.0,525.0,508.3529871865697,4275.177698441997,0.10627150123941789,31.0,0.0,8.360580947393998,2,85,10.594668977991496,,10.531884597442989,238.68838281578266,284.14730281369594,369.40775546316775,0
2025-03-01,17.0,96.0,329.0,,11717,2.901,0.24111999999999997,0.10360714285714286,0.07233599999999998,0.03127114285714287,17.0,542.0,525.0,1.0,4783.530685628566,17.0,542.0,518.8848717840127,4264.645813844553,0.10847319812182414,28.0,0.0,8.358114411657802,2,86,10.817470740152265,,10.712859983301092,235.82748966415986,291.74619025385033,376.18196011420207,0
2025-04-01,12.0,97.0,341.0,,11717,2.952,0.24209,0.10542857142857143,0.072627,0.03280157142857143,12.0,554.0,542.0,1.0,4783.530685628566,12.0,554.0,529.5977317673138,4253.932953861252,0.11071272801874449,31.0,0.0,8.35559923490755,2,87,11.106477339327355,,10.895896664637478,232.9445754400425,299.55058387099814,383.1140900454931,0
2025-05-01,14.0,98.0,352.0,,11717,2.981,0.24136,0.1064642857142857,0.072408,0.034056285714285706,14.0,568.0,554.0,1.0,4783.530685628566,14.0,568.0,540.4936284319513,4243.037057196615,0.11299052184525273,30.0,0.0,8.353034578889526,2,88,11.308878774299366,,11.080975960579572,230.0342151381702,307.4748159048461,390.069246222844,0
2025-06-01,13.0,99.0,364.0,,11717,2.981,0.28059999999999996,0.1064642857142857,0.08417999999999999,0.022284285714285715,13.0,581.0,568.0,1.0,4783.530685628566,13.0,581.0,551.5746043925309,4231.956081236035,0.11530700661117486,31.0,0.0,8.35041959570452,2,89,11.543336847082802,,11.268077128863856,227.10286790565738,315.54766302096834,397.1606103050711,0
2025-07-01,19.0,100.0,369.0,,11717,2.981,0.28052,0.1064642857142857,0.084156,0.02230828571428571,19.0,600.0,581.0,1.0,4783.530685628566,19.0,600.0,562.8426815213948,4220.688004107171,0.11766260499015405,30.0,0.0,8.347753427890053,2,90,11.759430870507936,,11.457177306087111,224.14406147605075,323.74893848262684,404.4307440050133,0
2025-08-01,23.0,101.0,382.0,,11717,3.001,0.27966,0.10717857142857143,0.083898,0.023280571428571428,23.0,623.0,600.0,1.0,4783.530685628566,23.0,623.0,574.2998588274819,4209.230826801084,0.12005773487622515,31.0,0.0,8.345035208512053,2,91,12.072459563294627,,11.648251448366935,221.16198682632282,332.1768130978013,411.72584746854807,0
2018-01-01,3.0,11.0,77.0,,11735,2.633,0.19383099999999998,0.09403571428571429,0.05814929999999999,0.035886414285714305,3.0,112.0,109.0,0.35,9810.291745102653,3.0,112.0,109.0,9701.291745102653,0.01111078068136081,31.0,0.0,9.180014325223402,3,0,3.5443564667419243,3.5443564667419243,,3.5443564667419243,3.5443564667419243,3.0,1
2018-02-01,3.0,,,,11735,2.685,0.20355499999999999,0.09589285714285714,0.061066499999999996,0.034826357142857145,3.0,115.0,112.0,0.35,9810.291745102653,3.0,115.0,112.0,9698.291745102653,0.01141658198451753,31.0,0.0,9.179705040230203,3,1,3.6108853881794465,3.6229527199103444,,7.136416391159916,7.124349059429017,5.973851843812355,1
2018-03-01,6.0,12.0,83.0,,11735,2.641,0.19740100000000002,0.09432142857142857,0.059220300000000003,0.035101128571428566,6.0,121.0,115.0,0.35,9810.291745102653,6.0,121.0,115.0,9695.291745102653,0.01172238328767425,28.0,0.0,9.179395659550202,3,2,3.677372472371827,3.7032314938244753,,10.792634226421773,10.754813052729851,11.934638567752682,1
2018-04-01,2.0,13.0,87.0,,11735,2.831,0.186742,0.10110714285714285,0.0560226,0.045084542857142855,2.0,123.0,121.0,0.35,9810.291745102653,2.0,123.0,121.0,9689.291745102653,0.01233398589398769,31.0,0.0,9.178776610892836,3,3,3.810221129021163,3.7852260562386246,,14.511879057305563,14.499330898685312,13.854104652293454,1
2018-05-01,3.0,14.0,90.0,,11735,3.008,0.18830200000000002,0.10742857142857143,0.0564906,0.05093797142857143,3.0,126.0,123.0,0.35,9810.291745102653,3.0,126.0,123.0,9687.291745102653,0.012537853429425502,30.0,0.0,9.178570176150807,3,4,3.854466825908593,3.868970206138348,,18.29854401985594,18.271448270184635,16.782790194366243,1
2018-06-01,4.0,15.0,94.0,,11735,2.993,0.20802700000000002,0.10689285714285714,0.0624081,0.044484757142857136,4.0,130.0,126.0,0.35,9810.291745102653,4.0,130.0,126.0,9684.291745102653,0.012843654732582222,31.0,0.0,9.17826044411207,3,5,3.9208005068687877,3.9544982761428997,,22.150713997386983,22.090119418833808,20.689602194644117,1
2018-07-01,3.0,16.0,93.0,,11735,2.931,0.204559,0.10467857142857143,0.0613677,0.04331087142857143,3.0,133.0,130.0,0.35,9810.291745102653,3.0,133.0,130.0,9680.291745102653,0.013251389803457848,30.0,0.0,9.177847318773338,3,6,4.0091803346566035,4.041845134572364,,26.072151826420352,25.97929330855471,23.577608293376233,1
2018-08-01,4.0,17.0,94.0,,11735,2.905,0.22044699999999998,0.10375,0.06613409999999999,0.03761590000000001,4.0,137.0,133.0,0.35,9810.291745102653,4.0,137.0,133.0,9677.291745102653,0.013557191106614568,31.0,0.0,9.17753736272686,3,7,4.075416395378134,4.131046187157767,,30.062738107692436,29.914836430993123,27.451567649551976,1
2018-09-01,6.0,18.0,97.0,,11735,2.891,0.222677,0.10325,0.0668031,0.03644689999999999,6.0,143.0,137.0,0.35,9810.291745102653,6.0,143.0,137.0,9673.291745102653,0.013964926177490193,31.0,0.0,9.177123938495079,3,8,4.163666062847733,4.2221373783715785,,34.12481587678352,33.91934748189792,33.30511017059285,1
2018-10-01,5.0,19.0,101.0,,11735,2.897,0.201892,0.1034642857142857,0.06056759999999999,0.04289668571428571,5.0,148.0,143.0,0.35,9810.291745102653,5.0,148.0,143.0,9667.291745102653,0.014576528783803633,30.0,0.0,9.176503481496402,3,9,4.295901106568326,4.315155192355066,,38.26081014861675,38.03729205334828,38.12255091429801,1
2018-11-01,1.0,20.0,106.0,,11735,2.753,0.199849,0.09832142857142857,0.0599547,0.038366728571428574,1.0,149.0,148.0,0.35,9810.291745102653,1.0,149.0,148.0,9662.291745102653,0.015086197622398165,31.0,0.0,9.175986139763296,3,10,4.405969140308665,4.410136653418068,,42.47030525970892,42.243748877316,38.92036940640417,1
2018-12-01,4.0,21.0,104.0,,11735,2.562,0.193505,0.0915,0.0580515,0.0334485,4.0,153.0,149.0,0.35,9810.291745102653,4.0,153.0,149.0,9661.291745102653,0.015188131390117073,30.0,0.0,9.175882639291824,3,11,4.427968801308353,4.507119326085768,,46.750809734064674,46.44619811779416,42.72607355963641,1
2019-01-01,5.0,22.0,108.0,,11735,2.42,0.18899100000000002,0.08642857142857142,0.056697300000000006,0.029731271428571418,5.0,158.0,153.0,0.35,9810.291745102653,5.0,158.0,153.0,9657.291745102653,0.015595866460992699,31.0,0.0,9.175468530249182,3,12,4.515920959479166,4.60614131466607,,51.10532693443842,50.712301195493716,47.49528731421451,1
2019-02-01,2.0,23.0,111.0,,11735,2.378,0.195275,0.08492857142857144,0.058582499999999996,0.02634607142857144,2.0,160.0,158.0,0.35,9810.291745102653,2.0,160.0,158.0,9652.291745102653,0.01610553529958723,31.0,0.0,9.174950652676703,3,13,4.625756564079829,4.707241262310198,,55.497734644465375,55.02548800811649,49.2010123645546,1
2019-03-01,3.0,24.0,112.0,,11735,2.547,0.18817,0.09096428571428572,0.056451,0.03451328571428572,3.0,163.0,160.0,0.35,9810.291745102653,3.0,163.0,160.0,9650.291745102653,0.016309402835025043,28.0,0.0,9.174743426529158,3,14,4.66965826584054,4.810458349538052,,59.967783570203615,59.35745245261732,51.908366973209546,1
2019-04-01,3.0,25.0,114.0,,11735,2.79,0.185105,0.09964285714285714,0.0555315,0.04411135714285715,3.0,166.0,163.0,0.35,9810.291745102653,3.0,166.0,163.0,9647.291745102653,0.016615204138181763,31.0,0.0,9.174432506768072,3,15,4.735475954110655,4.9158322921989095,,64.51703102117685,63.73010802612391,54.56431684542646,1
2019-05-01,4.0,26.0,118.0,,11735,2.937,0.187827,0.10489285714285713,0.0563481,0.04854475714285714,4.0,170.0,166.0,0.35,9810.291745102653,4.0,170.0,166.0,9644.291745102653,0.016921005441338483,30.0,0.0,9.17412149030582,3,16,4.801251805135628,5.023403338836875,,69.14707902488753,68.14225696505673,58.247246647963216,1
2019-06-01,7.0,27.0,120.0,,11735,2.798,0.215887,0.09992857142857144,0.0647661,0.03516247142857144,7.0,177.0,170.0,0.35,9810.291745102653,7.0,177.0,170.0,9640.291745102653,0.01732874051221411,31.0,0.0,9.173706651161444,3,17,4.888887859676483,5.1332122674295135,,73.85743263314076,72.61421304317665,64.89276664327815,1
2019-07-01,3.0,28.0,127.0,,11735,2.805,0.21162,0.10017857142857144,0.063486,0.036692571428571435,3.0,180.0,177.0,0.35,9810.291745102653,3.0,180.0,177.0,9633.291745102653,0.018042276886246454,30.0,0.0,9.172980268305723,3,18,5.042071984685429,5.245300381466893,,78.6488097509576,77.20978614299268,67.47781350389928,1
2019-08-01,4.0,29.0,124.0,,11735,2.747,0.22709700000000002,0.09810714285714285,0.0681291,0.029978042857142853,4.0,184.0,180.0,0.35,9810.291745102653,4.0,184.0,180.0,9630.291745102653,0.018348078189403174,31.0,0.0,9.172668799774879,3,19,5.107652595233075,5.359709505337232,,83.5225369342745,81.83973111583568,71.0642149411477,1
2019-09-01,1.0,30.0,127.0,,11735,2.617,0.223472,0.09346428571428571,0.06704159999999999,0.026422685714285715,1.0,185.0,184.0,0.35,9810.291745102653,1.0,185.0,184.0,9626.291745102653,0.0187558132602788,31.0,0.0,9.172253357434386,3,20,5.195028329137495,5.476481978984136,,88.47848976890174,86.52408610587908,71.6103085099435,1
2019-10-01,8.0,31.0,127.0,,11735,2.542,0.203441,0.09078571428571428,0.0610323,0.029753414285714277,8.0,193.0,185.0,0.35,9810.291745102653,8.0,193.0,185.0,9625.291745102653,0.018857747027997706,30.0,0.0,9.172149469876107,3,21,5.216860641156616,5.595660651799344,,93.51343262099026,91.19153632462528,79.13836517100364,1
2019-11-01,4.0,32.0,131.0,,11735,2.565,0.209325,0.09160714285714286,0.0627975,0.028809642857142853,4.0,197.0,193.0,0.35,9810.291745102653,4.0,197.0,193.0,9617.291745102653,0.019673217169748958,31.0,0.0,9.171317980646505,3,22,5.3913517883290165,5.717288875713635,,98.62700587611296,95.99241013935547,82.59073979835814,1
2019-12-01,5.0,33.0,132.0,,11735,2.553,0.20593599999999998,0.09117857142857143,0.06178079999999999,0.02939777142857144,5.0,202.0,197.0,0.35,9810.291745102653,5.0,202.0,197.0,9613.291745102653,0.020080952240624585,30.0,0.0,9.170901976622526,3,23,5.478485795928173,5.8414104974474865,,103.79896836330497,100.81590317839132,87.05436595526072,1
2020-01-01,4.0,34.0,134.0,,11735,2.59,0.205478,0.0925,0.061643399999999994,0.030856600000000005,4.0,206.0,202.0,0.35,9810.291745102653,4.0,206.0,202.0,9608.291745102653,0.020590621079219117,31.0,0.0,9.17038172810967,3,24,5.587298712314264,5.968069849881824,,109.02163642504016,105.67515861362871,90.41373426825828,1
2020-02-01,4.0,35.0,134.0,,11735,2.455,0.19767600000000002,0.08767857142857143,0.0593028,0.028375771428571422,4.0,210.0,206.0,0.35,9810.291745102653,4.0,210.0,206.0,9604.291745102653,0.020998356150094745,31.0,0.0,9.169965334337343,3,25,5.674265370932854,6.097311742508022,,114.27320183935086,110.52331550154494,93.67833941943482,1
2020-03-01,3.0,36.0,138.0,,11735,2.309,0.19449000000000002,0.08246428571428573,0.058347,0.024117285714285723,3.0,213.0,210.0,0.35,9810.291745102653,3.0,213.0,210.0,9600.291745102653,0.02140609122097037,29.0,0.0,9.169548767109017,3,26,5.761157652226747,6.229181450915177,,119.60888640872004,115.41300751379777,95.93526260694173,1
2020-04-01,3.0,37.0,139.0,,11735,2.074,0.200328,0.07407142857142857,0.060098399999999996,0.01397302857142857,3.0,216.0,213.0,0.35,9810.291745102653,3.0,216.0,213.0,9597.291745102653,0.02171189252412709,31.0,0.0,9.169236227770307,3,27,5.826278053077835,6.363724705271417,,125.0289257075342,120.32089896394453,98.14349506323624,1
2020-05-01,1.0,38.0,141.0,,11735,2.043,0.205233,0.07296428571428572,0.0615699,0.01139438571428572,1.0,217.0,216.0,0.35,9810.291745102653,1.0,217.0,216.0,9594.291745102653,0.02201769382728381,30.0,0.0,9.16892359072022,3,28,5.891356616683781,6.500987677754877,,130.53550560848743,125.24643409278866,98.36218551776119,1
2020-06-01,1.0,39.0,139.0,,11735,2.112,0.236011,0.07542857142857143,0.0708033,0.004625271428571429,1.0,218.0,217.0,0.35,9810.291745102653,1.0,218.0,217.0,9593.291745102653,0.022119627595002717,31.0,0.0,9.168819356645992,3,29,5.913040174053511,6.64101696888876,,136.12583752507777,130.14200597746355,98.53514580358147,1
2020-07-01,5.0,40.0,141.0,,11735,2.143,0.233034,0.07653571428571428,0.06991019999999999,0.006625514285714285,5.0,223.0,218.0,0.35,9810.291745102653,5.0,223.0,218.0,9592.291745102653,0.02222156136272162,30.0,0.0,9.168715111705886,3,30,5.934719082840446,6.783859592733735,,141.79654745354728,135.001634854753,102.63725044388207,1
2020-08-01,2.0,41.0,141.0,,11735,2.129,0.223776,0.07603571428571429,0.06713279999999999,0.008902914285714297,2.0,225.0,223.0,0.35,9810.291745102653,2.0,225.0,223.0,9587.291745102653,0.022731230201316156,31.0,0.0,9.168193723937918,3,31,6.043043898033218,6.929562960889793,,147.54561365474578,139.9068862791087,103.71505655871348,1
2020-09-01,4.0,42.0,139.0,,11735,2.122,0.233586,0.07578571428571428,0.0700758,0.005709914285714282,4.0,229.0,225.0,0.35,9810.291745102653,4.0,229.0,225.0,9585.291745102653,0.02293509773675397,31.0,0.0,9.167985092690254,3,32,6.086341284030772,7.078174865258485,,153.3732563673394,144.79097970681977,106.72444258335692,1
2020-10-01,10.0,43.0,141.0,,11735,2.078,0.19449000000000002,0.0742142857142857,0.058347,0.015867285714285702,10.0,239.0,229.0,0.35,9810.291745102653,10.0,239.0,229.0,9581.291745102653,0.023342832807629593,30.0,0.0,9.16756769956851,3,33,6.1728802730323595,7.229743459515382,,159.25186130594133,149.66660060699576,115.68891302537217,1
2020-11-01,4.0,44.0,147.0,,11735,2.05,0.217667,0.0732142857142857,0.0653001,0.007914185714285704,4.0,243.0,239.0,0.35,9810.291745102653,4.0,243.0,239.0,9571.291745102653,0.02436217048481866,31.0,0.0,9.166523453927828,3,34,6.388902344740782,7.384317239241534,,165.15271674879568,154.632722665342,118.46371124640461,1
2020-12-01,5.0,45.0,148.0,,11735,2.137,0.20121,0.07632142857142857,0.060363,0.015958428571428568,5.0,248.0,243.0,0.35,9810.291745102653,5.0,248.0,243.0,9567.291745102653,0.024769905555694284,30.0,0.0,9.166105450154426,3,35,6.4751810131059315,7.541945020661539,,171.04751599951638,159.52699950819633,122.190671615716,1
2021-01-01,10.0,46.0,154.0,,11735,2.316,0.194951,0.08271428571428571,0.058485300000000004,0.02422898571428571,10.0,258.0,248.0,1.0,9810.291745102653,10.0,258.0,248.0,9562.291745102653,0.02527957439428882,31.0,0.0,9.165582699607722,3,36,6.582924755449516,7.702675917934944,,176.94163799050534,164.37568344315915,130.72910480828688,1
2021-02-01,7.0,47.0,159.0,,11735,2.498,0.196239,0.08921428571428572,0.0588717,0.03034258571428572,7.0,265.0,258.0,1.0,9810.291745102653,7.0,265.0,258.0,9552.291745102653,0.026298912071477883,31.0,0.0,9.164536377994965,3,37,6.79806359642717,7.866559318946582,,182.89048350703237,169.337806001064,136.15242764967968,1
2021-03-01,7.0,48.0,164.0,,11735,2.754,0.213526,0.09835714285714285,0.0640578,0.03429934285714285,7.0,272.0,265.0,1.0,9810.291745102653,7.0,272.0,265.0,9545.291745102653,0.02701244844551023,28.0,0.0,9.163803300920886,3,38,6.948384194435315,8.033644859540642,,188.91418756827693,174.36534522299294,141.54930506878995,1
2021-04-01,7.0,49.0,166.0,,11735,2.769,0.219437,0.09889285714285714,0.06583109999999999,0.033061757142857154,7.0,279.0,272.0,1.0,9810.291745102653,7.0,279.0,272.0,9538.291745102653,0.027725984819542575,31.0,0.0,9.163069686050541,3,39,7.098477011886577,8.203982396142258,,195.02330795878734,179.4668037177405,146.91577651491565,1
2021-05-01,7.0,50.0,173.0,,11735,2.937,0.216873,0.10489285714285713,0.0650619,0.03983095714285713,7.0,286.0,279.0,1.0,9810.291745102653,7.0,286.0,279.0,9531.291745102653,0.02843952119357492,30.0,0.0,9.16233553259428,3,40,7.248342048780956,8.377621976709744,,201.22337968678517,184.64536748912798,152.18696322210832,1
2021-06-01,12.0,51.0,175.0,,11735,3.027,0.23659300000000003,0.10810714285714286,0.07097790000000001,0.03712924285714285,12.0,298.0,286.0,1.0,9810.291745102653,12.0,298.0,286.0,9524.291745102653,0.029153057567607266,31.0,0.0,9.16160083976071,3,41,7.397979305118455,8.554613809959678,,207.51071093220128,189.89346572191533,162.3711563103226,1
2021-07-01,13.0,52.0,185.0,,11735,3.089,0.23117100000000002,0.11032142857142857,0.0693513,0.040970128571428566,13.0,311.0,298.0,1.0,9810.291745102653,13.0,311.0,298.0,9512.291745102653,0.030376262780234146,30.0,0.0,9.160340109168414,3,42,7.653970377544278,8.735008232806521,,213.8851512830434,195.31392990749632,173.40227040649262,1
2021-08-01,11.0,53.0,192.0,,11735,3.101,0.238252,0.11075,0.0714756,0.0392744,11.0,322.0,311.0,1.0,9810.291745102653,11.0,322.0,311.0,9499.291745102653,0.03170140176057993,31.0,0.0,9.158972521662319,3,43,7.930538644634973,8.918855675957829,,220.36402238086754,200.93989373048365,182.3523083489245,1
2021-09-01,6.0,54.0,198.0,,11735,3.188,0.243286,0.11385714285714287,0.0729858,0.04087134285714286,6.0,328.0,322.0,1.0,9810.291745102653,6.0,328.0,322.0,9488.291745102653,0.0328226732054879,31.0,0.0,9.15781386961623,3,44,8.163944334629127,9.106206627605568,,226.94931834714401,206.7266504887089,186.2524565658042,1
2021-10-01,5.0,55.0,202.0,,11735,3.311,0.217552,0.11825,0.0652656,0.0529844,5.0,333.0,328.0,1.0,9810.291745102653,5.0,333.0,328.0,9482.291745102653,0.03343427581180134,30.0,0.0,9.157181311297382,3,45,8.291019451448923,9.297111595153748,,233.64753164594714,212.5714689700601,189.19164197922672,1
2021-11-01,8.0,56.0,205.0,,11735,3.458,0.217497,0.12350000000000001,0.06524909999999999,0.05825090000000002,8.0,341.0,333.0,1.0,9810.291745102653,8.0,341.0,333.0,9477.291745102653,0.03394394465039587,31.0,0.0,9.156653873538161,3,46,8.396787546105266,9.49162106492231,,240.45938084702857,218.45268451843526,194.97428817247248,1
2021-12-01,13.0,57.0,210.0,,11735,3.387,0.22061,0.12096428571428572,0.06618299999999999,0.05478128571428573,13.0,354.0,341.0,1.0,9810.291745102653,13.0,354.0,341.0,9469.291745102653,0.03475941479214713,30.0,0.0,9.15580939405936,3,47,8.565774771250151,9.689785459767,,247.3742238463921,224.41754833468582,205.78846145042573,1
2022-01-01,9.0,58.0,219.0,,11735,3.342,0.20494199999999999,0.11935714285714286,0.06148259999999999,0.057874542857142865,9.0,363.0,354.0,1.0,9810.291745102653,9.0,363.0,354.0,9456.291745102653,0.03608455377249291,31.0,0.0,9.154435592078425,3,48,8.839744480559272,9.891655094555022,,254.39654544814016,230.5745488857305,212.505586270435,1
2022-02-01,11.0,59.0,225.0,,11735,3.607,0.218064,0.1288214285714286,0.0654192,0.06340222857142859,11.0,374.0,363.0,1.0,9810.291745102653,11.0,374.0,363.0,9447.291745102653,0.03700195768196307,31.0,0.0,9.153483391593827,3,49,9.028955608076725,10.097280129436394,,261.54101455245075,236.84978868873915,221.17250393863966,1
2022-03-01,15.0,60.0,234.0,,11735,4.252,0.225942,0.15185714285714286,0.0677826,0.08407454285714286,15.0,389.0,374.0,1.0,9810.291745102653,15.0,389.0,374.0,9436.291745102653,0.03812322912687104,28.0,0.0,9.152318358352133,3,50,9.25970230871299,10.306710520851198,,268.81365379028125,243.28771372884555,233.7735113631845,1
2022-04-01,7.0,61.0,246.0,,11735,4.014,0.221159,0.14335714285714288,0.0663477,0.07700944285714288,7.0,396.0,389.0,1.0,9810.291745102653,7.0,396.0,389.0,9421.291745102653,0.03965223564265464,31.0,0.0,9.150727486099452,3,51,9.573450426844982,10.519995970213412,,276.21725854105017,249.97056813483675,238.2909556213984,1
2022-05-01,5.0,62.0,253.0,,11735,4.643,0.25454,0.16582142857142856,0.076362,0.08945942857142856,5.0,401.0,396.0,1.0,9810.291745102653,5.0,401.0,396.0,9414.291745102653,0.040365772016686986,30.0,0.0,9.14998421203779,3,52,9.719508274431476,10.737185870212674,,283.7542123680424,256.7291126208685,240.7682464316174,1
2022-06-01,7.0,63.0,254.0,,11735,4.847,0.2818233604,0.17310714285714288,0.08454700812,0.08856013473714287,7.0,408.0,401.0,1.0,9810.291745102653,7.0,408.0,401.0,9409.291745102653,0.04087544085528152,31.0,0.0,9.149452963551528,3,53,9.823695850938027,10.958329248676147,,291.4296895020627,263.523571179508,245.23263216768112,1
2022-07-01,8.0,64.0,252.0,,11735,4.49,0.2785991614,0.16035714285714286,0.08357974842,0.07677739443714286,8.0,416.0,408.0,1.0,9810.291745102653,8.0,416.0,408.0,9402.291745102653,0.04158897722931386,30.0,0.0,9.148708741213548,3,54,9.969363217569866,11.183474709933764,,299.2427421908175,270.3919260487011,250.60552614607792,1
2022-08-01,10.0,65.0,257.0,,11735,3.971,0.28803368030000004,0.14182142857142857,0.08641010409000001,0.05541132448142856,10.0,426.0,416.0,1.0,9810.291745102653,10.0,426.0,416.0,9394.291745102653,0.042404447371065114,31.0,0.0,9.147857522641065,3,55,10.135561293038647,11.412670373631341,,307.19453239547215,277.3517152624282,257.8581921045769,1
2022-09-01,13.0,66.0,261.0,,11735,3.456,0.2830843604,0.12342857142857143,0.08492530812,0.03850326330857143,13.0,439.0,426.0,1.0,9810.291745102653,13.0,439.0,426.0,9384.291745102653,0.04342378504825418,31.0,0.0,9.14679247948161,3,56,10.342890514923202,11.6459638109377,,315.2912760455645,284.4454990995052,268.01743569875356,1
2022-10-01,7.0,67.0,268.0,,11735,3.453,0.2599750051,0.12332142857142857,0.07799250153,0.045328927041428574,7.0,446.0,439.0,1.0,9810.291745102653,7.0,446.0,439.0,9371.291745102653,0.044748924028599965,30.0,0.0,9.145406225400137,3,57,10.611723540245498,11.883401978093563,,323.5322068294539,291.72970318529974,272.06479740616004,1
2022-11-01,7.0,68.0,275.0,,11735,3.68,0.26376337629999996,0.13142857142857142,0.07912901288999999,0.05229955853857143,7.0,453.0,446.0,1.0,9810.291745102653,7.0,453.0,446.0,9364.291745102653,0.04546246040263231,31.0,0.0,9.144658984159491,3,58,10.756154383854264,12.125031147252153,,331.9214473100019,299.07940787276306,276.0922533128632,1
2022-12-01,11.0,69.0,277.0,,11735,3.246,0.2524078524,0.11592857142857142,0.07572235572000001,0.04020621570857141,11.0,464.0,453.0,1.0,9810.291745102653,11.0,464.0,453.0,9357.291745102653,0.04617599677666465,30.0,0.0,9.1439111841318,3,59,10.900357446906149,12.370896834563746,,340.46203818340643,306.494693510574,284.1024986549267,1
2023-01-01,9.0,70.0,283.0,,11735,3.266,0.22037085239999998,0.11664285714285715,0.06611125572,0.05053160142285715,9.0,473.0,464.0,1.0,9810.291745102653,9.0,473.0,464.0,9346.291745102653,0.047297268221572625,31.0,0.0,9.142734938812392,3,60,11.126502050576839,12.621043725458987,,349.1521375311295,314.0529924899898,289.99163284612314,1
2023-02-01,13.0,71.0,288.0,,11735,3.281,0.2208565838,0.11717857142857144,0.06625697514,0.050921596288571444,13.0,486.0,473.0,1.0,9810.291745102653,13.0,486.0,473.0,9337.291745102653,0.04821467213104279,31.0,0.0,9.141771526124367,3,61,11.311111081128717,12.875515597088839,,357.9935297066283,321.70979264785063,299.8773848538433,1
2023-03-01,13.0,72.0,297.0,,11735,3.258,0.2169835435,0.11635714285714285,0.06509506305,0.051262079807142855,13.0,499.0,486.0,1.0,9810.291745102653,13.0,499.0,486.0,9324.291745102653,0.04953981111138857,28.0,0.0,9.140378289359685,3,62,11.577103822364176,13.134355237882248,,366.990160440521,329.5481292238528,309.73892878521985,1
2023-04-01,15.0,73.0,305.0,,11735,3.436,0.21484068520000002,0.1227142857142857,0.06445220556,0.0582620801542857,15.0,514.0,499.0,1.0,9810.291745102653,15.0,514.0,499.0,9311.291745102653,0.050864950091734355,31.0,0.0,9.138983108777808,3,63,11.842310953107534,13.397604364186286,,376.14810181728114,337.5705630084134,321.4703308375764,1
2023-05-01,18.0,74.0,318.0,,11735,3.483,0.21853669620000002,0.12439285714285715,0.06556100886,0.058831848282857147,18.0,532.0,514.0,1.0,9810.291745102653,18.0,532.0,514.0,9296.291745102653,0.05239395660751795,30.0,0.0,9.137370862538841,3,64,12.147342978501692,13.665303533957495,,385.4685690969445,345.81303708173556,336.16154981409625,1
2023-06-01,21.0,75.0,333.0,,11735,3.496,0.2422203604,0.12485714285714286,0.07266610812,0.05219103473714286,21.0,553.0,532.0,1.0,9810.291745102653,21.0,553.0,532.0,9278.291745102653,0.05422876442645827,31.0,0.0,9.135432729644068,3,65,12.512000779885012,13.937492057477646,,394.9511603362465,354.3316011173271,353.6568759783865,1
2023-07-01,27.0,76.0,345.0,,11735,3.538,0.24336116140000003,0.12635714285714286,0.07300834842000001,0.053348794437142855,27.0,580.0,553.0,1.0,9810.291745102653,27.0,580.0,553.0,9257.291745102653,0.056369373548555306,30.0,0.0,9.133166816731617,3,66,12.93553128684494,14.214207905071785,,404.60189650454026,363.18473677181606,376.8301186912981,1
2023-08-01,24.0,77.0,372.0,,11735,3.773,0.24037968029999998,0.13475,0.07211390408999999,0.06263609591000002,24.0,604.0,580.0,1.0,9810.291745102653,24.0,604.0,580.0,9230.291745102653,0.05912158527696579,31.0,0.0,9.130245935350848,3,67,13.477058228428945,14.495487611811745,,414.42148364009415,372.48201658238827,396.7890028835694,1
2023-09-01,17.0,78.0,389.0,,11735,3.72,0.23173044099999998,0.13285714285714287,0.0695191323,0.06333801055714287,17.0,621.0,604.0,1.0,9810.291745102653,17.0,621.0,604.0,9206.291745102653,0.06156799570221954,31.0,0.0,9.127642414631362,3,68,13.955570577167315,14.781366179193991,,424.4136671307431,382.1574513215127,409.57049260904375,1
2023-10-01,20.0,79.0,404.0,,11735,3.56,0.2184350564,0.12714285714285714,0.06553051691999999,0.06161234022285715,20.0,641.0,621.0,1.0,9810.291745102653,20.0,641.0,621.0,9189.291745102653,0.06330086975344096,30.0,0.0,9.125794144382308,3,69,14.292896793086792,15.071876973786596,,434.58374227603537,392.0691189126873,425.2302173197228,1
2023-11-01,14.0,80.0,421.0,,11735,3.322,0.2168853763,0.11864285714285715,0.06506561289,0.05357724425285715,14.0,655.0,641.0,1.0,9810.291745102653,14.0,655.0,641.0,9169.291745102653,0.06533954510781909,31.0,0.0,9.12361532618288,3,70,14.688031189123164,15.367051622846873,,444.92905230273715,402.2672267015269,434.7907659500438,1
2023-12-01,19.0,81.0,427.0,,11735,3.156,0.2100811613,0.11271428571428573,0.06302434839,0.04968993732428573,19.0,674.0,655.0,1.0,9810.291745102653,19.0,674.0,655.0,9155.291745102653,0.06676661785588377,30.0,0.0,9.12208732389771,3,71,14.963518903643768,15.666919906918242,,455.4465557506659,412.62482024749795,449.1132634738396,1
2024-01-01,27.0,82.0,437.0,,11735,3.032,0.2461767172,0.10828571428571429,0.07385301516,0.0344326991257143,27.0,701.0,674.0,1.0,9810.291745102653,27.0,701.0,674.0,9136.291745102653,0.068703359442543,31.0,0.0,9.120009864956707,3,72,15.335937756930253,15.97150964942229,,466.1382807531585,423.23368067574694,471.120173720393,1
2024-02-01,19.0,83.0,458.0,,11735,3.103,0.2472390589,0.11082142857142858,0.07417171767,0.03664971090142859,19.0,720.0,701.0,1.0,9810.291745102653,19.0,720.0,701.0,9109.291745102653,0.07145557117095347,31.0,0.0,9.117050242457042,3,73,15.862277778527856,16.280846603270188,,477.01666667310144,434.2515230870103,485.0190170617205,1
2024-03-01,22.0,84.0,465.0,,11735,3.239,0.24726661960000001,0.11567857142857142,0.07417998588000001,0.041498585548571415,22.0,742.0,720.0,1.0,9810.291745102653,22.0,742.0,720.0,9090.291745102653,0.0733923127576127,29.0,0.0,9.114962281827294,3,74,16.230633770452812,16.594954334526236,,488.0831094056577,445.5173854727886,501.7296456773866,1
2024-04-01,26.0,85.0,477.0,,11735,3.434,0.24086393309999998,0.12264285714285715,0.07225917992999999,0.050383677212857164,26.0,768.0,742.0,1.0,9810.291745102653,26.0,768.0,742.0,9068.291745102653,0.07563485564742864,31.0,0.0,9.112539184147224,3,75,16.655054723947103,16.91385410316525,,499.3392531057907,457.0828268274981,522.2557064718744,1
2024-05-01,36.0,86.0,493.0,,11735,3.549,0.23623341060000003,0.12675,0.07087002318,0.055879976819999996,36.0,804.0,768.0,1.0,9810.291745102653,36.0,804.0,768.0,9042.291745102653,0.07828513360812021,30.0,0.0,9.10966793288398,3,76,17.15374240786811,17.237564740975376,,510.7882646152035,469.0193237414768,552.6005103324526,1
2024-06-01,24.0,87.0,520.0,,11735,3.384,0.2546286157,0.12085714285714286,0.07638858471,0.04446855814714286,24.0,828.0,804.0,1.0,9810.291745102653,24.0,828.0,804.0,9006.291745102653,0.08195474924600085,31.0,0.0,9.105678694862991,3,77,17.839045228745796,17.56610252666793,,522.431571947303,481.5090767058933,570.5573366958615,1
2024-07-01,18.0,88.0,534.0,,11735,3.417,0.2527567314,0.12203571428571428,0.07582701941999999,0.046208694865714287,18.0,846.0,828.0,1.0,9810.291745102653,18.0,846.0,828.0,8982.291745102653,0.0844011596712546,30.0,0.0,9.103010334204871,3,78,18.292566796386257,17.899481058266854,,534.2685064784743,494.3097061286733,582.4030961569185,1
2024-08-01,30.0,89.0,540.0,,11735,3.301,0.2533276141,0.11789285714285715,0.07599828422999999,0.041894572912857156,30.0,876.0,846.0,1.0,9810.291745102653,30.0,876.0,846.0,8964.291745102653,0.08623596749019492,31.0,0.0,9.101004380698946,3,79,18.63095080782066,18.237711122861523,,546.3069710536188,507.30972244797385,606.17447181639,1
2024-09-01,29.0,90.0,557.0,,11735,3.067,0.2542071944,0.10953571428571429,0.07626215832,0.033273555965714297,29.0,905.0,876.0,1.0,9810.291745102653,29.0,905.0,876.0,8934.291745102653,0.08929398052176211,31.0,0.0,9.097652156975776,3,80,19.191577180599996,18.58080056381871,,558.5446762265891,520.7255825087828,628.7841888510385,1
2024-10-01,28.0,91.0,575.0,,11735,2.945,0.2389307106,0.10517857142857143,0.07167921318,0.03349935824857142,28.0,933.0,905.0,1.0,9810.291745102653,28.0,933.0,905.0,8905.291745102653,0.0922500597856104,30.0,0.0,9.094400957130128,3,81,19.729539145040178,18.928754145561886,,570.9878420386252,534.5357986156937,650.282406295259,1
2024-11-01,29.0,92.0,587.0,,11735,2.895,0.2370113869,0.10339285714285715,0.07110341607,0.03228944107285715,29.0,962.0,933.0,1.0,9810.291745102653,29.0,962.0,933.0,8877.291745102653,0.09510420528173978,31.0,0.0,9.09125180580963,3,82,20.24524112784423,19.28157341603926,,583.6381213675588,548.7155693898071,672.5295828702884,1
2024-12-01,30.0,93.0,605.0,,11735,2.916,0.23983544729999998,0.10414285714285713,0.07195063418999999,0.03219222295285715,30.0,992.0,962.0,1.0,9810.291745102653,30.0,992.0,962.0,8848.291745102653,0.09806028454558807,30.0,0.0,9.087979696218367,3,83,20.77551898492674,19.639256567015337,,596.50074962027,563.2777375308942,695.5110569657356,1
2025-01-01,23.0,94.0,623.0,,11735,2.959,0.24267,0.10567857142857143,0.07280099999999999,0.03287757142857144,23.0,1015.0,992.0,1.0,9810.291745102653,23.0,1015.0,992.0,8818.291745102653,0.10111829757715528,31.0,0.0,9.084583450548926,3,84,21.31996828958467,,21.31996828958467,589.5707973345252,578.226006459268,709.5069627043164,0
2025-02-01,22.0,95.0,638.0,,11735,2.977,0.24132,0.10632142857142857,0.072396,0.033925428571428565,22.0,1037.0,1015.0,1.0,9810.291745102653,22.0,1037.0,1013.3199682895847,8796.971776813069,0.10329152227256025,31.0,0.0,9.082162824973466,3,85,21.734546111943096,,21.704346586191175,582.6624031035699,593.4281302822549,723.7505517898009,0
2025-03-01,28.0,96.0,655.0,,11735,2.901,0.24111999999999997,0.10360714285714286,0.07233599999999998,0.03127114285714287,28.0,1065.0,1037.0,1.0,9810.291745102653,28.0,1065.0,1035.0243148757759,8775.267430226877,0.1055039280959677,28.0,0.0,9.079692524248802,3,86,22.128797763107503,,22.093484392376062,575.6873100633709,608.8597049759605,738.3591446928534,0
2025-04-01,47.0,97.0,660.0,,11735,2.952,0.24209,0.10542857142857143,0.072627,0.03280157142857143,47.0,1112.0,1065.0,1.0,9810.291745102653,47.0,1112.0,1057.1177992681519,8753.173945834502,0.10775600020212145,31.0,0.0,9.07717165024542,3,87,22.627318583906746,,22.487349967730857,568.6573670281125,624.6240125139659,753.2764004402359,0
2025-05-01,21.0,98.0,691.0,,11735,2.981,0.24136,0.1064642857142857,0.072408,0.034056285714285706,21.0,1133.0,1112.0,1.0,9810.291745102653,21.0,1133.0,1079.6051492358827,8730.686595866771,0.11004822051034588,30.0,0.0,9.074599293606676,3,88,23.455928263074775,,22.885906961014385,561.559097092299,641.0538384645148,768.2970547266159,0
2025-06-01,38.0,99.0,702.0,,11735,2.981,0.28059999999999996,0.1064642857142857,0.08417999999999999,0.022284285714285715,38.0,1171.0,1133.0,1.0,9810.291745102653,38.0,1171.0,1102.491056196897,8707.800688905756,0.11238106723454643,31.0,0.0,9.07197453381801,3,89,23.82283903160975,,23.289114259424434,554.4084071188796,657.6769610937888,783.2501592696186,0
2025-07-01,40.0,100.0,719.0,,11735,2.981,0.28052,0.1064642857142857,0.084156,0.02230828571428571,40.0,1211.0,1171.0,1.0,9810.291745102653,40.0,1211.0,1125.7801704563215,8684.511574646333,0.11475501439784566,30.0,0.0,9.069296439286815,3,90,24.481561741932943,,23.69692583807286,547.1894666286021,674.776850467793,798.4497584443097,0
2025-08-01,43.0,101.0,739.0,,11735,3.001,0.27966,0.10717857142857143,0.083898,0.023280571428571428,43.0,1254.0,1211.0,1.0,9810.291745102653,43.0,1254.0,1149.4770962943944,8660.814648808258,0.11717053133187595,31.0,0.0,9.066564067433331,3,91,25.16770227943106,,24.109290609991668,539.9124767668467,692.3780332461644,813.9255556306613,0
2018-01-01,6.0,11.0,203.0,,11743,2.633,0.19383099999999998,0.09403571428571429,0.05814929999999999,0.035886414285714305,6.0,322.0,316.0,0.35,26204.018942290724,6.0,322.0,316.0,25888.018942290724,0.012059218881497864,31.0,0.0,10.161535551559538,4,0,10.517843293583352,10.517843293583352,,10.517843293583352,10.517843293583352,6.0,1
2018-02-01,5.0,,,,11743,2.685,0.20355499999999999,0.09589285714285714,0.061066499999999996,0.034826357142857145,5.0,327.0,322.0,0.35,26204.018942290724,5.0,327.0,322.0,25882.018942290724,0.012288191391906051,31.0,0.0,10.16130375725256,4,1,10.652113502439729,10.753173631505703,,21.179342855356456,21.07828272629048,10.94770368762471,1
2018-03-01,11.0,12.0,206.0,,11743,2.641,0.19740100000000002,0.09432142857142857,0.059220300000000003,0.035101128571428566,11.0,338.0,327.0,0.35,26204.018942290724,11.0,338.0,327.0,25877.018942290724,0.012479001817246208,28.0,0.0,10.161110554278938,4,2,10.763956925146422,10.993567984301798,,32.0333799906398,31.703589647764844,21.87799318756791,1
2018-04-01,9.0,13.0,215.0,,11743,2.831,0.186742,0.10110714285714285,0.0560226,0.045084542857142855,9.0,347.0,338.0,0.35,26204.018942290724,9.0,347.0,338.0,25866.018942290724,0.01289878475299455,31.0,0.0,10.160685376298849,4,3,11.009857517478897,11.23912604919647,,43.076661094499364,42.52004364275274,30.729996448669347,1
2018-05-01,7.0,14.0,221.0,,11743,3.008,0.18830200000000002,0.10742857142857143,0.0564906,0.05093797142857143,7.0,354.0,347.0,0.35,26204.018942290724,7.0,354.0,347.0,25857.018942290724,0.013242243518606832,30.0,0.0,10.160337368894067,4,4,11.210890452273624,11.489949054291987,,54.32228426905371,53.49011760812196,37.553199806863496,1
2018-06-01,12.0,15.0,229.0,,11743,2.993,0.20802700000000002,0.10689285714285714,0.0624081,0.044484757142857136,12.0,366.0,354.0,0.35,26204.018942290724,12.0,366.0,354.0,25850.018942290724,0.013509378114083051,31.0,0.0,10.16006661271351,4,5,11.367150804889706,11.746139760943068,,65.76463025749077,64.558490426445,49.34558326025601,1
2018-07-01,8.0,16.0,234.0,,11743,2.931,0.204559,0.10467857142857143,0.0613677,0.04331087142857143,8.0,374.0,366.0,0.35,26204.018942290724,8.0,374.0,366.0,25838.018942290724,0.013967323134899425,30.0,0.0,10.159602288637506,4,6,11.634824980441698,12.007802464869567,,77.41492760837016,75.84297017286768,57.06641700322485,1
2018-08-01,12.0,17.0,235.0,,11743,2.905,0.22044699999999998,0.10375,0.06613409999999999,0.03761590000000001,12.0,386.0,374.0,0.35,26204.018942290724,12.0,386.0,374.0,25830.018942290724,0.014272619815443675,31.0,0.0,10.159292619434206,4,7,11.813133578425827,12.275042995931251,,89.27288616369553,87.24792338978466,68.76305668002279,1
2018-09-01,12.0,18.0,242.0,,11743,2.891,0.222677,0.10325,0.0668031,0.03644689999999999,12.0,398.0,386.0,0.35,26204.018942290724,12.0,398.0,386.0,25818.018942290724,0.014730564836260049,31.0,0.0,10.158827935751827,4,8,12.080385196826228,12.547968716486151,,101.34552244182392,98.86441095795523,80.38583666590253,1
2018-10-01,16.0,19.0,246.0,,11743,2.897,0.201892,0.1034642857142857,0.06056759999999999,0.04289668571428571,16.0,414.0,398.0,0.35,26204.018942290724,16.0,414.0,398.0,25806.018942290724,0.015188509857076425,30.0,0.0,10.158363036038132,4,9,12.347383280935677,12.82668851825095,,113.64009701353905,110.69329557320347,95.95852588723268,1
2018-11-01,16.0,20.0,257.0,,11743,2.753,0.199849,0.09832142857142857,0.0599547,0.038366728571428574,16.0,430.0,414.0,0.35,26204.018942290724,16.0,430.0,414.0,25790.018942290724,0.015799103218164922,31.0,0.0,10.15774283335712,4,10,12.70298633974012,13.111312817578785,,126.15544150115025,122.81625587058554,111.43276265719742,1
2018-12-01,21.0,21.0,267.0,,11743,2.562,0.193505,0.0915,0.0580515,0.0334485,21.0,451.0,430.0,0.35,26204.018942290724,21.0,451.0,430.0,25774.018942290724,0.016409696579253424,30.0,0.0,10.157122245786017,4,11,13.0581386709162,13.401953549066725,,138.88422653303604,135.21872404263917,131.83228778215937,1
2019-01-01,23.0,22.0,279.0,,11743,2.42,0.18899100000000002,0.08642857142857142,0.056697300000000006,0.029731271428571418,23.0,474.0,451.0,0.35,26204.018942290724,23.0,474.0,451.0,25753.018942290724,0.01721110036568208,31.0,0.0,10.156307139697065,4,12,13.52359209119567,13.698724157401985,,151.83542622567998,148.0139013905564,154.1014169240276,1
2019-02-01,8.0,23.0,299.0,,11743,2.378,0.195275,0.08492857142857144,0.058582499999999996,0.02634607142857144,8.0,482.0,474.0,0.35,26204.018942290724,8.0,482.0,474.0,25730.018942290724,0.018088828322246796,31.0,0.0,10.155413641470261,4,13,14.032483517316676,14.001739587352658,,164.90191063361215,161.13060855864893,161.18331951943875,1
2019-03-01,9.0,24.0,302.0,,11743,2.547,0.18817,0.09096428571428572,0.056451,0.03451328571428572,9.0,491.0,482.0,0.35,26204.018942290724,9.0,491.0,482.0,25722.018942290724,0.018394125002791046,28.0,0.0,10.155102672249473,4,14,14.20927090955508,14.311116271805473,,178.20167942348007,174.34840412986745,169.29137074738722,1
2019-04-01,11.0,25.0,304.0,,11743,2.79,0.185105,0.09964285714285714,0.0555315,0.04411135714285715,11.0,502.0,491.0,0.35,26204.018942290724,11.0,502.0,491.0,25713.018942290724,0.018737583768403326,31.0,0.0,10.154752716248195,4,15,14.408022035731214,14.626972117749744,,191.7394156734333,187.68971794315158,179.28083399447019,1
2019-05-01,9.0,26.0,316.0,,11743,2.937,0.187827,0.10489285714285713,0.0563481,0.04854475714285714,9.0,511.0,502.0,0.35,26204.018942290724,9.0,511.0,502.0,25702.018942290724,0.01915736670415167,30.0,0.0,10.154324825863576,4,16,14.65074640680757,14.949426490103205,,205.51993464331454,201.195821428658,187.22842987208753,1
2019-06-01,5.0,27.0,321.0,,11743,2.798,0.215887,0.09992857142857144,0.0647661,0.03516247142857144,5.0,516.0,511.0,0.35,26204.018942290724,5.0,516.0,511.0,25693.018942290724,0.019500825469763953,31.0,0.0,10.153974597496696,4,17,14.84918061512001,15.278600193272046,,219.54182819813667,214.8151346114985,191.14915786787637,1
2019-07-01,13.0,28.0,315.0,,11743,2.805,0.21162,0.10017857142857144,0.063486,0.036692571428571435,13.0,529.0,516.0,0.35,26204.018942290724,13.0,529.0,516.0,25688.018942290724,0.019691635895104108,30.0,0.0,10.153779973167502,4,18,14.959360219042319,15.614615450334016,,233.80728529629073,228.4560975428888,203.00055504953465,1
2019-08-01,8.0,29.0,321.0,,11743,2.747,0.22709700000000002,0.09810714285714285,0.0681291,0.029978042857142853,8.0,537.0,529.0,0.35,26204.018942290724,8.0,537.0,529.0,25675.018942290724,0.020187743000988512,31.0,0.0,10.153273772568278,4,19,15.245621192628914,15.957595879729903,,248.32029956244625,242.2923112355066,209.78111033559364,1
2019-09-01,11.0,30.0,327.0,,11743,2.617,0.223472,0.09346428571428571,0.06704159999999999,0.026422685714285715,11.0,548.0,537.0,0.35,26204.018942290724,11.0,548.0,537.0,25667.018942290724,0.020493039681532762,31.0,0.0,10.152962137097838,4,20,15.421633896756068,16.30766646934512,,263.08055756127584,256.20667128016623,219.48325021126755,1
2019-10-01,13.0,31.0,339.0,,11743,2.542,0.203441,0.09078571428571428,0.0610323,0.029753414285714277,13.0,561.0,548.0,0.35,26204.018942290724,13.0,561.0,548.0,25656.018942290724,0.020912822617281106,30.0,0.0,10.152533479690879,4,21,15.663467376504483,16.66495354785979,,278.0785109782684,270.24875325458777,231.08592143965814,1
2019-11-01,10.0,32.0,343.0,,11743,2.565,0.209325,0.09160714285714286,0.0627975,0.028809642857142853,10.0,571.0,561.0,0.35,26204.018942290724,10.0,571.0,561.0,25643.018942290724,0.021408929723165514,31.0,0.0,10.152026647562465,4,22,15.948995917694988,17.029584753241902,,293.31314164598683,284.45432876880113,239.5365120214011,1
2019-12-01,19.0,33.0,346.0,,11743,2.553,0.20593599999999998,0.09117857142857143,0.06178079999999999,0.02939777142857144,19.0,590.0,571.0,0.35,26204.018942290724,19.0,590.0,571.0,25633.018942290724,0.021790550573845824,30.0,0.0,10.15163660182027,4,23,16.168430781770496,17.40168899825485,,308.7244301213946,298.68926578679236,256.8647946142063,1
2020-01-01,14.0,34.0,361.0,,11743,2.59,0.205478,0.0925,0.061643399999999994,0.030856600000000005,14.0,604.0,590.0,0.35,26204.018942290724,14.0,604.0,590.0,25614.018942290724,0.022515630190138417,31.0,0.0,10.150895095514546,4,24,16.584871963117028,17.781396432846844,,324.28960631941146,313.1218090121136,268.94644179917526,1
2020-02-01,7.0,35.0,367.0,,11743,2.455,0.19767600000000002,0.08767857142857143,0.0593028,0.028375771428571422,7.0,611.0,604.0,0.35,26204.018942290724,7.0,611.0,604.0,25600.018942290724,0.023049899381090855,31.0,0.0,10.15034837040061,4,25,16.89131664864028,18.168838403286454,,339.9439777564119,327.5690846188283,273.8096474310857,1
2020-03-01,11.0,36.0,369.0,,11743,2.309,0.19449000000000002,0.08246428571428573,0.058347,0.024117285714285723,11.0,622.0,611.0,0.35,26204.018942290724,11.0,622.0,611.0,25593.018942290724,0.023317033976567075,29.0,0.0,10.150074895712143,4,26,17.04440958327423,18.564147407904823,,355.85142124939057,342.03551255097915,282.7586568427254,1
2020-04-01,5.0,37.0,371.0,,11743,2.074,0.200328,0.07407142857142857,0.060098399999999996,0.01397302857142857,5.0,627.0,622.0,0.35,26204.018942290724,5.0,627.0,622.0,25582.018942290724,0.023736816912315415,31.0,0.0,10.149644998612928,4,27,17.284809890016835,18.967457049301867,,372.0126711320694,356.60613831400843,285.53323002093833,1
2020-05-01,2.0,38.0,376.0,,11743,2.043,0.205233,0.07296428571428572,0.0615699,0.01139438571428572,2.0,629.0,627.0,0.35,26204.018942290724,2.0,629.0,627.0,25577.018942290724,0.023927627337655574,30.0,0.0,10.149449529729122,4,28,17.39401233052609,19.378901982870165,,388.4342454331751,371.1475550612361,285.2553405771958,1
2020-06-01,12.0,39.0,374.0,,11743,2.112,0.236011,0.07542857142857143,0.0708033,0.004625271428571429,12.0,641.0,629.0,0.35,26204.018942290724,12.0,641.0,629.0,25575.018942290724,0.024003951507791634,31.0,0.0,10.149371331476083,4,29,17.4376809821462,19.798617861487248,,405.10789759514194,385.5798539667392,294.94215258875164,1
2020-07-01,13.0,40.0,382.0,,11743,2.143,0.233034,0.07653571428571428,0.06991019999999999,0.006625514285714285,13.0,654.0,641.0,0.35,26204.018942290724,13.0,654.0,641.0,25563.018942290724,0.02446189652860801,30.0,0.0,10.148902013500004,4,30,17.69954499686382,20.22674127622341,,422.02363768618386,400.1057108024569,305.44752791295804,1
2020-08-01,10.0,41.0,389.0,,11743,2.129,0.223776,0.07603571428571429,0.06713279999999999,0.008902914285714297,10.0,664.0,654.0,0.35,26204.018942290724,10.0,664.0,654.0,25550.018942290724,0.024958003634492416,31.0,0.0,10.148393337012818,4,31,17.982944906403187,20.663409692909443,,439.17548177285045,414.73219139784516,312.7426135774665,1
2020-09-01,18.0,42.0,399.0,,11743,2.122,0.233586,0.07578571428571428,0.0700758,0.005709914285714282,18.0,682.0,664.0,0.35,26204.018942290724,18.0,682.0,664.0,25540.018942290724,0.025339624485172726,31.0,0.0,10.14800187125778,4,32,18.20074236151628,21.10876138440536,,456.56409258413515,429.3854343528618,327.87341601423094,1
2020-10-01,32.0,43.0,415.0,,11743,2.078,0.19449000000000002,0.0742142857142857,0.058347,0.015867285714285702,32.0,714.0,682.0,0.35,26204.018942290724,32.0,714.0,682.0,25522.018942290724,0.02602654201639729,30.0,0.0,10.147296846488253,4,33,18.59233409571068,21.56293535840852,,474.107528755492,444.14938033020996,356.6787972187234,1
2020-11-01,20.0,44.0,439.0,,11743,2.05,0.217667,0.0732142857142857,0.0653001,0.007914185714285704,20.0,734.0,714.0,0.35,26204.018942290724,20.0,734.0,714.0,25490.018942290724,0.027247728738574287,31.0,0.0,10.146042240496238,4,34,19.287088654884307,22.026071280636895,,491.72057005503916,459.232418311354,372.98594465736926,1
2020-12-01,9.0,45.0,454.0,,11743,2.137,0.20121,0.07632142857142857,0.060363,0.015958428571428568,9.0,743.0,734.0,0.35,26204.018942290724,9.0,743.0,734.0,25470.018942290724,0.028010970439934915,30.0,0.0,10.145257311683109,4,35,19.720394713872714,22.498309393220527,,509.3191747105991,474.27767246421763,377.9778782445495,1
2021-01-01,31.0,46.0,458.0,,11743,2.316,0.194951,0.08271428571428571,0.058485300000000004,0.02422898571428571,31.0,774.0,743.0,1.0,26204.018942290724,31.0,774.0,743.0,25461.018942290724,0.028354429205547194,31.0,0.0,10.14490389261028,4,36,19.91515267496632,22.979790428132095,,526.9192389322216,489.0570016003149,404.6001603467267,1
2021-02-01,17.0,47.0,484.0,,11743,2.498,0.196239,0.08921428571428572,0.0588717,0.03034258571428572,17.0,791.0,774.0,1.0,26204.018942290724,17.0,791.0,774.0,25430.018942290724,0.029537453842656162,31.0,0.0,10.143685603295586,4,37,20.58489404609157,23.470655515485333,,544.6850938331671,504.20272170048634,416.94616006023284,1
2021-03-01,28.0,48.0,488.0,,11743,2.754,0.213526,0.09835714285714285,0.0640578,0.03429934285714285,28.0,819.0,791.0,1.0,26204.018942290724,28.0,819.0,791.0,25413.018942290724,0.03018620928881269,28.0,0.0,10.143016878477367,4,38,20.951453225034808,23.971046086528272,,562.676444473392,519.4629124635953,440.3793600600968,1
2021-04-01,20.0,49.0,498.0,,11743,2.769,0.219437,0.09889285714285714,0.06583109999999999,0.033061757142857154,20.0,839.0,819.0,1.0,26204.018942290724,20.0,839.0,819.0,25385.018942290724,0.031254747670717564,31.0,0.0,10.141914473581362,4,39,21.55408854253604,24.481103771156633,,580.9245794265455,535.1031413643544,455.4755728253323,1
2021-05-01,18.0,50.0,508.0,,11743,2.937,0.216873,0.10489285714285713,0.0650619,0.03983095714285713,18.0,857.0,839.0,1.0,26204.018942290724,18.0,857.0,839.0,25365.018942290724,0.03201798937207819,30.0,0.0,10.141126296789029,4,40,21.98369722644803,25.000970289771555,,599.4458801167575,550.9550968523989,468.46017074104293,1
2021-06-01,39.0,51.0,522.0,,11743,3.027,0.23659300000000003,0.10810714285714286,0.07097790000000001,0.03712924285714285,39.0,896.0,857.0,1.0,26204.018942290724,39.0,896.0,857.0,25347.018942290724,0.03270490690330275,31.0,0.0,10.140416406139519,4,41,22.369742898027802,25.5307873393048,,618.2293419683059,566.9571172608441,502.209081333847,1
2021-07-01,22.0,52.0,554.0,,11743,3.089,0.23117100000000002,0.11032142857142857,0.0693513,0.040970128571428566,22.0,918.0,896.0,1.0,26204.018942290724,22.0,918.0,896.0,25308.018942290724,0.03419322822095597,30.0,0.0,10.138876578736967,4,42,23.204218218642335,26.0706964732343,,637.2744581135883,583.5476378291025,518.4539519433185,1
2021-08-01,19.0,53.0,568.0,,11743,3.101,0.238252,0.11075,0.0714756,0.0392744,19.0,937.0,918.0,1.0,26204.018942290724,19.0,937.0,918.0,25286.018942290724,0.035032794092452656,31.0,0.0,10.138006910993239,4,43,23.673766487311646,26.62083897541226,,656.632560007954,600.3978839180282,531.319697561653,1
2021-09-01,34.0,54.0,583.0,,11743,3.188,0.243286,0.11385714285714287,0.0729858,0.04087134285714286,34.0,971.0,937.0,1.0,26204.018942290724,34.0,971.0,937.0,25267.018942290724,0.03575787370874525,31.0,0.0,10.137255225172181,4,44,24.07859967157303,27.181355727528953,,676.3094948210656,617.4353430315366,558.9201614693656,1
2021-10-01,29.0,55.0,606.0,,11743,3.311,0.217552,0.11825,0.0652656,0.0529844,29.0,1000.0,971.0,1.0,26204.018942290724,29.0,1000.0,971.0,25233.018942290724,0.03705538460105831,30.0,0.0,10.135908691325415,4,45,24.801451651330655,27.752387070035585,,696.3244489965306,634.9860600068631,580.9728856168156,1
2021-11-01,22.0,56.0,624.0,,11743,3.458,0.217497,0.12350000000000001,0.06524909999999999,0.05825090000000002,22.0,1022.0,1000.0,1.0,26204.018942290724,22.0,1022.0,1000.0,25204.018942290724,0.03816208506803122,31.0,0.0,10.134758742620573,4,46,25.416393511200976,28.33407265635105,,716.6794675926967,652.9265793597826,595.6067044702204,1
2021-12-01,40.0,57.0,642.0,,11743,3.387,0.22061,0.12096428571428572,0.06618299999999999,0.05478128571428573,40.0,1062.0,1022.0,1.0,26204.018942290724,40.0,1062.0,1022.0,25182.018942290724,0.039001650939527906,30.0,0.0,10.133885484776863,4,47,25.881913401691797,28.92655130017929,,737.3428716062193,671.0610849172306,628.307872667033,1
2022-01-01,17.0,58.0,668.0,,11743,3.342,0.20494199999999999,0.11935714285714286,0.06148259999999999,0.057874542857142865,17.0,1079.0,1062.0,1.0,26204.018942290724,17.0,1079.0,1062.0,25142.018942290724,0.04052813434224915,31.0,0.0,10.13229578688674,4,48,26.726129990634305,29.529960815766213,,758.3278522827392,689.7781413758906,638.0577162739182,1
2022-02-01,24.0,59.0,683.0,,11743,3.607,0.218064,0.1288214285714286,0.0654192,0.06340222857142859,24.0,1103.0,1079.0,1.0,26204.018942290724,24.0,1103.0,1079.0,25125.018942290724,0.04117688978840568,31.0,0.0,10.131619399283112,4,49,27.08406900368509,30.144437850928163,,779.677811608008,708.631115280233,654.9318540279044,1
2022-03-01,29.0,60.0,700.0,,11743,4.252,0.225942,0.15185714285714286,0.0677826,0.08407454285714286,29.0,1132.0,1103.0,1.0,26204.018942290724,29.0,1132.0,1103.0,25101.018942290724,0.04209277983003843,28.0,0.0,10.130663719606295,4,50,27.5885284270078,30.770117712687696,,801.4104887806237,727.7811634357492,676.9937044118428,1
2022-04-01,18.0,61.0,721.0,,11743,4.014,0.221159,0.14335714285714288,0.0663477,0.07700944285714288,18.0,1150.0,1132.0,1.0,26204.018942290724,18.0,1150.0,1132.0,25072.018942290724,0.04319948029701134,31.0,0.0,10.12950772011126,4,51,28.196730500310256,31.407134185356636,,823.534035400912,747.3381494753847,687.8202279003754,1
2022-05-01,26.0,62.0,729.0,,11743,4.643,0.25454,0.16582142857142856,0.076362,0.08945942857142856,26.0,1176.0,1150.0,1.0,26204.018942290724,26.0,1176.0,1150.0,25054.018942290724,0.0438863978282359,30.0,0.0,10.128789530462393,4,52,28.573490478483823,32.055619340911846,,846.0553676752504,767.0662581722686,706.725222340837,1
2022-06-01,37.0,63.0,756.0,,11743,4.847,0.2818233604,0.17310714285714288,0.08454700812,0.08856013473714287,37.0,1213.0,1176.0,1.0,26204.018942290724,37.0,1213.0,1176.0,25028.018942290724,0.04487861204000471,31.0,0.0,10.12775123396193,4,53,29.11669224130102,32.71570334151463,,868.9896688011627,787.142497585098,736.3784116238729,1
2022-07-01,19.0,64.0,775.0,,11743,4.49,0.2785991614,0.16035714285714286,0.08357974842,0.07677739443714286,19.0,1232.0,1213.0,1.0,26204.018942290724,19.0,1232.0,1213.0,24991.018942290724,0.04629060918752186,30.0,0.0,10.12627179699899,4,54,29.887658091373464,33.38751423403193,,892.3339416770553,807.7796488069345,747.3286735707064,1
2022-08-01,42.0,65.0,792.0,,11743,3.971,0.28803368030000004,0.14182142857142857,0.08641010409000001,0.05541132448142856,42.0,1274.0,1232.0,1.0,26204.018942290724,42.0,1274.0,1232.0,24972.018942290724,0.04701568880381446,31.0,0.0,10.125511234722541,4,55,30.282622805490405,34.071177736425,,916.0914320180058,828.5835079829765,781.3855231754133,1
2022-09-01,17.0,66.0,822.0,,11743,3.456,0.2830843604,0.12342857142857143,0.08492530812,0.03850326330857143,17.0,1291.0,1274.0,1.0,26204.018942290724,17.0,1291.0,1274.0,24930.018942290724,0.04861849637667177,31.0,0.0,10.123827936336438,4,56,31.153447301057557,34.76681701587975,,940.2803658421512,850.0440892022178,789.9128560856423,1
2022-10-01,27.0,67.0,817.0,,11743,3.453,0.2599750051,0.12332142857142857,0.07799250153,0.045328927041428574,27.0,1318.0,1291.0,1.0,26204.018942290724,27.0,1318.0,1291.0,24913.018942290724,0.049267251822828304,30.0,0.0,10.12314579490282,4,57,31.5050409142153,35.474552458563046,,964.8982343070296,871.62173712644,808.0069108089307,1
2022-11-01,29.0,68.0,837.0,,11743,3.68,0.26376337629999996,0.13142857142857142,0.07912901288999999,0.05229955853857143,29.0,1347.0,1318.0,1.0,26204.018942290724,29.0,1347.0,1318.0,24886.018942290724,0.05029762811966514,31.0,0.0,10.122061436497816,4,58,32.062408470868576,36.19450143089929,,989.9570161912144,893.518355052742,827.8453458672138,1
2022-12-01,38.0,69.0,846.0,,11743,3.246,0.2524078524,0.11592857142857142,0.07572235572000001,0.04020621570857141,38.0,1385.0,1347.0,1.0,26204.018942290724,38.0,1385.0,1347.0,24857.018942290724,0.05140432858663805,30.0,0.0,10.120895444048669,4,59,32.65963286150367,36.92677803227417,,1015.4654617882725,915.7706017329001,856.7547190585926,1
2023-01-01,37.0,70.0,873.0,,11743,3.266,0.22037085239999998,0.11664285714285715,0.06611125572,0.05053160142285715,37.0,1422.0,1385.0,1.0,26204.018942290724,37.0,1422.0,1385.0,24819.018942290724,0.052854487819223236,31.0,0.0,10.119365531075324,4,60,33.43996143912245,37.671492839084934,,1041.4178127118312,938.5508004815605,884.484638894816,1
2023-02-01,33.0,71.0,898.0,,11743,3.281,0.2208565838,0.11717857142857144,0.06625697514,0.050921596288571444,33.0,1455.0,1422.0,1.0,26204.018942290724,33.0,1455.0,1422.0,24782.018942290724,0.05426648496674039,31.0,0.0,10.117873626532967,4,61,34.19731214563969,38.42875264007071,,1067.8190481413053,961.8311344427782,908.2593741167021,1
2023-03-01,40.0,72.0,918.0,,11743,3.258,0.2169835435,0.11635714285714285,0.06509506305,0.051262079807142855,40.0,1495.0,1455.0,1.0,26204.018942290724,40.0,1495.0,1455.0,24749.018942290724,0.05552583377398542,28.0,0.0,10.116541128515879,4,62,34.87075354380897,39.19866016287228,,1094.680538943058,985.5338176486024,938.9369130841811,1
2023-04-01,40.0,73.0,944.0,,11743,3.436,0.21484068520000002,0.1227142857142857,0.06445220556,0.0582620801542857,40.0,1535.0,1495.0,1.0,26204.018942290724,40.0,1535.0,1495.0,24709.018942290724,0.05705231717670667,31.0,0.0,10.114923595332911,4,63,35.684475591645025,39.98131379178694,,1122.0199440565384,1009.8084624229299,969.1928733888201,1
2023-05-01,37.0,74.0,972.0,,11743,3.483,0.21853669620000002,0.12439285714285715,0.06556100886,0.058831848282857147,37.0,1572.0,1535.0,1.0,26204.018942290724,37.0,1572.0,1535.0,24669.018942290724,0.058578800579427916,30.0,0.0,10.11330344149678,4,64,36.49538059180381,40.776807276702506,,1149.8404882687832,1034.6399974130884,996.179245890866,1
2023-06-01,49.0,75.0,1002.0,,11743,3.496,0.2422203604,0.12485714285714286,0.07266610812,0.05219103473714286,49.0,1621.0,1572.0,1.0,26204.018942290724,49.0,1621.0,1572.0,24632.018942290724,0.05999079772694507,31.0,0.0,10.111802458615518,4,65,37.24295966419051,41.5852294332139,,1178.1405719068136,1059.9512478691954,1034.4925963609387,1
2023-07-01,39.0,76.0,1039.0,,11743,3.538,0.24336116140000003,0.12635714285714286,0.07300834842000001,0.053348794437142855,39.0,1660.0,1621.0,1.0,26204.018942290724,39.0,1660.0,1621.0,24583.018942290724,0.0618607398952786,30.0,0.0,10.109811196664005,4,66,38.22928711444803,42.40666383394678,,1206.937627810716,1085.9777115232619,1061.90261894065,1
2023-08-01,44.0,77.0,1079.0,,11743,3.773,0.24037968029999998,0.13475,0.07211390408999999,0.06263609591000002,44.0,1704.0,1660.0,1.0,26204.018942290724,44.0,1704.0,1660.0,24544.018942290724,0.06334906121293182,31.0,0.0,10.108223475935375,4,67,39.0113019646926,43.24118849113515,,1236.2332921270138,1112.4911221853679,1094.18477043837,1
2023-09-01,53.0,78.0,1106.0,,11743,3.72,0.23173044099999998,0.13285714285714287,0.0695191323,0.06333801055714287,53.0,1757.0,1704.0,1.0,26204.018942290724,53.0,1757.0,1704.0,24500.018942290724,0.0650281929559252,31.0,0.0,10.106429169687242,4,68,39.89036017340939,44.08887553052377,,1266.03819136513,1139.5899502332477,1134.584701442924,1
2023-10-01,46.0,79.0,1134.0,,11743,3.56,0.2184350564,0.12714285714285714,0.06553051691999999,0.06161234022285715,46.0,1803.0,1757.0,1.0,26204.018942290724,46.0,1803.0,1757.0,24447.018942290724,0.06705078346453085,30.0,0.0,10.104263562818918,4,69,40.944699979841054,44.94979085669202,,1296.3675231988502,1167.4397409014161,1167.6848930313904,1
2023-11-01,41.0,80.0,1166.0,,11743,3.322,0.2168853763,0.11864285714285715,0.06506561289,0.05357724425285715,41.0,1844.0,1803.0,1.0,26204.018942290724,41.0,1844.0,1803.0,24401.018942290724,0.06880623937766028,31.0,0.0,10.10238017033932,4,70,41.85577834803245,45.82399380992274,,1327.2128592340778,1195.8760116359563,1195.5050258285569,1
2023-12-01,38.0,81.0,1194.0,,11743,3.156,0.2100811613,0.11271428571428573,0.06302434839,0.04968993732428573,38.0,1882.0,1844.0,1.0,26204.018942290724,38.0,1882.0,1844.0,24360.018942290724,0.07037088486544957,30.0,0.0,10.100698499421672,4,71,42.66468633097898,46.71153681476885,,1358.5645953374874,1224.7752302264237,1219.9760623304599,1
2024-01-01,59.0,82.0,1218.0,,11743,3.032,0.2461767172,0.10828571428571429,0.07385301516,0.0344326991257143,59.0,1941.0,1882.0,1.0,26204.018942290724,59.0,1941.0,1882.0,24322.018942290724,0.07182104409803475,31.0,0.0,10.09913734835368,4,72,43.41176318207717,47.61246502050055,,1390.4281357487862,1254.0679663203377,1264.8095240012885,1
2024-02-01,52.0,83.0,1256.0,,11743,3.103,0.2472390589,0.11082142857142858,0.07417171767,0.03664971090142859,52.0,1993.0,1941.0,1.0,26204.018942290724,52.0,1993.0,1941.0,24263.018942290724,0.07407260711704859,31.0,0.0,10.096708615905543,4,73,44.56666017928749,48.52681593364869,,1422.8397461300603,1284.179349952932,1302.529033050352,1
2024-03-01,51.0,84.0,1269.0,,11743,3.239,0.24726661960000001,0.11567857142857142,0.07417998588000001,0.041498585548571415,51.0,2044.0,1993.0,1.0,26204.018942290724,51.0,2044.0,1993.0,24211.018942290724,0.07605703554058621,29.0,0.0,10.094563136708183,4,74,45.5794542491148,49.45461904289341,,1455.802891938335,1314.962658888327,1338.7335167752044,1
2024-04-01,76.0,85.0,1305.0,,11743,3.434,0.24086393309999998,0.12264285714285715,0.07225917992999999,0.050383677212857164,76.0,2120.0,2044.0,1.0,26204.018942290724,76.0,2120.0,2044.0,24160.018942290724,0.07800330187905581,31.0,0.0,10.092454436083656,4,75,46.56814715007925,50.39589543658301,,1489.3217388623552,1346.3812344194955,1399.4820691250793,1
2024-05-01,68.0,86.0,1360.0,,11743,3.549,0.23623341060000003,0.12675,0.07087002318,0.055879976819999996,68.0,2188.0,2120.0,1.0,26204.018942290724,68.0,2188.0,2120.0,24084.018942290724,0.08090362034422618,30.0,0.0,10.08930378509336,4,76,48.03299651381285,51.35065741320542,,1523.4049336076234,1378.9048050855292,1451.6112646202976,1
2024-06-01,47.0,87.0,1411.0,,11743,3.384,0.2546286157,0.12085714285714286,0.07638858471,0.04446855814714286,47.0,2235.0,2188.0,1.0,26204.018942290724,47.0,2235.0,2188.0,24016.018942290724,0.0834986421288523,31.0,0.0,10.086476342609222,4,77,49.335031041787296,52.318908085173604,,1558.0559250642016,1412.3558566366999,1482.1348106006885,1
2024-07-01,59.0,88.0,1432.0,,11743,3.417,0.2527567314,0.12203571428571428,0.07582701941999999,0.046208694865714287,59.0,2294.0,2235.0,1.0,26204.018942290724,59.0,2294.0,2235.0,23969.018942290724,0.08529226012704977,30.0,0.0,10.084517398025573,4,78,50.23020850182429,53.30064097632738,,1593.2719002687872,1446.306724658248,1524.2435055727567,1
2024-08-01,65.0,89.0,1483.0,,11743,3.301,0.2533276141,0.11789285714285715,0.07599828422999999,0.041894572912857156,65.0,2359.0,2294.0,1.0,26204.018942290724,65.0,2359.0,2294.0,23910.018942290724,0.08754382314606361,31.0,0.0,10.082052852685043,4,79,51.34843634155053,54.295839613596065,,1629.075439431211,1480.9894252729407,1572.2062239660513,1
2024-09-01,68.0,90.0,1525.0,,11743,3.067,0.2542071944,0.10953571428571429,0.07626215832,0.033273555965714297,68.0,2427.0,2359.0,1.0,26204.018942290724,68.0,2427.0,2359.0,23845.018942290724,0.09002435867548564,31.0,0.0,10.079330625124575,4,80,52.57328682783554,55.30447711331133,,1665.4588384820076,1516.4947223588365,1622.1814435267115,1
2024-10-01,57.0,91.0,1560.0,,11743,2.945,0.2389307106,0.10517857142857143,0.07167921318,0.03349935824857142,57.0,2484.0,2427.0,1.0,26204.018942290724,57.0,2484.0,2427.0,23777.018942290724,0.09261938046011177,30.0,0.0,10.07647480251654,4,81,53.846707194028106,56.326515762704666,,1702.4395991995834,1552.8634889348168,1661.0934174590548,1
2024-11-01,49.0,92.0,1592.0,,11743,2.895,0.2370113869,0.10339285714285715,0.07110341607,0.03228944107285715,49.0,2533.0,2484.0,1.0,26204.018942290724,49.0,2533.0,2484.0,23720.018942290724,0.09479461930898954,31.0,0.0,10.07407465169021,4,82,54.90786075650001,57.36190659717173,,1740.021628153102,1589.881638505084,1691.624243246642,1
2024-12-01,71.0,93.0,1616.0,,11743,2.916,0.23983544729999998,0.10414285714285713,0.07195063418999999,0.03219222295285715,71.0,2604.0,2533.0,1.0,26204.018942290724,71.0,2604.0,2533.0,23671.018942290724,0.09666456147732307,30.0,0.0,10.07200674941803,4,83,55.81550806513136,58.41058897393434,,1778.2194169428776,1627.3976841098067,1743.7930611761078,1
2025-01-01,68.0,94.0,1650.0,,11743,2.959,0.24267,0.10567857142857143,0.07280099999999999,0.03287757142857144,68.0,2672.0,2604.0,1.0,26204.018942290724,68.0,2672.0,2604.0,23600.018942290724,0.09937406951715329,31.0,0.0,10.069002793652817,4,84,57.12317010248301,,57.12317010248301,1757.5500941084226,1665.7890989590626,1781.850570076086,0
2025-02-01,52.0,95.0,1705.0,,11743,2.977,0.24132,0.10632142857142857,0.072396,0.033925428571428565,52.0,2724.0,2672.0,1.0,26204.018942290724,52.0,2724.0,2661.123170102483,23542.89577218824,0.10155400879395987,31.0,0.0,10.066579388209815,4,85,58.36725795973599,,58.16880886504232,1736.944348957219,1704.9989047766728,1820.408808141205,0
2025-03-01,54.0,96.0,1724.0,,11743,2.901,0.24111999999999997,0.10360714285714286,0.07233599999999998,0.03127114285714287,54.0,2778.0,2724.0,1.0,26204.018942290724,54.0,2778.0,2719.291978967525,23484.7269633232,0.10377385182617366,28.0,0.0,10.064105572390668,4,86,59.31312601937054,,59.227684204188776,1716.139765700784,1744.7127683532535,1859.6114138127302,0
2025-04-01,70.0,97.0,1746.0,,11743,2.952,0.24209,0.10542857142857143,0.072627,0.03280157142857143,70.0,2848.0,2778.0,1.0,26204.018942290724,70.0,2848.0,2778.519663171714,23425.49927911901,0.1060341037491564,31.0,0.0,10.061580420822665,4,87,60.29033462572757,,60.299713745965924,1695.171650900736,1784.9534578873904,1899.5016550454302,0
2025-05-01,49.0,98.0,1785.0,,11743,2.981,0.24136,0.1064642857142857,0.072408,0.034056285714285706,49.0,2897.0,2848.0,1.0,26204.018942290724,49.0,2897.0,2838.81937691768,23365.199565373045,0.10833526655470788,30.0,0.0,10.059002996308111,4,88,61.549445281032426,,61.384802244080205,1673.999968038669,1826.0105221618958,1939.4372433883086,0
2025-06-01,55.0,99.0,1806.0,,11743,2.981,0.28059999999999996,0.1064642857142857,0.08417999999999999,0.022284285714285715,55.0,2952.0,2897.0,1.0,26204.018942290724,55.0,2952.0,2900.2041791617603,23303.814763128965,0.11067783859983074,31.0,0.0,10.056372349891964,4,89,62.4256895506814,,62.48284114653899,1652.672109770212,1867.4743897110418,1980.1445186986784,0
2025-07-01,62.0,100.0,1836.0,,11743,2.981,0.28052,0.1064642857142857,0.084156,0.02230828571428571,62.0,3014.0,2952.0,1.0,26204.018942290724,62.0,3014.0,2962.6870203082995,23241.331921982426,0.11306231409895726,30.0,0.0,10.053687520940743,4,90,63.40419356429897,,63.59370816240914,1631.1410903306764,1909.4399730574635,2021.819687661351,0
2025-08-01,55.0,101.0,1866.0,,11743,3.001,0.27966,0.10717857142857143,0.083898,0.023280571428571428,55.0,3069.0,3014.0,1.0,26204.018942290724,55.0,3069.0,3026.2807284707087,23177.738213820016,0.11548918259964266,31.0,0.0,10.050947537233089,4,91,64.50084855742352,,64.71726682963265,1609.4373188205586,1952.031394525452,2064.062394855418,0
2018-01-01,12.0,11.0,272.0,,11746,2.633,0.19383099999999998,0.09403571428571429,0.05814929999999999,0.035886414285714305,12.0,430.0,418.0,0.35,36971.016824519094,12.0,430.0,418.0,36553.016824519094,0.01130615373615538,31.0,0.0,10.50651900143024,5,0,15.18207935725929,15.18207935725929,,15.18207935725929,15.18207935725929,12.0,1
2018-02-01,11.0,,,,11746,2.685,0.20355499999999999,0.09589285714285714,0.061066499999999996,0.034826357142857145,11.0,441.0,430.0,0.35,36971.016824519094,11.0,441.0,430.0,36541.016824519094,0.011630732312312951,31.0,0.0,10.506190657254697,5,1,15.481398408713742,15.56073629688926,,30.610487860052935,30.53114997187742,22.89540737524942,1
2018-03-01,23.0,12.0,292.0,,11746,2.641,0.19740100000000002,0.09432142857142857,0.059220300000000003,0.035101128571428566,23.0,464.0,441.0,0.35,36971.016824519094,23.0,464.0,441.0,36530.016824519094,0.011928262673790725,28.0,0.0,10.505889580356403,5,2,15.755598629885286,15.94850535171516,,46.35724646183641,46.08569336499489,45.74727032307327,1
2018-04-01,7.0,13.0,313.0,,11746,2.831,0.186742,0.10110714285714285,0.0560226,0.045084542857142855,7.0,471.0,464.0,0.35,36971.016824519094,7.0,471.0,464.0,36507.016824519094,0.012550371611426069,31.0,0.0,10.50525976286215,5,3,16.32838367562295,16.345588758768773,,62.41927630791122,62.13254503262769,52.438205753256256,1
2018-05-01,8.0,14.0,313.0,,11746,3.008,0.18830200000000002,0.10742857142857143,0.0564906,0.05093797142857143,8.0,479.0,471.0,0.35,36971.016824519094,8.0,479.0,471.0,36500.016824519094,0.012739709114184651,30.0,0.0,10.505068000516205,5,4,16.502563824092686,16.752192360302274,,78.81718329952552,78.28221481583994,60.17107650797128,1
2018-06-01,18.0,15.0,319.0,,11746,2.993,0.20802700000000002,0.10689285714285714,0.0624081,0.044484757142857136,18.0,497.0,479.0,0.35,36971.016824519094,18.0,497.0,479.0,36492.016824519094,0.012956094831623032,31.0,0.0,10.504848798512038,5,5,16.701543573763445,17.168525620216137,,95.5446405114474,94.54624899056618,77.84679446197633,1
2018-07-01,15.0,16.0,329.0,,11746,2.931,0.204559,0.10467857142857143,0.0613677,0.04331087142857143,15.0,512.0,497.0,0.35,36971.016824519094,15.0,512.0,497.0,36474.016824519094,0.013442962695859388,30.0,0.0,10.504355418250979,5,6,17.148923229630654,17.594801637476472,,112.619657346288,111.18184811715604,92.41319267274503,1
2018-08-01,20.0,17.0,336.0,,11746,2.905,0.22044699999999998,0.10375,0.06613409999999999,0.03761590000000001,20.0,532.0,512.0,0.35,36971.016824519094,20.0,532.0,512.0,36459.016824519094,0.013848685916056352,31.0,0.0,10.503944082002889,5,7,17.521396091268837,18.03123715630614,,130.04369602941642,128.1046449696494,111.90819182345874,1
2018-09-01,26.0,18.0,343.0,,11746,2.891,0.222677,0.10325,0.0668031,0.03644689999999999,26.0,558.0,532.0,0.35,36971.016824519094,26.0,558.0,532.0,36439.016824519094,0.014389650209652303,31.0,0.0,10.503395370343585,5,8,18.017540790067613,18.478052572924046,,147.8288040569679,145.4403736124827,137.29559318438072,1
2018-10-01,20.0,19.0,355.0,,11746,2.897,0.201892,0.1034642857142857,0.06056759999999999,0.04289668571428571,20.0,578.0,558.0,0.35,36971.016824519094,20.0,578.0,558.0,36413.016824519094,0.01509290379132704,30.0,0.0,10.502681594768585,5,9,18.661698902893132,18.935471938596873,,165.9874470866907,163.33836521817727,156.54150630499714,1
2018-11-01,31.0,20.0,377.0,,11746,2.753,0.199849,0.09832142857142857,0.0599547,0.038366728571428574,31.0,609.0,578.0,0.35,36971.016824519094,31.0,609.0,578.0,36393.016824519094,0.01563386808492299,31.0,0.0,10.50213218973989,5,10,19.15656668536438,19.403722958757175,,184.51999177546634,181.63743577838784,186.7127876561506,1
2018-12-01,30.0,21.0,401.0,,11746,2.562,0.193505,0.0915,0.0580515,0.0334485,30.0,639.0,609.0,0.35,36971.016824519094,30.0,639.0,609.0,36362.016824519094,0.016472362739996714,30.0,0.0,10.501280014974208,5,11,19.922514571719915,19.883036987931053,,203.41794932165294,200.58960147949796,215.68266630320272,1
2019-01-01,23.0,22.0,426.0,,11746,2.42,0.18899100000000002,0.08642857142857142,0.056697300000000006,0.029731271428571418,23.0,662.0,639.0,0.35,36971.016824519094,23.0,662.0,639.0,36332.016824519094,0.01728380918039064,31.0,0.0,10.50045463769915,5,12,20.662484485176524,20.373649020207612,,222.69637952013156,220.17048653737282,237.50181274348418,1
2019-02-01,14.0,23.0,443.0,,11746,2.378,0.195275,0.08492857142857144,0.058582499999999996,0.02634607142857144,14.0,676.0,662.0,0.35,36971.016824519094,14.0,676.0,662.0,36309.016824519094,0.017905918118025985,31.0,0.0,10.499821386777095,5,13,21.22894879509294,20.875797674971462,,242.20282598772462,240.04159415554363,250.08312991447437,1
2019-03-01,15.0,24.0,446.0,,11746,2.547,0.18817,0.09096428571428572,0.056451,0.03451328571428572,15.0,691.0,676.0,0.35,36971.016824519094,15.0,691.0,676.0,36295.016824519094,0.018284593123543153,28.0,0.0,10.499435733268058,5,14,21.573393677945514,21.38972517760764,,262.1094440965721,260.142186744291,263.6596399995584,1
2019-04-01,15.0,25.0,449.0,,11746,2.79,0.185105,0.09964285714285714,0.0555315,0.04411135714285715,15.0,706.0,691.0,0.35,36971.016824519094,15.0,706.0,691.0,36280.016824519094,0.018690316343740115,31.0,0.0,10.499022367969845,5,15,21.942139887040863,21.915677334877184,,282.42529256671605,280.4962907320716,277.0186300289823,1
2019-05-01,18.0,26.0,461.0,,11746,2.937,0.187827,0.10489285714285713,0.0563481,0.04854475714285714,18.0,724.0,706.0,0.35,36971.016824519094,18.0,724.0,706.0,36265.016824519094,0.01909603956393708,30.0,0.0,10.498608831730097,5,16,22.310573806816983,22.453903504649254,,303.1596828813149,301.09811142011034,293.47136422869266,1
2019-06-01,14.0,27.0,475.0,,11746,2.798,0.215887,0.09992857142857144,0.0647661,0.03516247142857144,14.0,738.0,724.0,0.35,36971.016824519094,14.0,738.0,724.0,36247.016824519094,0.019582907428173434,31.0,0.0,10.498112362400418,5,17,22.752282288646942,23.004656559663857,,324.31300645497777,322.014086047774,305.7950688582004,1
2019-07-01,20.0,28.0,481.0,,11746,2.805,0.21162,0.10017857142857144,0.063486,0.036692571428571435,20.0,758.0,738.0,0.35,36971.016824519094,20.0,758.0,738.0,36233.016824519094,0.0199615824336906,30.0,0.0,10.497726049109177,5,18,23.095522428703543,23.56819284498685,,345.8908877285362,343.13864785941865,323.9360706651422,1
2019-08-01,22.0,29.0,491.0,,11746,2.747,0.22709700000000002,0.09810714285714285,0.0681291,0.029978042857142853,22.0,780.0,758.0,0.35,36971.016824519094,22.0,780.0,758.0,36213.016824519094,0.02050254672728655,31.0,0.0,10.497173913968005,5,19,23.58539358206708,24.144772128806427,,367.90161029182,364.6125542521213,343.95393582315944,1
2019-09-01,20.0,30.0,493.0,,11746,2.617,0.223472,0.09346428571428571,0.06704159999999999,0.026422685714285715,20.0,800.0,780.0,0.35,36971.016824519094,20.0,800.0,780.0,36191.016824519094,0.021097607450242098,31.0,0.0,10.496566212999749,5,20,24.12361061669816,24.734657546207806,,390.34730190315867,386.4734817352559,361.7831302986706,1
2019-10-01,24.0,31.0,513.0,,11746,2.542,0.203441,0.09078571428571428,0.0610323,0.029753414285714277,24.0,824.0,800.0,0.35,36971.016824519094,24.0,824.0,800.0,36171.016824519094,0.02163857174383805,30.0,0.0,10.496013436923658,5,21,24.612315889936568,25.338115535550003,,413.2168059020963,408.64634369986067,383.397943569017,1
2019-11-01,22.0,32.0,518.0,,11746,2.565,0.209325,0.09160714285714286,0.0627975,0.028809642857142853,22.0,846.0,824.0,0.35,36971.016824519094,22.0,846.0,824.0,36147.016824519094,0.02228772889615319,31.0,0.0,10.495349702038455,5,22,25.19802937888686,25.955415767055843,,436.5112901387856,431.2146031880196,402.8856826125199,1
2019-12-01,27.0,33.0,532.0,,11746,2.553,0.20593599999999998,0.09117857142857143,0.06178079999999999,0.02939777142857144,27.0,873.0,846.0,0.35,36971.016824519094,27.0,873.0,846.0,36125.016824519094,0.022882789619108737,30.0,0.0,10.494740891145257,5,23,25.734231106444494,26.5868310632136,,460.1467988886432,454.0322937652636,427.0218236941346,1
2020-01-01,15.0,34.0,548.0,,11746,2.59,0.205478,0.0925,0.061643399999999994,0.030856600000000005,15.0,888.0,873.0,0.35,36971.016824519094,15.0,888.0,873.0,36098.016824519094,0.02361309141546327,31.0,0.0,10.493993207203067,5,24,26.391378732393953,27.2326373105756,,484.0929679917297,477.17408397967176,438.8809225432875,1
2020-02-01,14.0,35.0,562.0,,11746,2.455,0.19767600000000002,0.08767857142857143,0.0593028,0.028375771428571422,14.0,902.0,888.0,0.35,36971.016824519094,14.0,902.0,888.0,36083.016824519094,0.024018814635660236,31.0,0.0,10.493577585551295,5,25,26.756023541763398,27.893113362526478,,508.25887620970116,500.2433320771403,449.50219139961473,1
2020-03-01,13.0,36.0,564.0,,11746,2.309,0.19449000000000002,0.08246428571428573,0.058347,0.024117285714285723,13.0,915.0,902.0,0.35,36971.016824519094,13.0,915.0,902.0,36069.016824519094,0.0243974896411774,29.0,0.0,10.493189516096626,5,26,27.0960769428113,28.568540932580984,,532.8833313697836,523.4442611393774,459.09790098931336,1
2020-04-01,20.0,37.0,568.0,,11746,2.074,0.200328,0.07407142857142857,0.060098399999999996,0.01397302857142857,20.0,935.0,915.0,0.35,36971.016824519094,20.0,935.0,915.0,36056.016824519094,0.02474911643201477,31.0,0.0,10.492829030992272,5,27,27.41159722954393,29.259204477758423,,557.9702910024372,546.7457351592491,475.5087254860795,1
2020-05-01,6.0,38.0,588.0,,11746,2.043,0.205233,0.07296428571428572,0.0615699,0.01139438571428572,6.0,941.0,935.0,0.35,36971.016824519094,6.0,941.0,935.0,36036.016824519094,0.02529008072561072,30.0,0.0,10.492274184652093,5,28,27.896555030951557,29.965391071568646,,583.5321098823961,570.3150209418501,477.8819124118322,1
2020-06-01,15.0,39.0,586.0,,11746,2.112,0.236011,0.07542857142857143,0.0708033,0.004625271428571429,15.0,956.0,941.0,0.35,36971.016824519094,15.0,956.0,941.0,36030.016824519094,0.025452370013689506,31.0,0.0,10.49210767070065,5,29,28.041934111076515,30.687390266131914,,609.5599005081607,593.7926258895977,489.0598774172501,1
2020-07-01,20.0,40.0,594.0,,11746,2.143,0.233034,0.07653571428571428,0.06991019999999999,0.006625514285714285,20.0,976.0,956.0,0.35,36971.016824519094,20.0,976.0,956.0,36015.016824519094,0.025858093233886468,30.0,0.0,10.49169126447646,5,30,28.405163208865435,31.42549394294329,,636.0422740770638,617.3702815987281,504.8929664003582,1
2020-08-01,16.0,41.0,605.0,,11746,2.129,0.223776,0.07603571428571429,0.06713279999999999,0.008902914285714297,16.0,992.0,976.0,0.35,36971.016824519094,16.0,992.0,976.0,35995.016824519094,0.02639905752748242,31.0,0.0,10.491135786315965,5,31,28.888982889198534,32.17999615178049,,662.9736317089287,641.1449846447159,516.379159719031,1
2020-09-01,26.0,42.0,613.0,,11746,2.122,0.233586,0.07578571428571428,0.0700758,0.005709914285714282,26.0,1018.0,992.0,0.35,36971.016824519094,26.0,1018.0,992.0,35979.016824519094,0.02683182896235918,31.0,0.0,10.490691181520253,5,32,29.275638903136397,32.95119293724293,,690.3579894078352,665.0058209889804,537.5281105644336,1
2020-10-01,40.0,43.0,629.0,,11746,2.078,0.19449000000000002,0.0742142857142857,0.058347,0.015867285714285702,40.0,1058.0,1018.0,0.35,36971.016824519094,40.0,1058.0,1018.0,35953.016824519094,0.027535082544033918,30.0,0.0,10.489968276861138,5,33,29.90319710370408,33.739382152399216,,718.0801715080414,689.0609685963761,572.2117332193218,1
2020-11-01,17.0,44.0,658.0,,11746,2.05,0.217667,0.0732142857142857,0.0653001,0.007914185714285704,17.0,1075.0,1058.0,0.35,36971.016824519094,17.0,1075.0,1058.0,35913.016824519094,0.02861701113122582,31.0,0.0,10.488855094399282,5,34,30.866839161084105,34.54486325901004,,746.0200065035368,713.5086401536006,583.3038286829694,1
2020-12-01,16.0,45.0,663.0,,11746,2.137,0.20121,0.07632142857142857,0.060363,0.015958428571428568,16.0,1091.0,1075.0,0.35,36971.016824519094,16.0,1091.0,1075.0,35896.016824519094,0.029076830780782378,30.0,0.0,10.48838161635749,5,35,31.27571457246987,35.367937113784365,,774.0587405718271,737.6576810100844,592.8353309385965,1
2021-01-01,45.0,46.0,666.0,,11746,2.316,0.194951,0.08271428571428571,0.058485300000000004,0.02422898571428571,45.0,1136.0,1091.0,1.0,36971.016824519094,45.0,1136.0,1091.0,35880.016824519094,0.02950960221565914,31.0,0.0,10.487935785083412,5,36,31.66017206960034,36.20890574011789,,802.2215884378337,761.494868124983,630.9309162622509,1
2021-02-01,14.0,47.0,688.0,,11746,2.498,0.196239,0.08921428571428572,0.0588717,0.03034258571428572,14.0,1150.0,1136.0,1.0,36971.016824519094,14.0,1150.0,1136.0,35835.016824519094,0.03072677187625003,31.0,0.0,10.486680817927535,5,37,32.739553815432465,37.06807208475544,,830.748097925602,785.9433201769529,637.7645148401253,1
2021-03-01,30.0,48.0,692.0,,11746,2.754,0.213526,0.09835714285714285,0.0640578,0.03429934285714285,30.0,1180.0,1150.0,1.0,36971.016824519094,30.0,1180.0,1150.0,35821.016824519094,0.031105446881767196,28.0,0.0,10.486290062272632,5,38,33.074788245296496,37.94573975881196,,859.7274161949874,810.3352783477437,660.6411048054922,1
2021-04-01,28.0,49.0,711.0,,11746,2.769,0.219437,0.09889285714285714,0.06583109999999999,0.033061757142857154,28.0,1208.0,1180.0,1.0,36971.016824519094,28.0,1208.0,1180.0,35791.016824519094,0.031916893322161126,31.0,0.0,10.485452214212012,5,39,33.792231689192526,38.84221276258137,,889.2079200540127,835.0938081330601,681.2457955236448,1
2021-05-01,27.0,50.0,733.0,,11746,2.937,0.216873,0.10489285714285713,0.0650619,0.03983095714285713,27.0,1235.0,1208.0,1.0,36971.016824519094,27.0,1235.0,1208.0,35763.016824519094,0.032674243333195456,30.0,0.0,10.48466958883085,5,40,34.46071855270785,39.757795193558245,,919.2166142638554,860.1808362468429,700.3359475563923,1
2021-06-01,45.0,51.0,751.0,,11746,3.027,0.23659300000000003,0.10810714285714286,0.07097790000000001,0.03712924285714285,45.0,1280.0,1235.0,1.0,36971.016824519094,45.0,1280.0,1235.0,35736.016824519094,0.03340454512954999,31.0,0.0,10.483914333832132,5,41,35.10430033062989,40.69279093709418,,949.7410644343046,885.5363036761353,736.9381463676765,1
2021-07-01,32.0,52.0,782.0,,11746,3.089,0.23117100000000002,0.11032142857142857,0.0693513,0.040970128571428566,32.0,1312.0,1280.0,1.0,36971.016824519094,32.0,1312.0,1280.0,35691.016824519094,0.03462171479014088,30.0,0.0,10.482654306538407,5,42,36.17468814406814,41.64750333910959,,980.7839785630842,911.5680673047615,759.8525526337428,1
2021-08-01,32.0,53.0,800.0,,11746,3.101,0.238252,0.11075,0.0714756,0.0392744,32.0,1344.0,1312.0,1.0,36971.016824519094,32.0,1344.0,1312.0,35659.016824519094,0.035487257659894404,31.0,0.0,10.481757320215936,5,43,36.934142853885156,42.622234860281445,,1012.4229162657062,938.0164982123675,782.1123694067822,1
2021-09-01,52.0,54.0,817.0,,11746,3.188,0.243286,0.11385714285714287,0.0729858,0.04087134285714286,52.0,1396.0,1344.0,1.0,36971.016824519094,52.0,1396.0,1344.0,35627.016824519094,0.03635280052964792,31.0,0.0,10.480859528586597,5,44,37.69217630031152,43.61728671113016,,1044.669997165764,964.864998136184,823.9270561068266,1
2021-10-01,28.0,55.0,859.0,,11746,3.311,0.217552,0.11825,0.0652656,0.0529844,28.0,1424.0,1396.0,1.0,36971.016824519094,28.0,1424.0,1396.0,35575.016824519094,0.037759307692997394,30.0,0.0,10.479398895888906,5,45,38.92094936242904,44.632958467432246,,1077.5566437614475,992.5935009790993,841.2520746571906,1
2021-11-01,29.0,56.0,877.0,,11746,3.458,0.217497,0.12350000000000001,0.06524909999999999,0.05825090000000002,29.0,1453.0,1424.0,1.0,36971.016824519094,29.0,1453.0,1424.0,35547.016824519094,0.038516657704031725,31.0,0.0,10.478611516788225,5,46,39.58104188904342,45.66954766539203,,1111.0896310828934,1020.6164306714784,859.2268598623745,1
2021-12-01,51.0,57.0,895.0,,11746,3.387,0.22061,0.12096428571428572,0.06618299999999999,0.05478128571428573,51.0,1504.0,1453.0,1.0,36971.016824519094,51.0,1504.0,1453.0,35518.016824519094,0.03930105592974586,30.0,0.0,10.477795362904363,5,47,40.2635620059852,46.727349376014,,1145.2270855798884,1048.8939067395809,899.5214394045289,1
2022-01-01,22.0,58.0,931.0,,11746,3.342,0.20494199999999999,0.11935714285714286,0.06148259999999999,0.057874542857142865,22.0,1526.0,1504.0,1.0,36971.016824519094,22.0,1526.0,1504.0,35467.016824519094,0.040680514878415536,31.0,0.0,10.476358440044613,5,48,41.46102458158384,47.80665575812845,,1179.9918049879554,1077.9608491580063,910.8365539893884,1
2022-02-01,36.0,59.0,942.0,,11746,3.607,0.218064,0.1288214285714286,0.0654192,0.06340222857142859,36.0,1562.0,1526.0,1.0,36971.016824519094,36.0,1562.0,1526.0,35445.016824519094,0.04127557560137108,31.0,0.0,10.475737952954518,5,49,41.97646253929388,48.907755589537075,,1215.4502580723158,1107.1914532586025,936.1480539283294,1
2022-03-01,45.0,60.0,966.0,,11746,4.252,0.225942,0.15185714285714286,0.0677826,0.08407454285714286,45.0,1607.0,1562.0,1.0,36971.016824519094,45.0,1607.0,1562.0,35409.016824519094,0.04224931132984379,28.0,0.0,10.474721779245167,5,50,42.8184574476509,50.03093377576135,,1251.632042979548,1136.929381715263,970.5995105210769,1
2022-04-01,22.0,61.0,999.0,,11746,4.014,0.221159,0.14335714285714288,0.0663477,0.07700944285714288,22.0,1629.0,1607.0,1.0,36971.016824519094,22.0,1629.0,1607.0,35364.016824519094,0.04346648099043468,31.0,0.0,10.4734501082783,5,51,43.8684215396114,51.17647083589684,,1288.55299608639,1167.388925834465,981.6670970040557,1
2022-05-01,38.0,62.0,1008.0,,11746,4.643,0.25454,0.16582142857142856,0.076362,0.08945942857142856,38.0,1667.0,1629.0,1.0,36971.016824519094,38.0,1667.0,1629.0,35342.016824519094,0.044061541713390225,30.0,0.0,10.472827813416755,5,52,44.38071439688865,52.34464236509946,,1326.2272101449869,1198.0242890978855,1008.4918667578029,1
2022-06-01,44.0,63.0,1039.0,,11746,4.847,0.2818233604,0.17310714285714288,0.08454700812,0.08856013473714287,44.0,1711.0,1667.0,1.0,36971.016824519094,44.0,1711.0,1667.0,35304.016824519094,0.045089373871222534,31.0,0.0,10.47175202751054,5,53,45.26400161175615,53.53571847325602,,1364.6807425332927,1229.2133093653404,1041.0785430220208,1
2022-07-01,35.0,64.0,1072.0,,11746,4.49,0.2785991614,0.16035714285714286,0.08357974842,0.07677739443714286,35.0,1746.0,1711.0,1.0,36971.016824519094,35.0,1746.0,1711.0,35260.016824519094,0.04627949531713363,30.0,0.0,10.470504933107707,5,54,46.284251362607186,54.7499631994227,,1403.9134664498918,1261.0735744665083,1063.8864314575862,1
2022-08-01,43.0,65.0,1096.0,,11746,3.971,0.28803368030000004,0.14182142857142857,0.08641010409000001,0.05541132448142856,43.0,1789.0,1746.0,1.0,36971.016824519094,43.0,1789.0,1746.0,35225.016824519094,0.04722618283092654,31.0,0.0,10.469511814396833,5,55,47.09389482004789,55.987633901648394,,1443.9342539529537,1293.3713778401482,1094.491101855077,1
2022-09-01,42.0,66.0,1128.0,,11746,3.456,0.2830843604,0.12342857142857143,0.08492530812,0.03850326330857143,42.0,1831.0,1789.0,1.0,36971.016824519094,42.0,1831.0,1789.0,35182.016824519094,0.04838925606215784,31.0,0.0,10.46829034537257,5,56,48.086272042796665,57.2489806218393,,1484.7736060442019,1326.301788542266,1123.6715191790822,1
2022-10-01,28.0,67.0,1153.0,,11746,3.453,0.2599750051,0.12332142857142857,0.07799250153,0.045328927041428574,28.0,1859.0,1831.0,1.0,36971.016824519094,28.0,1859.0,1831.0,35140.016824519094,0.049525281078709335,30.0,0.0,10.467095840526378,5,57,49.053093230215595,58.53424542536385,,1526.4321497786925,1359.8160531664223,1138.2177375462193,1
2022-11-01,44.0,68.0,1172.0,,11746,3.68,0.26376337629999996,0.13142857142857142,0.07912901288999999,0.05229955853857143,44.0,1903.0,1859.0,1.0,36971.016824519094,44.0,1903.0,1859.0,35112.016824519094,0.050282631089743665,31.0,0.0,10.466298710535165,5,58,49.696280495015564,59.8436617151449,,1568.9313996860856,1393.5835652819435,1169.0172667079455,1
2022-12-01,44.0,69.0,1193.0,,11746,3.246,0.2524078524,0.11592857142857142,0.07572235572000001,0.04020621570857141,44.0,1947.0,1903.0,1.0,36971.016824519094,44.0,1947.0,1903.0,35068.016824519094,0.05147275253565476,30.0,0.0,10.465044792476785,5,59,50.70480482289384,61.17745352003858,,1612.288232867152,1427.9789361702608,1199.9534100789378,1
2023-01-01,52.0,70.0,1215.0,,11746,3.266,0.22037085239999998,0.11664285714285715,0.06611125572,0.05053160142285715,52.0,1999.0,1947.0,1.0,36971.016824519094,52.0,1999.0,1947.0,35024.016824519094,0.052662873981565855,31.0,0.0,10.463789300133676,5,60,51.7106420746742,62.53583475735734,,1656.4985893818302,1462.985272805883,1238.622906717733,1
2023-02-01,47.0,71.0,1255.0,,11746,3.281,0.2208565838,0.11717857142857144,0.06625697514,0.050921596288571444,47.0,2046.0,1999.0,1.0,36971.016824519094,47.0,2046.0,1999.0,34972.016824519094,0.05406938114491532,31.0,0.0,10.46230350138608,5,61,52.89589449726357,63.91900846945757,,1701.5738546789523,1498.7740593233907,1272.1661960827478,1
2023-03-01,55.0,72.0,1290.0,,11746,3.258,0.2169835435,0.11635714285714285,0.06509506305,0.051262079807142855,55.0,2101.0,2046.0,1.0,36971.016824519094,55.0,2101.0,2046.0,34925.016824519094,0.055340647234865814,28.0,0.0,10.460958665857877,5,62,53.96395126919697,65.32716603438102,,1747.5346189189052,1535.2325929303465,1313.6534035147522,1
2023-04-01,49.0,73.0,1324.0,,11746,3.436,0.21484068520000002,0.1227142857142857,0.06445220556,0.0582620801542857,49.0,2150.0,2101.0,1.0,36971.016824519094,49.0,2150.0,2101.0,34870.016824519094,0.05682829904225468,31.0,0.0,10.459382622162241,5,63,55.20991173163429,66.76048635061369,,1794.4105443202557,1572.5539253249399,1348.420810007264,1
2023-05-01,63.0,74.0,1361.0,,11746,3.483,0.21853669620000002,0.12439285714285715,0.06556100886,0.058831848282857147,63.0,2213.0,2150.0,1.0,36971.016824519094,63.0,2213.0,2150.0,34821.016824519094,0.058153661561564755,30.0,0.0,10.45797641520824,5,64,56.31641273148677,68.21913499610669,,1842.2104702087925,1610.5768524560299,1397.1106778125086,1
2023-06-01,64.0,75.0,1400.0,,11746,3.496,0.2422203604,0.12485714285714286,0.07266610812,0.05219103473714286,64.0,2277.0,2213.0,1.0,36971.016824519094,64.0,2277.0,2213.0,34758.016824519094,0.059857699086392005,31.0,0.0,10.456165524371949,5,65,57.734160177628695,69.70326336178988,,1890.9362243933244,1649.5991129738916,1445.8057962137452,1
2023-07-01,63.0,76.0,1434.0,,11746,3.538,0.24336116140000003,0.12635714285714286,0.07300834842000001,0.053348794437142855,63.0,2340.0,2277.0,1.0,36971.016824519094,63.0,2340.0,2277.0,34694.016824519094,0.06158878482589905,30.0,0.0,10.454322525261546,5,66,59.16877091240556,71.21300775990237,,1940.6170338945326,1689.6302930618342,1492.573444405327,1
2023-08-01,73.0,77.0,1486.0,,11746,3.773,0.24037968029999998,0.13475,0.07211390408999999,0.06263609591000002,73.0,2413.0,2340.0,1.0,36971.016824519094,73.0,2413.0,2340.0,34631.016824519094,0.0632928223507263,31.0,0.0,10.452504999498435,5,67,60.575413350355596,72.74848850756376,,1991.2593121431244,1730.613572766643,1548.8459354393349,1
2023-09-01,73.0,78.0,1538.0,,11746,3.72,0.23173044099999998,0.13285714285714287,0.0695191323,0.06333801055714287,73.0,2486.0,2413.0,1.0,36971.016824519094,73.0,2486.0,2413.0,34558.016824519094,0.06526734202235152,31.0,0.0,10.450394837721698,5,68,62.198442569399504,74.30980898611607,,2042.882372087694,1772.759929622157,1604.3616895287612,1
2023-10-01,59.0,79.0,1583.0,,11746,3.56,0.2184350564,0.12714285714285714,0.06553051691999999,0.06161234022285715,59.0,2545.0,2486.0,1.0,36971.016824519094,59.0,2545.0,2486.0,34485.016824519094,0.06724186169397674,30.0,0.0,10.448280213744614,5,69,63.81407538941147,75.89705467687922,,2095.512071334285,1816.0571588045314,1645.2960312993528,1
2023-11-01,63.0,80.0,1627.0,,11746,3.322,0.2168853763,0.11864285714285715,0.06506561289,0.05357724425285715,63.0,2608.0,2545.0,1.0,36971.016824519094,63.0,2608.0,2545.0,34426.016824519094,0.0688377063600848,31.0,0.0,10.44656786054681,5,70,65.11445613213266,77.51029217408355,,2149.140118689928,1860.155078439258,1690.4566035929709,1
2023-12-01,59.0,81.0,1668.0,,11746,3.156,0.2100811613,0.11271428571428573,0.06302434839,0.04968993732428573,59.0,2667.0,2608.0,1.0,36971.016824519094,59.0,2667.0,2608.0,34363.016824519094,0.07054174388491204,30.0,0.0,10.44473617272472,5,71,66.49766437956754,79.14956817586878,,2203.756383958437,1905.1193877916196,1730.7453298017517,1
2024-01-01,80.0,82.0,1703.0,,11746,3.032,0.2461767172,0.10828571428571429,0.07385301516,0.0344326991257143,80.0,2747.0,2667.0,1.0,36971.016824519094,80.0,2747.0,2667.0,34304.016824519094,0.0721375885510201,31.0,0.0,10.443017734883918,5,72,67.78805463997837,80.81490845437366,,2259.3722434169586,1950.8366584960322,1791.4002944924036,1
2024-02-01,62.0,83.0,1764.0,,11746,3.103,0.2472390589,0.11082142857142858,0.07417171767,0.03664971090142859,62.0,2809.0,2747.0,1.0,36971.016824519094,62.0,2809.0,2747.0,34224.016824519094,0.0743014457254039,31.0,0.0,10.440682922922086,5,73,69.53001933294365,82.5063168060806,,2316.0435068533598,1997.7880348303424,1833.78837293244,1
2024-03-01,58.0,84.0,1776.0,,11746,3.239,0.24726661960000001,0.11567857142857142,0.07417998588000001,0.041498585548571415,58.0,2867.0,2809.0,1.0,36971.016824519094,58.0,2867.0,2809.0,34162.016824519094,0.07597843503555135,29.0,0.0,10.4388696866901,5,74,70.87393220295505,84.22377398372778,,2373.7786280382716,2045.5660862143318,1871.4072621238613,1
2024-04-01,78.0,85.0,1800.0,,11746,3.434,0.24086393309999998,0.12264285714285715,0.07225917992999999,0.050383677212857164,78.0,2945.0,2867.0,1.0,36971.016824519094,78.0,2945.0,2867.0,34104.016824519094,0.0775472314869796,31.0,0.0,10.437170451774712,5,75,72.12631094203256,85.96723661125547,,2432.5869311663496,2094.0586228635543,1928.3908116064454,1
2024-05-01,97.0,86.0,1865.0,,11746,3.549,0.23623341060000003,0.12675,0.07087002318,0.055879976819999996,97.0,3042.0,2945.0,1.0,36971.016824519094,97.0,3042.0,2945.0,34026.016824519094,0.07965699223200381,30.0,0.0,10.434880711702641,5,76,73.8031827185043,87.73663608341484,,2492.4840590629124,2143.679712768509,2003.905152400638,1
2024-06-01,105.0,87.0,1940.0,,11746,3.384,0.2546286157,0.12085714285714286,0.07638858471,0.04446855814714286,105.0,3147.0,3042.0,1.0,36971.016824519094,105.0,3147.0,3042.0,33929.016824519094,0.08228066905594418,31.0,0.0,10.432025880774866,5,77,75.876743013942,89.53187745183459,,2553.4780066571616,2194.8122325345144,2085.9729010015903,1
2024-07-01,84.0,88.0,2025.0,,11746,3.417,0.2527567314,0.12203571428571428,0.07582701941999999,0.046208694865714287,84.0,3231.0,3147.0,1.0,36971.016824519094,84.0,3231.0,3147.0,33824.016824519094,0.08512073159732293,30.0,0.0,10.428926386083484,5,78,78.10659935489787,91.35283829951557,,2615.5675537126012,2247.567428205855,2146.3408624146314,1
2024-08-01,94.0,89.0,2079.0,,11746,3.301,0.2533276141,0.11789285714285715,0.07599828422999999,0.041894572912857156,94.0,3325.0,3231.0,1.0,36971.016824519094,94.0,3325.0,3231.0,33740.016824519094,0.08739278163042592,31.0,0.0,10.426439854751854,5,79,79.87946686048005,93.199367605902,,2678.7879214239565,2301.4979817778412,2216.3509315512415,1
2024-09-01,83.0,90.0,2145.0,,11746,3.067,0.2542071944,0.10953571428571429,0.07626215832,0.033273555965714297,83.0,3408.0,3325.0,1.0,36971.016824519094,83.0,3408.0,3325.0,33646.016824519094,0.08993531381032689,31.0,0.0,10.42364995732413,5,80,81.8517784106234,95.07128460486467,,2743.130484481205,2356.776508986666,2274.4233320982044,1
2024-10-01,72.0,91.0,2197.0,,11746,2.945,0.2389307106,0.10517857142857143,0.07167921318,0.03349935824857142,72.0,3480.0,3408.0,1.0,36971.016824519094,72.0,3480.0,3408.0,33563.016824519094,0.09218031562875009,30.0,0.0,10.421180050001013,5,81,83.58309234001591,96.96837763812053,,2808.6227446132175,2413.1591157649596,2321.454419874257,1
2024-11-01,76.0,92.0,2252.0,,11746,2.895,0.2370113869,0.10339285714285715,0.07110341607,0.03228944107285715,76.0,3556.0,3480.0,1.0,36971.016824519094,76.0,3556.0,3480.0,33491.016824519094,0.09412778708569551,31.0,0.0,10.419032527361345,5,82,85.07721025063705,98.8904030068084,,2875.2724012269623,2470.4067327041494,2372.2008263010657,1
2024-12-01,112.0,93.0,2280.0,,11746,2.916,0.23983544729999998,0.10414285714285713,0.07195063418999999,0.03219222295285715,112.0,3668.0,3556.0,1.0,36971.016824519094,112.0,3668.0,3556.0,33415.016824519094,0.09618345140136013,30.0,0.0,10.416760683447036,5,83,86.64652886681999,100.83708382413965,,2943.1021911124535,2528.6021651635683,2457.996988270731,1
2025-01-01,81.0,94.0,2357.0,,11746,2.959,0.24267,0.10567857142857143,0.07280099999999999,0.03287757142857144,81.0,3749.0,3668.0,1.0,36971.016824519094,81.0,3749.0,3668.0,33303.016824519094,0.09921285144549745,31.0,0.0,10.41340326719593,5,84,88.94459656853881,,88.94459656853881,2909.2906220601494,2588.430922930332,2520.264133089248,0
2025-02-01,61.0,95.0,2402.0,,11746,2.977,0.24132,0.10632142857142857,0.072396,0.033925428571428565,61.0,3810.0,3749.0,1.0,36971.016824519094,61.0,3810.0,3756.9445965685386,33214.07222795056,0.10161864398809127,31.0,0.0,10.410728927388003,5,85,90.59574302901035,,90.7571994663374,2875.5696017369446,2649.2519769320857,2583.449596239914,0
2025-03-01,79.0,96.0,2428.0,,11746,2.901,0.24111999999999997,0.10360714285714286,0.07233599999999998,0.03127114285714287,79.0,3889.0,3810.0,1.0,36971.016824519094,79.0,3889.0,3847.7017960348758,33123.31502848422,0.10407346420299397,28.0,0.0,10.407992694930122,5,86,91.83318778300776,,92.59542319851,2841.4864695391707,2710.6279873452195,2648.0846563924583,0
2025-04-01,82.0,97.0,2463.0,,11746,2.952,0.24209,0.10542857142857143,0.072627,0.03280157142857143,82.0,3971.0,3889.0,1.0,36971.016824519094,82.0,3971.0,3940.297219233386,33030.71960528571,0.10657800508803399,31.0,0.0,10.405193304562463,5,87,93.42810479184183,,94.45909680847251,2807.1022565881954,2772.909364472701,2713.9624783872387,0
2025-05-01,57.0,98.0,2523.0,,11746,2.981,0.24136,0.1064642857142857,0.072408,0.034056285714285706,57.0,4028.0,3971.0,1.0,36971.016824519094,57.0,4028.0,4034.7563160418586,32936.26050847724,0.10913295501696933,30.0,0.0,10.402329472954447,5,88,95.07442639471581,,96.34801882110081,2772.34294745025,2836.155602840972,2780.424084808553,0
2025-06-01,65.0,99.0,2558.0,,11746,2.981,0.28059999999999996,0.1064642857142857,0.08417999999999999,0.022284285714285715,65.0,4093.0,4028.0,1.0,36971.016824519094,65.0,4093.0,4131.104334862959,32839.91248965613,0.11173899691401563,31.0,0.0,10.399399898814218,5,89,96.21332230569313,,98.26195609459626,2737.2910192211284,2899.8254937862584,2847.7143354654463,0
2025-07-01,96.0,100.0,2596.0,,11746,2.981,0.28052,0.1064642857142857,0.084156,0.02230828571428571,96.0,4189.0,4093.0,1.0,36971.016824519094,96.0,4189.0,4229.366290957555,32741.65053356154,0.11439680739731911,30.0,0.0,10.396403263019154,5,90,97.50656002502647,,100.20064267245374,2701.8657058627887,2964.0504595216717,2916.2767251671316,0
2025-08-01,83.0,101.0,2659.0,,11746,3.001,0.27966,0.10717857142857143,0.083898,0.023280571428571428,83.0,4272.0,4189.0,1.0,36971.016824519094,83.0,4272.0,4329.566933630009,32641.449890889086,0.11710705589137732,31.0,0.0,10.393338228768224,5,91,99.40584655950606,,102.1637786385862,2666.1165916806217,3029.437388923143,2986.2015911552076,0
2018-01-01,5.0,11.0,133.0,,11747,2.633,0.19383099999999998,0.09403571428571429,0.05814929999999999,0.035886414285714305,5.0,207.0,202.0,0.35,16669.388287546324,5.0,207.0,202.0,16467.388287546324,0.012118021160435378,31.0,0.0,9.709137236678043,6,0,6.5347137150531145,6.5347137150531145,,6.5347137150531145,6.5347137150531145,5.0,1
2018-02-01,4.0,,,,11747,2.685,0.20355499999999999,0.09589285714285714,0.061066499999999996,0.034826357142857145,4.0,211.0,207.0,0.35,16669.388287546324,4.0,211.0,207.0,16462.388287546324,0.012417972179258035,31.0,0.0,9.708833560154334,6,1,6.650483626067073,6.686004012918682,,13.163760823017544,13.128240436165935,8.956419739687258,1
2018-03-01,9.0,12.0,138.0,,11747,2.641,0.19740100000000002,0.09432142857142857,0.059220300000000003,0.035101128571428566,9.0,220.0,211.0,0.35,16669.388287546324,9.0,220.0,211.0,16458.388287546324,0.012657932994316163,28.0,0.0,9.708590552519896,6,2,6.7430480538969055,6.840670496874481,,19.917696821486167,19.784863589198064,17.89978033165035,1
2018-04-01,6.0,13.0,145.0,,11747,2.831,0.186742,0.10110714285714285,0.0560226,0.045084542857142855,6.0,226.0,220.0,0.35,16669.388287546324,6.0,226.0,220.0,16449.388287546324,0.013197844828196945,31.0,0.0,9.708043569334698,6,3,6.951150638324697,6.998782487005999,,26.794688575622033,26.61522906965213,23.778628231238198,1
2018-05-01,5.0,14.0,151.0,,11747,3.008,0.18830200000000002,0.10742857142857143,0.0564906,0.05093797142857143,5.0,231.0,226.0,0.35,16669.388287546324,5.0,231.0,226.0,16443.388287546324,0.013557786050784136,30.0,0.0,9.707678747590153,6,4,7.089756942156558,7.160410436868268,,33.80309000998973,33.55399696477869,28.645940530220695,1
2018-06-01,10.0,15.0,156.0,,11747,2.993,0.20802700000000002,0.10689285714285714,0.0624081,0.044484757142857136,10.0,241.0,231.0,0.35,16669.388287546324,10.0,241.0,231.0,16438.388287546324,0.013857737069606793,31.0,0.0,9.707374627766995,6,5,7.20518351329496,7.325625937423028,,40.9396368690657,40.57156732727958,38.48826446215026,1
2018-07-01,9.0,16.0,161.0,,11747,2.931,0.204559,0.10467857142857143,0.0613677,0.04331087142857143,9.0,250.0,241.0,0.35,16669.388287546324,9.0,250.0,241.0,16428.388287546324,0.01445763910725211,30.0,0.0,9.706766110513366,6,6,7.435822068149542,7.494501720107063,,48.211534449269124,47.78697538515322,47.268396067150036,1
2018-08-01,7.0,17.0,166.0,,11747,2.905,0.22044699999999998,0.10375,0.06613409999999999,0.03761590000000001,7.0,257.0,250.0,0.35,16669.388287546324,7.0,257.0,250.0,16419.388287546324,0.014997550941132894,31.0,0.0,9.706218128204448,6,7,7.6431521378573315,7.6671116589751795,,55.6188416891342,55.17257592901773,54.0073621994646,1
2018-09-01,4.0,18.0,166.0,,11747,2.891,0.222677,0.10325,0.0668031,0.03644689999999999,4.0,261.0,257.0,0.35,16669.388287546324,4.0,261.0,257.0,16412.388287546324,0.015417482367484614,31.0,0.0,9.705791712040824,6,8,7.804248633465908,7.843530771859006,,63.166161966703314,62.68283827302129,57.72175679191329,1
2018-10-01,10.0,19.0,166.0,,11747,2.897,0.201892,0.1034642857142857,0.06056759999999999,0.04289668571428571,10.0,271.0,261.0,0.35,16669.388287546324,10.0,271.0,261.0,16408.388287546324,0.01565744318254274,30.0,0.0,9.705547963998443,6,9,7.896240828169814,8.023835220480324,,70.85825869975899,70.24980870951865,67.4317901081761,1
2018-11-01,10.0,20.0,169.0,,11747,2.753,0.199849,0.09832142857142857,0.0599547,0.038366728571428574,10.0,281.0,271.0,0.35,16669.388287546324,10.0,281.0,271.0,16398.388287546324,0.016257345220188055,31.0,0.0,9.704938333833356,6,10,8.126021033335505,8.208102309455187,,78.69466709043621,78.00756388878074,77.06681061024193,1
2018-12-01,12.0,21.0,178.0,,11747,2.562,0.193505,0.0915,0.0580515,0.0334485,12.0,293.0,281.0,0.35,16669.388287546324,12.0,293.0,281.0,16388.388287546324,0.01685724725783337,30.0,0.0,9.704328331792613,6,11,8.355515121938232,8.396410484122532,,86.67109927597497,85.94668218319816,88.65355215714683,1
2019-01-01,11.0,22.0,187.0,,11747,2.42,0.18899100000000002,0.08642857142857142,0.056697300000000006,0.029731271428571418,11.0,304.0,293.0,0.35,16669.388287546324,11.0,304.0,293.0,16376.388287546324,0.01757712970300775,31.0,0.0,9.703595837828614,6,12,8.630530354398395,8.588839327128419,,94.79339854131223,94.11440857239398,99.16626140242973,1
2019-02-01,4.0,23.0,195.0,,11747,2.378,0.195275,0.08492857142857144,0.058582499999999996,0.02634607142857144,4.0,308.0,304.0,0.35,16669.388287546324,4.0,308.0,304.0,16365.388287546324,0.0182370219444176,31.0,0.0,9.702923913359967,6,13,8.88226571336806,8.785469553694364,,102.9952826468343,102.416350215831,102.57292622061166,1
2019-03-01,6.0,24.0,194.0,,11747,2.547,0.18817,0.09096428571428572,0.056451,0.03451328571428572,6.0,314.0,308.0,0.35,16669.388287546324,6.0,314.0,308.0,16361.388287546324,0.018476982759475725,28.0,0.0,9.702679465208423,6,14,8.973720008933595,8.986383005495522,,111.35029566783602,110.76174356886939,107.99487371489595,1
2019-04-01,6.0,25.0,197.0,,11747,2.79,0.185105,0.09964285714285714,0.0555315,0.04411135714285715,6.0,320.0,314.0,0.35,16669.388287546324,6.0,320.0,314.0,16355.388287546324,0.018836923982062912,31.0,0.0,9.702312680904138,6,15,9.110815617313008,9.19166264307178,,119.86163970060694,119.19651109637678,113.32407135309761,1
2019-05-01,4.0,26.0,202.0,,11747,2.937,0.187827,0.10489285714285713,0.0563481,0.04854475714285714,4.0,324.0,320.0,0.35,16669.388287546324,4.0,324.0,320.0,16349.388287546324,0.019196865204650103,30.0,0.0,9.701945762019763,6,16,9.247808223729756,9.401392536691949,,128.53260694941395,127.71837555223112,116.6488171918421,1
2019-06-01,10.0,27.0,203.0,,11747,2.798,0.215887,0.09992857142857144,0.0647661,0.03516247142857144,10.0,334.0,324.0,0.35,16669.388287546324,10.0,334.0,324.0,16345.388287546324,0.01943682601970823,31.0,0.0,9.70170107461468,6,17,9.339079404694992,9.615657855588474,,137.36263119277933,136.27756354349413,125.9610198976282,1
2019-07-01,10.0,28.0,208.0,,11747,2.805,0.21162,0.10017857142857144,0.063486,0.036692571428571435,10.0,344.0,334.0,0.35,16669.388287546324,10.0,344.0,334.0,16335.388287546324,0.020036728057353546,30.0,0.0,9.70108909403404,6,18,9.567057075514013,9.83454485547715,,146.3533863342097,145.0088082069165,135.14667902122858,1
2019-08-01,4.0,29.0,215.0,,11747,2.747,0.22709700000000002,0.09810714285714285,0.0681291,0.029978042857142853,4.0,348.0,344.0,0.35,16669.388287546324,4.0,348.0,344.0,16325.388287546324,0.020636630094998863,31.0,0.0,9.700476738703818,6,19,9.794748629770071,10.058140864273446,,155.5076745455104,153.90834263063394,138.28943294689702,1
2019-09-01,4.0,30.0,215.0,,11747,2.617,0.223472,0.09346428571428571,0.06704159999999999,0.026422685714285715,4.0,352.0,348.0,0.35,16669.388287546324,4.0,352.0,348.0,16321.388287546324,0.02087659091005699,31.0,0.0,9.700231691539004,6,20,9.885745138834865,10.286534265914124,,164.82563000882408,162.8352030350696,141.44053489917025,1
2019-10-01,12.0,31.0,218.0,,11747,2.542,0.203441,0.09078571428571428,0.0610323,0.029753414285714277,12.0,364.0,352.0,0.35,16669.388287546324,12.0,364.0,352.0,16317.388287546324,0.021116551725115115,30.0,0.0,9.69998658431136,6,21,9.976695869249582,10.519814482189759,,174.301655282235,171.78052548592194,152.5838329629874,1
2019-11-01,7.0,32.0,229.0,,11747,2.565,0.209325,0.09160714285714286,0.0627975,0.028809642857142853,7.0,371.0,364.0,0.35,16669.388287546324,7.0,371.0,364.0,16305.388287546324,0.021836434170289493,31.0,0.0,9.699250901956818,6,22,10.249273388593295,10.758071952490933,,183.93545425102803,180.92220166485527,158.54065379162486,1
2019-12-01,11.0,33.0,233.0,,11747,2.553,0.20593599999999998,0.09117857142857143,0.06178079999999999,0.02939777142857144,11.0,382.0,371.0,0.35,16669.388287546324,11.0,382.0,371.0,16298.388287546324,0.022256365596641212,30.0,0.0,9.698821503841453,6,23,10.408086674029422,11.001398111367765,,193.69007904995863,190.10202098943847,168.42553828624915,1
2020-01-01,5.0,34.0,238.0,,11747,2.59,0.205478,0.0925,0.061643399999999994,0.030856600000000005,5.0,387.0,382.0,0.35,16669.388287546324,5.0,387.0,382.0,16287.388287546324,0.02291625783805106,31.0,0.0,9.698146362625009,6,24,10.657367152888861,11.249885363799454,,203.55170189939875,199.3926108392634,172.160492069251,1
2020-02-01,1.0,35.0,238.0,,11747,2.455,0.19767600000000002,0.08767857142857143,0.0593028,0.028375771428571422,1.0,388.0,387.0,0.35,16669.388287546324,1.0,388.0,387.0,16282.388287546324,0.02321620885687372,31.0,0.0,9.697839329506268,6,25,10.770562014836148,11.503627058067561,,213.4804432136292,208.61256325660798,171.7925283851886,1
2020-03-01,8.0,36.0,236.0,,11747,2.309,0.19449000000000002,0.08246428571428573,0.058347,0.024117285714285723,8.0,396.0,388.0,0.35,16669.388287546324,8.0,396.0,388.0,16281.388287546324,0.02327619906063825,29.0,0.0,9.69777791156858,6,26,10.793192403728716,11.7627174561237,,223.57840702520573,217.76996834256173,178.46646784984512,1
2020-04-01,4.0,37.0,240.0,,11747,2.074,0.200328,0.07407142857142857,0.060098399999999996,0.01397302857142857,4.0,400.0,396.0,0.35,16669.388287546324,4.0,400.0,396.0,16273.388287546324,0.023756120690754504,31.0,0.0,9.69728643222191,6,27,10.974132512906598,12.027251701339358,,233.84642096198095,227.02150745620756,180.98319482482881,1
2020-05-01,0.0,38.0,238.0,,11747,2.043,0.205233,0.07296428571428572,0.0615699,0.01139438571428572,0.0,400.0,400.0,0.35,16669.388287546324,0.0,400.0,400.0,16269.388287546324,0.02399608150581263,30.0,0.0,9.697040601936905,6,28,11.064533899520427,12.297325783522693,,244.2889127109672,236.2740735520313,179.48041509777477,1
2020-06-01,8.0,39.0,236.0,,11747,2.112,0.236011,0.07542857142857143,0.0708033,0.004625271428571429,8.0,408.0,400.0,0.35,16669.388287546324,8.0,408.0,400.0,16269.388287546324,0.02399608150581263,31.0,0.0,9.697040601936905,6,29,11.064533899520427,12.57303650108413,,254.90114621859396,245.4286156351479,185.95460555879856,1
2020-07-01,8.0,40.0,239.0,,11747,2.143,0.233034,0.07653571428571428,0.06991019999999999,0.006625514285714285,8.0,416.0,408.0,0.35,16669.388287546324,8.0,416.0,408.0,16261.388287546324,0.024476003135928882,30.0,0.0,9.696548759994995,6,30,11.245199336797864,12.854481420229876,,265.677304677889,254.65610675328946,192.2084327037195,1
2020-08-01,4.0,41.0,246.0,,11747,2.129,0.223776,0.07603571428571429,0.06713279999999999,0.008902914285714297,4.0,420.0,416.0,0.35,16669.388287546324,4.0,420.0,416.0,16253.388287546324,0.024955924766045134,31.0,0.0,9.696056676025545,6,31,11.425681659475002,13.141758831059603,,276.61406165667574,263.9448333266297,194.4218782004363,1
2020-09-01,15.0,42.0,247.0,,11747,2.122,0.233586,0.07578571428571428,0.0700758,0.005709914285714282,15.0,435.0,420.0,0.35,16669.388287546324,15.0,435.0,420.0,16249.388287546324,0.02519588558110326,31.0,0.0,9.695810543206033,6,32,11.51585415283846,13.434967700441916,,287.7122235391815,273.2013218813025,207.64753725332565,1
2020-10-01,24.0,43.0,258.0,,11747,2.078,0.19449000000000002,0.0742142857142857,0.058347,0.015867285714285702,24.0,459.0,435.0,0.35,16669.388287546324,24.0,459.0,435.0,16234.388287546324,0.026095738637571236,30.0,0.0,9.694887005203519,6,33,11.853593286849206,13.734207621538598,,298.92128133186736,282.6198515661082,229.65452966581734,1
2020-11-01,14.0,44.0,272.0,,11747,2.05,0.217667,0.0732142857142857,0.0653001,0.007914185714285704,14.0,473.0,459.0,0.35,16669.388287546324,14.0,473.0,459.0,16210.388287546324,0.027535503527919992,31.0,0.0,9.693407568023735,6,34,12.392636875751728,14.039578759846144,,310.1886553241527,292.3423217862266,241.19162953354112,1
2020-12-01,10.0,45.0,277.0,,11747,2.137,0.20121,0.07632142857142857,0.060363,0.015958428571428568,10.0,483.0,473.0,0.35,16669.388287546324,10.0,483.0,473.0,16196.388287546324,0.028375366380623435,30.0,0.0,9.692543551151307,6,35,12.70631789922072,14.351181795620791,,321.4624618728037,302.0801868119764,248.55203446318782,1
2021-01-01,20.0,46.0,284.0,,11747,2.316,0.194951,0.08271428571428571,0.058485300000000004,0.02422898571428571,20.0,503.0,483.0,1.0,16669.388287546324,20.0,503.0,483.0,16186.388287546324,0.028975268418268748,31.0,0.0,9.69192593886629,6,36,12.930032433251581,14.669117862550975,,332.75287202790025,311.7502183520369,265.6601714190698,1
2021-02-01,10.0,47.0,298.0,,11747,2.498,0.196239,0.08921428571428572,0.0588717,0.03034258571428572,10.0,513.0,503.0,1.0,16669.388287546324,10.0,513.0,503.0,16166.388287546324,0.03017507249355938,31.0,0.0,9.69068956878218,6,37,13.37660315162442,14.993488482539187,,344.16228979395277,321.67233540058197,272.63497573284616,1
2021-03-01,23.0,48.0,300.0,,11747,2.754,0.213526,0.09835714285714285,0.0640578,0.03429934285714285,23.0,536.0,513.0,1.0,16669.388287546324,23.0,536.0,513.0,16156.388287546324,0.0307749745312047,28.0,0.0,9.69007081003812,6,38,13.599459335966396,15.3243954964533,,355.72819761909,331.65540888000726,292.61274781922225,1
2021-04-01,7.0,49.0,319.0,,11747,2.769,0.219437,0.09889285714285714,0.06583109999999999,0.033061757142857154,7.0,543.0,536.0,1.0,16669.388287546324,7.0,543.0,536.0,16133.388287546324,0.03215474921778892,31.0,0.0,9.688646210283684,6,39,14.110942747596487,15.661940990705862,,367.4704563656032,342.005257802413,296.2595990123849,1
2021-05-01,14.0,50.0,322.0,,11747,2.937,0.216873,0.10489285714285713,0.0650619,0.03983095714285713,14.0,557.0,543.0,1.0,16669.388287546324,14.0,557.0,543.0,16126.388287546324,0.032574680644140645,30.0,0.0,9.688212233309692,6,40,14.266311189614536,16.006227219518365,,379.3996854352854,352.3658085570418,306.8575537616899,1
2021-06-01,30.0,51.0,331.0,,11747,3.027,0.23659300000000003,0.10810714285714286,0.07097790000000001,0.03712924285714285,30.0,587.0,557.0,1.0,16669.388287546324,30.0,587.0,557.0,16112.388287546324,0.033414543496844085,31.0,0.0,9.687343713944669,6,41,14.576627482303072,16.357356522726516,,391.5095026990872,362.8811370572322,333.28433453012303,1
2021-07-01,8.0,52.0,359.0,,11747,3.089,0.23117100000000002,0.11032142857142857,0.0693513,0.040970128571428566,8.0,595.0,587.0,1.0,16669.388287546324,8.0,595.0,587.0,16082.388287546324,0.035214249609780035,30.0,0.0,9.68548005704908,6,42,15.239702597320097,16.715431238981463,,403.80004837748066,373.89715468289,337.3723124104862,1
2021-08-01,13.0,53.0,366.0,,11747,3.101,0.238252,0.11075,0.0714756,0.0392744,13.0,608.0,595.0,1.0,16669.388287546324,13.0,608.0,595.0,16074.388287546324,0.03569417123989629,31.0,0.0,9.6849824947299,6,43,15.4160877308156,17.080553614201662,,416.3036746727486,384.9488689533981,346.5116947288682,1
2021-09-01,21.0,54.0,379.0,,11747,3.188,0.243286,0.11385714285714287,0.0729858,0.04087134285714286,21.0,629.0,608.0,1.0,16669.388287546324,21.0,629.0,608.0,16061.388287546324,0.0364740438888352,31.0,0.0,9.68417342757207,6,44,15.702323023637344,17.45282570512959,,429.024504299478,396.14763040227285,363.52575249700726,1
2021-10-01,7.0,55.0,392.0,,11747,3.311,0.217552,0.11825,0.0652656,0.0529844,7.0,636.0,629.0,1.0,16669.388287546324,7.0,636.0,629.0,16040.388287546324,0.03773383816789036,30.0,0.0,9.682865088580522,6,45,16.163681675911924,17.83234927784793,,441.97495584754796,407.6743501396951,366.14051362366655,1
2021-11-01,16.0,56.0,393.0,,11747,3.458,0.217497,0.12350000000000001,0.06524909999999999,0.05825090000000002,16.0,652.0,636.0,1.0,16669.388287546324,16.0,652.0,636.0,16033.388287546324,0.03815376959424208,31.0,0.0,9.68242859491756,6,46,16.317187499105078,18.219225701110272,,455.1568125256518,419.2099310226237,377.5413608680471,1
2021-12-01,21.0,57.0,401.0,,11747,3.387,0.22061,0.12096428571428572,0.06618299999999999,0.05478128571428573,21.0,673.0,652.0,1.0,16669.388287546324,21.0,673.0,652.0,16017.388287546324,0.03911361285447459,30.0,0.0,9.681430179088752,6,47,16.66753149764215,18.61355583434251,,468.5509111001578,430.9231805261801,394.04061278622083,1
2022-01-01,7.0,58.0,412.0,,11747,3.342,0.20494199999999999,0.11935714285714286,0.06148259999999999,0.057874542857142865,7.0,680.0,673.0,1.0,16669.388287546324,7.0,680.0,673.0,15996.388287546324,0.04037340713352975,31.0,0.0,9.680118243712254,6,48,17.126246432874943,19.015439910172464,,482.1659558800178,442.92995562090954,396.612603136183,1
2022-02-01,12.0,59.0,412.0,,11747,3.607,0.218064,0.1288214285714286,0.0654192,0.06340222857142859,12.0,692.0,680.0,1.0,16669.388287546324,12.0,692.0,680.0,15989.388287546324,0.040793338559881466,31.0,0.0,9.679680549157906,6,49,17.27887101705417,19.424977411347466,,496.0294318694679,454.94975362929193,404.2998383815257,1
2022-03-01,23.0,60.0,424.0,,11747,4.252,0.225942,0.15185714285714286,0.0677826,0.08407454285714286,23.0,715.0,692.0,1.0,16669.388287546324,23.0,715.0,692.0,15977.388287546324,0.04151322100505585,28.0,0.0,9.678929769639335,6,50,17.54018698847964,19.842266941901915,,510.1529051258386,467.10125999167894,423.037517674983,1
2022-04-01,3.0,61.0,444.0,,11747,4.014,0.221159,0.14335714285714288,0.0663477,0.07700944285714288,3.0,718.0,715.0,1.0,16669.388287546324,3.0,718.0,715.0,15954.388287546324,0.042892995691640075,31.0,0.0,9.677489198118144,6,51,18.039890981212526,20.267406092440265,,524.5419980300188,479.6252141639708,421.3549889073485,1
2022-05-01,14.0,62.0,440.0,,11747,4.643,0.25454,0.16582142857142856,0.076362,0.08945942857142856,14.0,732.0,718.0,1.0,16669.388287546324,14.0,732.0,718.0,15951.388287546324,0.04307296630293367,30.0,0.0,9.677301144396788,6,52,18.10495817741378,20.700491299404348,,539.2015737500078,492.07803237135334,430.8601722685349,1
2022-06-01,22.0,63.0,454.0,,11747,4.847,0.2818233604,0.17310714285714288,0.08454700812,0.08856013473714287,22.0,754.0,732.0,1.0,16669.388287546324,22.0,754.0,732.0,15937.388287546324,0.04391282915563711,31.0,0.0,9.676423092467358,6,53,18.408264614309708,21.141617698198594,,554.1416392173237,504.7075442637103,448.10801928675386,1
2022-07-01,5.0,64.0,474.0,,11747,4.49,0.2785991614,0.16035714285714286,0.08357974842,0.07677739443714286,5.0,759.0,754.0,1.0,16669.388287546324,5.0,759.0,754.0,15915.388287546324,0.045232613638456806,30.0,0.0,9.675041737002386,6,54,18.88375599355684,21.59087897005167,,569.3609171991815,517.6742777952671,448.00084852816815,1
2022-08-01,25.0,65.0,477.0,,11747,3.971,0.28803368030000004,0.14182142857142857,0.08641010409000001,0.05541132448142856,25.0,784.0,759.0,1.0,16669.388287546324,25.0,784.0,759.0,15910.388287546324,0.045532564657279465,31.0,0.0,9.674727526285212,6,55,18.991629087433008,22.048367182499106,,584.8620113390423,530.6008680958273,468.18316773941183,1
2022-09-01,23.0,66.0,497.0,,11747,3.456,0.2830843604,0.12342857142857143,0.08492530812,0.03850326330857143,23.0,807.0,784.0,1.0,16669.388287546324,23.0,807.0,784.0,15885.388287546324,0.04703231975139275,31.0,0.0,9.67315499006533,6,56,19.52992161970272,22.51417262337798,,600.6568373205736,543.9315265703451,485.90617879235583,1
2022-10-01,23.0,67.0,509.0,,11747,3.453,0.2599750051,0.12332142857142857,0.07799250153,0.045328927041428574,23.0,830.0,807.0,1.0,16669.388287546324,23.0,830.0,807.0,15862.388287546324,0.04841209443797698,30.0,0.0,9.671706069447573,6,57,20.023571385963297,22.988383628232366,,616.744439955024,557.6057676161319,503.1582823677525,1
2022-11-01,18.0,68.0,527.0,,11747,3.68,0.26376337629999996,0.13142857142857142,0.07912901288999999,0.05229955853857143,18.0,848.0,830.0,1.0,16669.388287546324,18.0,848.0,830.0,15839.388287546324,0.049791869124561204,31.0,0.0,9.670255046412255,6,58,20.515707595605797,23.47108640103661,,633.1328665641449,571.6150486928942,515.471679697914,1
2022-12-01,22.0,69.0,538.0,,11747,3.246,0.2524078524,0.11592857142857142,0.07572235572000001,0.04020621570857141,22.0,870.0,848.0,1.0,16669.388287546324,22.0,870.0,848.0,15821.388287546324,0.05087169279232277,30.0,0.0,9.669117992689227,6,59,20.899801902599986,23.962364828152854,,649.8281664880103,585.8541342778244,531.8143058015492,1
2023-01-01,23.0,70.0,555.0,,11747,3.266,0.22037085239999998,0.11664285714285715,0.06611125572,0.05053160142285715,23.0,893.0,870.0,1.0,16669.388287546324,23.0,893.0,870.0,15799.388287546324,0.05219147727514247,31.0,0.0,9.667726502287495,6,60,21.36799158716029,24.46230028544955,,666.8273807825176,600.400191185889,549.1530965622586,1
2023-02-01,24.0,71.0,572.0,,11747,3.281,0.2208565838,0.11717857142857144,0.06625697514,0.050921596288571444,24.0,917.0,893.0,1.0,16669.388287546324,24.0,917.0,893.0,15776.388287546324,0.05357125196172669,31.0,0.0,9.66626968908684,6,61,21.855981967805445,24.970971438518987,,684.1342202035544,615.2722995635007,567.4520716355604,1
2023-03-01,17.0,72.0,586.0,,11747,3.258,0.2169835435,0.11635714285714285,0.06509506305,0.051262079807142855,17.0,934.0,917.0,1.0,16669.388287546324,17.0,934.0,917.0,15752.388287546324,0.055011016852075455,28.0,0.0,9.664747270062534,6,62,22.36357562410702,25.48845403594435,,701.7563696692292,630.4923756459881,578.6186734766856,1
2023-04-01,24.0,73.0,602.0,,11747,3.436,0.21484068520000002,0.1227142857142857,0.06445220556,0.0582620801542857,24.0,958.0,934.0,1.0,16669.388287546324,24.0,958.0,934.0,15735.388287546324,0.05603085031607249,31.0,0.0,9.663667485873187,6,63,22.72212401443204,26.014820695580365,,719.7054264165824,645.9155209794876,596.4490294544048,1
2023-05-01,19.0,74.0,625.0,,11747,3.483,0.21853669620000002,0.12439285714285715,0.06556100886,0.058831848282857147,19.0,977.0,958.0,1.0,16669.388287546324,19.0,977.0,958.0,15711.388287546324,0.057470615206421244,30.0,0.0,9.662141097017246,6,64,23.22690228375405,26.550140683826115,,737.9840278451961,661.6784477173383,609.3066028430442,1
2023-06-01,23.0,75.0,635.0,,11747,3.496,0.2422203604,0.12485714285714286,0.07266610812,0.05219103473714286,23.0,1000.0,977.0,1.0,16669.388287546324,23.0,1000.0,977.0,15692.388287546324,0.05861042907794735,31.0,0.0,9.660931051322716,6,65,23.625349627474275,27.09447968788491,,756.5918145441589,677.6703751484009,625.6154298979474,1
2023-07-01,39.0,76.0,646.0,,11747,3.538,0.24336116140000003,0.12635714285714286,0.07300834842000001,0.053348794437142855,39.0,1039.0,1000.0,1.0,16669.388287546324,39.0,1039.0,1000.0,15669.388287546324,0.059990203764531576,30.0,0.0,9.659464297418111,6,66,24.106298679504903,27.64789958102264,,775.540249572934,693.9685301773943,657.4008824125852,1
2023-08-01,31.0,77.0,680.0,,11747,3.773,0.24037968029999998,0.13475,0.07211390408999999,0.06263609591000002,31.0,1070.0,1039.0,1.0,16669.388287546324,31.0,1070.0,1039.0,15630.388287546324,0.06232982171134831,31.0,0.0,9.656972265560333,6,67,24.918361835875828,28.21045818085522,,794.8309875754452,710.8895227011817,681.0414172052448,1
2023-09-01,29.0,78.0,704.0,,11747,3.72,0.23173044099999998,0.13285714285714287,0.0695191323,0.06333801055714287,29.0,1099.0,1070.0,1.0,16669.388287546324,29.0,1099.0,1070.0,15599.388287546324,0.06418951802804879,31.0,0.0,9.65498698013203,6,68,25.56074356982148,28.782209000714904,,814.4712667006082,728.2631944586077,701.9376068933647,1
2023-10-01,29.0,79.0,721.0,,11747,3.56,0.2184350564,0.12714285714285714,0.06553051691999999,0.06161234022285715,29.0,1128.0,1099.0,1.0,16669.388287546324,29.0,1128.0,1099.0,15570.388287546324,0.0659292339372202,30.0,0.0,9.65312620270247,6,69,26.159192106834148,29.3632009941667,,834.4711664999724,746.0347542563336,722.589303741748,1
2023-11-01,21.0,80.0,742.0,,11747,3.322,0.2168853763,0.11864285714285715,0.06506561289,0.05357724425285715,21.0,1149.0,1128.0,1.0,16669.388287546324,21.0,1149.0,1128.0,15541.388287546324,0.06766894984639162,31.0,0.0,9.651261956324323,6,70,26.755234403552297,29.95347829276874,,854.8260905080385,764.1872345130128,735.2776779180878,1
2023-12-01,23.0,81.0,751.0,,11747,3.156,0.2100811613,0.11271428571428573,0.06302434839,0.04968993732428573,23.0,1172.0,1149.0,1.0,16669.388287546324,23.0,1172.0,1149.0,15520.388287546324,0.06892874412544678,30.0,0.0,9.649909811951721,6,71,27.185349127151255,30.553079937194173,,875.5307024369042,782.5459466146534,749.7102996559034,1
2024-01-01,41.0,82.0,766.0,,11747,3.032,0.2461767172,0.10828571428571429,0.07385301516,0.0344326991257143,41.0,1213.0,1172.0,1.0,16669.388287546324,41.0,1213.0,1172.0,15497.388287546324,0.070308518812031,31.0,0.0,9.64842679113237,6,72,27.654979407951046,31.1620396018579,,896.5889797272496,801.1446096582711,781.967828372423,1
2024-02-01,29.0,83.0,798.0,,11747,3.103,0.2472390589,0.11082142857142858,0.07417171767,0.03664971090142859,29.0,1242.0,1213.0,1.0,16669.388287546324,29.0,1242.0,1213.0,15456.388287546324,0.0727681171663768,31.0,0.0,9.6457776782606,6,73,28.488392580940246,31.780385313218137,,918.0240691696416,820.3623614313661,802.0501977237736,1
2024-03-01,30.0,84.0,814.0,,11747,3.239,0.24726661960000001,0.11567857142857142,0.07417998588000001,0.041498585548571415,30.0,1272.0,1242.0,1.0,16669.388287546324,30.0,1272.0,1242.0,15427.388287546324,0.07450783307554822,29.0,0.0,9.643899669044151,6,74,29.07497586408682,32.4081391619515,,939.8387480029693,839.9472333150801,822.7884206481423,1
2024-04-01,38.0,85.0,835.0,,11747,3.434,0.24086393309999998,0.12264285714285715,0.07225917992999999,0.050383677212857164,38.0,1310.0,1272.0,1.0,16669.388287546324,38.0,1310.0,1272.0,15397.388287546324,0.07630753918848417,31.0,0.0,9.641953182301648,6,75,29.679254025414842,33.04531700922999,,962.036221147057,859.9082916136855,851.4365185336612,1
2024-05-01,45.0,86.0,858.0,,11747,3.549,0.23623341060000003,0.12675,0.07087002318,0.055879976819999996,45.0,1355.0,1310.0,1.0,16669.388287546324,45.0,1355.0,1310.0,15359.388287546324,0.07858716693153636,30.0,0.0,9.639482180879089,6,76,30.440976403770172,33.69192818735974,,984.6224694600089,880.4029272670783,886.7901127690036,1
2024-06-01,50.0,87.0,887.0,,11747,3.384,0.2546286157,0.12085714285714286,0.07638858471,0.04446855814714286,50.0,1405.0,1355.0,1.0,16669.388287546324,50.0,1405.0,1355.0,15314.388287546324,0.08128672610094029,31.0,0.0,9.636548076421919,6,77,31.33767283553552,34.34797519507469,,1007.6002373535215,901.5585316093659,926.7032901216004,1
2024-07-01,45.0,88.0,929.0,,11747,3.417,0.2527567314,0.12203571428571428,0.07582701941999999,0.046208694865714287,45.0,1450.0,1405.0,1.0,16669.388287546324,45.0,1450.0,1405.0,15264.388287546324,0.08428623628916686,30.0,0.0,9.633277831489938,6,78,32.32720693579329,35.01345338781216,,1030.9683680919168,923.4534688303391,961.4392766733206,1
2024-08-01,49.0,89.0,949.0,,11747,3.301,0.2533276141,0.11789285714285715,0.07599828422999999,0.041894572912857156,49.0,1499.0,1450.0,1.0,16669.388287546324,49.0,1499.0,1450.0,15219.388287546324,0.08698579545857078,31.0,0.0,9.630325439250974,6,79,33.21167188449195,35.68835066333394,,1054.7414667615035,945.9901431855158,999.838267345602,1
2024-09-01,26.0,90.0,984.0,,11747,3.067,0.2542071944,0.10953571428571429,0.07626215832,0.033273555965714297,26.0,1525.0,1499.0,1.0,16669.388287546324,26.0,1525.0,1499.0,15170.388287546324,0.08992531544303282,31.0,0.0,9.627100667766253,6,80,34.16816667529655,36.372647143093296,,1078.9153189313315,969.2255555478239,1014.6518753980904,1
2024-10-01,26.0,91.0,997.0,,11747,2.945,0.2389307106,0.10517857142857143,0.07167921318,0.03349935824857142,26.0,1551.0,1525.0,1.0,16669.388287546324,26.0,1551.0,1525.0,15144.388287546324,0.09148506074091065,30.0,0.0,9.625385332255814,6,81,34.672904886989684,37.06631484978762,,1103.5013508378893,992.7033703631912,1029.6367074821042,1
2024-11-01,31.0,92.0,1010.0,,11747,2.895,0.2370113869,0.10339285714285715,0.07110341607,0.03228944107285715,31.0,1582.0,1551.0,1.0,16669.388287546324,31.0,1582.0,1551.0,15118.388287546324,0.09304480603878847,31.0,0.0,9.623667049312902,6,82,35.17570895071719,37.76931738157608,,1128.5025330834906,1016.4245922536122,1049.3858588566306,1
2024-12-01,42.0,93.0,1028.0,,11747,2.916,0.23983544729999998,0.10414285714285713,0.07195063418999999,0.03219222295285715,42.0,1624.0,1582.0,1.0,16669.388287546324,42.0,1624.0,1582.0,15087.388287546324,0.09490450235548895,30.0,0.0,9.621614461073243,6,83,35.772678263789274,38.48160958348358,,1153.928395972431,1040.4844391921495,1080.0793258443978,1
2025-01-01,41.0,94.0,1046.0,,11747,2.959,0.24267,0.10567857142857143,0.07280099999999999,0.03287757142857144,41.0,1665.0,1624.0,1.0,16669.388287546324,41.0,1665.0,1624.0,15045.388287546324,0.09742409091359927,31.0,0.0,9.618826797142303,6,84,36.57708923071864,,36.57708923071864,1140.5698660380592,1065.0798453432205,1105.1758842918744,0
2025-02-01,27.0,95.0,1081.0,,11747,2.977,0.24132,0.10632142857142857,0.072396,0.033925428571428565,27.0,1692.0,1665.0,1.0,16669.388287546324,27.0,1692.0,1660.5770892307187,15008.811198315605,0.09961835794966355,31.0,0.0,9.616392720845775,6,85,37.35747928225945,,37.273525460305244,1127.2508026683222,1090.1901940625935,1130.5342831965916,0
2025-03-01,30.0,96.0,1094.0,,11747,2.901,0.24111999999999997,0.10360714285714286,0.07233599999999998,0.03127114285714287,30.0,1722.0,1692.0,1.0,16669.388287546324,30.0,1722.0,1697.850614691024,14971.5376728553,0.10185440433704972,28.0,0.0,9.61390618909625,6,86,37.8687681320066,,37.97928407024999,1113.7983610515757,1115.5344142683532,1156.491718866299,0
2025-04-01,40.0,97.0,1115.0,,11747,2.952,0.24209,0.10542857142857143,0.072627,0.03280157142857143,40.0,1762.0,1722.0,1.0,16669.388287546324,40.0,1762.0,1735.829898761274,14933.55838878505,0.10413278932725505,31.0,0.0,9.611366200298976,6,87,38.43442055733455,,38.69431725008606,1100.2358034844033,1141.165403683381,1183.0822804670197,0
2025-05-01,28.0,98.0,1137.0,,11747,2.981,0.24136,0.1064642857142857,0.072408,0.034056285714285706,28.0,1790.0,1762.0,1.0,16669.388287546324,28.0,1790.0,1774.52421601136,14894.864071534965,0.10645406930361713,30.0,0.0,9.608771739327628,6,88,39.18461815922365,,39.41856800704847,1086.5360908447512,1167.2759313118372,1209.6007277434685,0
2025-06-01,27.0,99.0,1152.0,,11747,2.981,0.28059999999999996,0.1064642857142857,0.08417999999999999,0.022284285714285715,27.0,1817.0,1790.0,1.0,16669.388287546324,27.0,1817.0,1813.9427840184085,14855.445503527915,0.10881879723046602,31.0,0.0,9.606121777586893,6,89,39.707032650866616,,40.15196983322246,1072.7305223946482,1193.6181459983336,1236.3722510539558,0
2025-07-01,33.0,100.0,1152.0,,11747,2.981,0.28052,0.1064642857142857,0.084156,0.02230828571428571,33.0,1850.0,1817.0,1.0,16669.388287546324,33.0,1850.0,1854.094753851631,14815.293533694694,0.11122752208230835,30.0,0.0,9.60341527308811,6,90,40.20866506661375,,40.894446371903925,1058.7881744542292,1220.1611364372848,1263.344516552247,0
2025-08-01,36.0,101.0,1174.0,,11747,3.001,0.27966,0.10717857142857143,0.083898,0.023280571428571428,36.0,1886.0,1850.0,1.0,16669.388287546324,36.0,1886.0,1894.989200223535,14774.399087322789,0.11368078825299657,31.0,0.0,9.600651170538436,6,91,40.81893879855358,,41.64591108388404,1044.7286796738006,1247.009028183364,1290.4044067355705,0
2018-01-01,3.0,11.0,52.0,,11757,2.633,0.19383099999999998,0.09403571428571429,0.05814929999999999,0.035886414285714305,3.0,90.0,87.0,0.35,8934.66239925878,3.0,90.0,87.0,8847.66239925878,0.009737357284727124,31.0,0.0,9.08790856743503,7,0,3.2155319197540893,3.2155319197540893,,3.2155319197540893,3.2155319197540893,3.0,1
2018-02-01,2.0,,,,11757,2.685,0.20355499999999999,0.09589285714285714,0.061066499999999996,0.034826357142857145,2.0,92.0,90.0,0.35,8934.66239925878,2.0,92.0,90.0,8844.66239925878,0.010073128225579783,31.0,0.0,9.087569437324891,7,1,3.2885957967582633,3.2938430591265626,,6.481348235259288,6.47610097289099,4.973851843812355,1
2018-03-01,5.0,12.0,55.0,,11757,2.641,0.19740100000000002,0.09432142857142857,0.059220300000000003,0.035101128571428566,5.0,97.0,92.0,0.35,8934.66239925878,5.0,97.0,92.0,8842.66239925878,0.010296975519481557,28.0,0.0,9.087343286673924,7,2,3.33727710122938,3.3740014693329816,,9.81263662700842,9.770710731948506,9.94335461981523,1
2018-04-01,1.0,13.0,60.0,,11757,2.831,0.186742,0.10110714285714285,0.0560226,0.045084542857142855,1.0,98.0,97.0,0.35,8934.66239925878,1.0,98.0,97.0,8837.66239925878,0.010856593754235989,31.0,0.0,9.086777686189741,7,3,3.4588825483796737,3.4560477281676762,,13.208669029884621,13.169920898578342,10.875891796375894,1
2018-05-01,1.0,14.0,59.0,,11757,3.008,0.18830200000000002,0.10742857142857143,0.0564906,0.05093797142857143,1.0,99.0,98.0,0.35,8934.66239925878,1.0,99.0,98.0,8836.66239925878,0.010968517401186876,30.0,0.0,9.0866645276943,7,4,3.4831868696907335,3.5400231535441486,,16.67373318593707,16.578310536427384,11.822705924872544,1
2018-06-01,2.0,15.0,60.0,,11757,2.993,0.20802700000000002,0.10689285714285714,0.0624081,0.044484757142857136,2.0,101.0,99.0,0.35,8934.66239925878,2.0,101.0,99.0,8835.66239925878,0.011080441048137763,31.0,0.0,9.086551356392564,7,5,3.5074856016287925,3.625969809070618,,20.206409038105996,19.993192959568987,13.760555773918881,1
2018-07-01,1.0,16.0,62.0,,11757,2.931,0.204559,0.10467857142857143,0.0613677,0.04331087142857143,1.0,102.0,101.0,0.35,8934.66239925878,1.0,102.0,101.0,8833.66239925878,0.011304288342039535,30.0,0.0,9.086324975358615,7,6,3.556066297385911,3.7139305091880574,,23.81043075782096,23.440797307183463,14.689089816826739,1
2018-08-01,3.0,17.0,63.0,,11757,2.905,0.22044699999999998,0.10375,0.06613409999999999,0.03761590000000001,3.0,105.0,102.0,0.35,8934.66239925878,3.0,105.0,102.0,8832.66239925878,0.011416211988990422,31.0,0.0,9.086211765620599,7,7,3.580348261204971,3.8039488238363597,,27.486024728435183,26.89517022697872,17.61309633034739,1
2018-09-01,7.0,18.0,64.0,,11757,2.891,0.222677,0.10325,0.0668031,0.03644689999999999,7.0,112.0,105.0,0.35,8934.66239925878,7.0,112.0,105.0,8829.66239925878,0.01175198292984308,31.0,0.0,9.085872059487565,7,8,3.65316061642415,3.8960690826126543,,31.23565819175017,30.40554424270536,24.51706914529801,1
2018-10-01,1.0,19.0,70.0,,11757,2.897,0.201892,0.1034642857142857,0.06056759999999999,0.04289668571428571,1.0,113.0,112.0,0.35,8934.66239925878,1.0,113.0,112.0,8822.66239925878,0.012535448458499287,30.0,0.0,9.085078962776869,7,9,3.8228604838805733,3.9903363783840797,,35.06188459712121,34.06916476819579,25.37294148889635,1
2018-11-01,3.0,20.0,70.0,,11757,2.753,0.199849,0.09832142857142857,0.0599547,0.038366728571428574,3.0,116.0,113.0,0.35,8934.66239925878,3.0,116.0,113.0,8821.66239925878,0.012647372105450173,31.0,0.0,9.084965611882177,7,10,3.847080964596634,4.086796570315611,,38.96469245766068,37.73760948042082,28.247856919638334,1
2018-12-01,6.0,21.0,73.0,,11757,2.562,0.193505,0.0915,0.0580515,0.0334485,6.0,122.0,116.0,0.35,8934.66239925878,6.0,122.0,116.0,8818.66239925878,0.012983143046302832,30.0,0.0,9.084625482087155,7,11,3.9197088705068177,4.185496286271709,,42.9421938494435,41.45610043227939,34.095678309820926,1
2019-01-01,4.0,22.0,77.0,,11757,2.42,0.18899100000000002,0.08642857142857142,0.056697300000000006,0.029731271428571418,4.0,126.0,122.0,0.35,8934.66239925878,4.0,126.0,122.0,8812.66239925878,0.013654684928008151,31.0,0.0,9.08394487523541,7,12,4.064813769256188,4.286482924548778,,46.99748867441466,45.29785157051316,37.903376293175256,1
2019-02-01,6.0,23.0,79.0,,11757,2.378,0.195275,0.08492857142857144,0.058582499999999996,0.02634607142857144,6.0,132.0,126.0,0.35,8934.66239925878,6.0,132.0,126.0,8808.66239925878,0.014102379515811697,31.0,0.0,9.083490879850336,7,13,4.161438580962436,4.389804654893441,,51.09819470023429,49.17925493583202,43.65965845361055,1
2019-03-01,2.0,24.0,84.0,,11757,2.547,0.18817,0.09096428571428572,0.056451,0.03451328571428572,2.0,134.0,132.0,0.35,8934.66239925878,2.0,134.0,132.0,8802.66239925878,0.014773921397517016,28.0,0.0,9.082809500078993,7,14,4.306208117331814,4.495510418759778,,55.280700058945015,53.18261524387995,45.39495244459234,1
2019-04-01,2.0,25.0,85.0,,11757,2.79,0.185105,0.09964285714285714,0.0555315,0.04411135714285715,2.0,136.0,134.0,0.35,8934.66239925878,2.0,136.0,134.0,8800.66239925878,0.014997768691418788,31.0,0.0,9.082582270276498,7,15,4.35441991447094,4.60364992875662,,59.54682771683918,57.210836713788964,47.104185373876575,1
2019-05-01,5.0,26.0,86.0,,11757,2.937,0.187827,0.10489285714285713,0.0563481,0.04854475714285714,5.0,141.0,136.0,0.35,8934.66239925878,5.0,141.0,136.0,8798.66239925878,0.015221615985320562,30.0,0.0,9.082354988828884,7,16,4.402609354118067,4.714273667233957,,63.89845248226841,61.26324241210864,51.844438426814094,1
2019-06-01,3.0,27.0,90.0,,11757,2.798,0.215887,0.09992857142857144,0.0647661,0.03516247142857144,3.0,144.0,141.0,0.35,8934.66239925878,3.0,144.0,141.0,8793.66239925878,0.015781234220074995,31.0,0.0,9.081786559108323,7,17,4.522985139208387,4.827432883955456,,68.33555824680367,65.41082782424793,54.551221642111834,1
2019-07-01,4.0,28.0,92.0,,11757,2.805,0.21162,0.10017857142857144,0.063486,0.036692571428571435,4.0,148.0,144.0,0.35,8934.66239925878,4.0,148.0,144.0,8790.66239925878,0.016117005160927653,30.0,0.0,9.081445346117379,7,18,4.595143537786579,4.943179592801892,,72.8592367538391,69.60373852805347,58.23028101312696,1
2019-08-01,4.0,29.0,94.0,,11757,2.747,0.22709700000000002,0.09810714285714285,0.0681291,0.029978042857142853,4.0,152.0,148.0,0.35,8934.66239925878,4.0,152.0,148.0,8786.66239925878,0.0165646997487312,31.0,0.0,9.08099021427964,7,19,4.6912764846688395,5.061566567448152,,77.47114189818812,73.86499173631067,61.888835405860256,1
2019-09-01,1.0,30.0,96.0,,11757,2.617,0.223472,0.09346428571428571,0.06704159999999999,0.026422685714285715,1.0,153.0,152.0,0.35,8934.66239925878,1.0,153.0,152.0,8782.66239925878,0.017012394336534745,31.0,0.0,9.080534875202586,7,20,4.787320001583099,5.182647335954228,,82.17162248823303,78.1923842469513,62.507332739690675,1
2019-10-01,6.0,31.0,98.0,,11757,2.542,0.203441,0.09078571428571428,0.0610323,0.029753414285714277,6.0,159.0,153.0,0.35,8934.66239925878,6.0,159.0,153.0,8781.66239925878,0.017124317983485633,30.0,0.0,9.080421008030058,7,21,4.811316907379166,5.306476174208353,,86.95821327969179,82.50846760799749,68.0785674761905,1
2019-11-01,7.0,32.0,103.0,,11757,2.565,0.209325,0.09160714285714286,0.0627975,0.028809642857142853,7.0,166.0,159.0,0.35,8934.66239925878,7.0,166.0,159.0,8775.66239925878,0.01779585986519095,31.0,0.0,9.079737532580078,7,22,4.955180965322562,5.433108098158108,,91.83106065383748,86.9302103947056,74.6544769838428,1
2019-12-01,6.0,33.0,104.0,,11757,2.553,0.20593599999999998,0.09117857142857143,0.06178079999999999,0.02939777142857144,6.0,172.0,166.0,0.35,8934.66239925878,6.0,172.0,166.0,8768.66239925878,0.018579325393847157,30.0,0.0,9.078939553694957,7,23,5.122768049785029,5.562598854763042,,96.77228193874643,91.46168812193457,80.14100132136576,1
2020-01-01,4.0,34.0,108.0,,11757,2.59,0.205478,0.0925,0.061643399999999994,0.030856600000000005,4.0,176.0,172.0,0.35,8934.66239925878,4.0,176.0,172.0,8762.66239925878,0.019250867275552475,31.0,0.0,9.078255064610051,7,24,5.266196136634434,5.695004911599918,,101.77535569189756,96.06861987718752,83.53826221431945,1
2020-02-01,4.0,35.0,109.0,,11757,2.455,0.19767600000000002,0.08767857142857143,0.0593028,0.028375771428571422,4.0,180.0,176.0,0.35,8934.66239925878,4.0,180.0,176.0,8758.66239925878,0.019698561863356022,31.0,0.0,9.077798478122958,7,25,5.361703073740706,5.830383445049356,,106.82093893683003,100.68031522033084,86.88893114570544,1
2020-03-01,5.0,36.0,110.0,,11757,2.309,0.19449000000000002,0.08246428571428573,0.058347,0.024117285714285723,5.0,185.0,180.0,0.35,8934.66239925878,5.0,185.0,180.0,8754.66239925878,0.020146256451159566,29.0,0.0,9.077341683069411,7,26,5.45712058087898,5.968792326990207,,111.95953668560824,105.34526903383578,91.20365475488599,1
2020-04-01,2.0,37.0,115.0,,11757,2.074,0.200328,0.07407142857142857,0.060098399999999996,0.01397302857142857,2.0,187.0,185.0,0.35,8934.66239925878,2.0,187.0,185.0,8749.66239925878,0.020705874685914,31.0,0.0,9.076770395665465,7,27,5.576266703909326,6.110290109925575,,117.19188461821366,110.08508184769639,92.51433323178266,1
2020-05-01,0.0,38.0,116.0,,11757,2.043,0.205233,0.07296428571428572,0.0615699,0.01139438571428572,0.0,187.0,187.0,0.35,8934.66239925878,0.0,187.0,187.0,8747.66239925878,0.020929721979815772,30.0,0.0,9.076541789289148,7,28,5.623886027510465,6.254936010461967,,122.52049720455938,114.82863967942458,91.8680551327621,1
2020-06-01,3.0,39.0,112.0,,11757,2.112,0.236011,0.07542857142857143,0.0708033,0.004625271428571429,3.0,190.0,187.0,0.35,8934.66239925878,3.0,190.0,187.0,8747.66239925878,0.020929721979815772,31.0,0.0,9.076541789289148,7,29,5.623886027510465,6.402789891060621,,127.94338924491976,119.52532911114945,94.16926423666725,1
2020-07-01,3.0,40.0,113.0,,11757,2.143,0.233034,0.07653571428571428,0.06991019999999999,0.006625514285714285,3.0,193.0,190.0,0.35,8934.66239925878,3.0,193.0,190.0,8744.66239925878,0.02126549292066843,30.0,0.0,9.076198781705655,7,30,5.695273092614674,6.553912239977614,,133.458047972504,124.2407611141496,96.43011663200775,1
2020-08-01,2.0,41.0,113.0,,11757,2.129,0.223776,0.07603571428571429,0.06713279999999999,0.008902914285714297,2.0,195.0,193.0,0.35,8934.66239925878,2.0,195.0,193.0,8741.66239925878,0.021601263861521093,31.0,0.0,9.075855656427589,7,31,5.766609853361886,6.7083641493069575,,139.06318965242835,128.97071491884557,97.617844578362,1
2020-09-01,7.0,42.0,112.0,,11757,2.122,0.233586,0.07578571428571428,0.0700758,0.005709914285714282,7.0,202.0,195.0,0.35,8934.66239925878,7.0,202.0,195.0,8739.66239925878,0.021825111155422863,31.0,0.0,9.07562684081644,7,32,5.814139746995026,6.866207291038477,,144.75956922352484,133.68850732547727,103.73927842290072,1
2020-10-01,9.0,43.0,117.0,,11757,2.078,0.19449000000000002,0.0742142857142857,0.058347,0.015867285714285702,9.0,211.0,202.0,0.35,8934.66239925878,9.0,211.0,202.0,8732.66239925878,0.02260857668407907,30.0,0.0,9.074825573617572,7,33,5.980318309461523,7.027503891039924,,150.52269839286367,138.4848282836599,111.76683961635419,1
2020-11-01,4.0,44.0,127.0,,11757,2.05,0.217667,0.0732142857142857,0.0653001,0.007914185714285704,4.0,215.0,211.0,0.35,8934.66239925878,4.0,215.0,211.0,8723.66239925878,0.02361588950663705,31.0,0.0,9.073794428642747,7,34,6.19357402634817,7.192316700870411,,156.32704712063287,143.37771574970932,114.68117542792704,1
2020-12-01,3.0,45.0,131.0,,11757,2.137,0.20121,0.07632142857142857,0.060363,0.015958428571428568,3.0,218.0,215.0,0.35,8934.66239925878,3.0,218.0,215.0,8719.66239925878,0.024063584094440593,30.0,0.0,9.073335800472222,7,35,6.288209021266461,7.3607089673300585,,162.147403138501,148.2200212695267,116.44189440039369,1
2021-01-01,10.0,46.0,131.0,,11757,2.316,0.194951,0.08271428571428571,0.058485300000000004,0.02422898571428571,10.0,228.0,218.0,1.0,8934.66239925878,10.0,228.0,218.0,8716.66239925878,0.024399355035293255,31.0,0.0,9.072991691256057,7,36,6.35912657903868,7.532744399648459,,167.98906429588888,152.98962365103034,125.08392924493178,1
2021-02-01,5.0,47.0,138.0,,11757,2.498,0.196239,0.08921428571428572,0.0588717,0.03034258571428572,5.0,233.0,228.0,1.0,8934.66239925878,5.0,233.0,228.0,8706.66239925878,0.025518591504802117,31.0,0.0,9.071843804591063,7,37,6.595155129034418,7.708487134212533,,173.90272428979353,157.89936880932382,128.67603014533228,1
2021-03-01,7.0,48.0,141.0,,11757,2.754,0.213526,0.09835714285714285,0.0640578,0.03429934285714285,7.0,240.0,233.0,1.0,8934.66239925878,7.0,240.0,233.0,8701.66239925878,0.02607820973955655,28.0,0.0,9.071269366763717,7,38,6.712959802544792,7.888001696732217,,179.9071964337403,162.84737754728238,134.2677595643261,1
2021-04-01,10.0,49.0,144.0,,11757,2.769,0.219437,0.09889285714285714,0.06583109999999999,0.033061757142857154,10.0,250.0,240.0,1.0,8934.66239925878,10.0,250.0,240.0,8694.66239925878,0.026861675268212756,31.0,0.0,9.070464599037331,7,39,6.877651591793319,8.07135296174059,,186.01265158307723,167.88896929329638,142.88796151204983,1
2021-05-01,7.0,50.0,150.0,,11757,2.937,0.216873,0.10489285714285713,0.0650619,0.03983095714285713,7.0,257.0,250.0,1.0,8934.66239925878,7.0,257.0,250.0,8684.66239925878,0.02798091173772162,30.0,0.0,9.069313806216604,7,40,7.112450479729084,8.258606109323233,,192.22473184859274,173.09866233845958,148.44398305819848,1
2021-06-01,17.0,51.0,154.0,,11757,3.027,0.23659300000000003,0.10810714285714286,0.07097790000000001,0.03712924285714285,17.0,274.0,257.0,1.0,8934.66239925878,17.0,274.0,257.0,8677.66239925878,0.028764377266377827,31.0,0.0,9.068507462543103,7,41,7.2764771335906255,8.449826578969873,,198.54072691592793,178.3993816440207,163.87972386800703,1
2021-07-01,6.0,52.0,166.0,,11757,3.089,0.23117100000000002,0.11032142857142857,0.0693513,0.040970128571428566,6.0,280.0,274.0,1.0,8934.66239925878,6.0,280.0,274.0,8660.66239925878,0.030667079264542898,30.0,0.0,9.066546488153106,7,42,7.673687346590966,8.645080020439996,,204.96113950564106,184.01993646699708,168.10268182054986,1
2021-08-01,11.0,53.0,170.0,,11757,3.101,0.238252,0.11075,0.0714756,0.0392744,11.0,291.0,280.0,1.0,8934.66239925878,11.0,291.0,280.0,8654.66239925878,0.03133862114624822,31.0,0.0,9.06585346040919,7,43,7.813493519736447,8.844432241532724,,211.5023301914117,189.71228090067214,177.25138172432696,1
2021-09-01,18.0,54.0,176.0,,11757,3.188,0.243286,0.11385714285714287,0.0729858,0.04087134285714286,18.0,309.0,291.0,1.0,8934.66239925878,18.0,309.0,291.0,8643.66239925878,0.032569781262707966,31.0,0.0,9.064581660785722,7,44,8.06928223079434,9.047949152650105,,218.1667950284754,195.59075594232817,193.28372884209566,1
2021-10-01,6.0,55.0,192.0,,11757,3.311,0.217552,0.11825,0.0652656,0.0529844,6.0,315.0,309.0,1.0,8934.66239925878,6.0,315.0,309.0,8625.66239925878,0.034584406907823925,30.0,0.0,9.06249703886466,7,45,8.48638674980883,9.255696708042178,,224.96112228916982,201.81816854438978,197.1860070501826,1
2021-11-01,4.0,56.0,199.0,,11757,3.458,0.217497,0.12350000000000001,0.06524909999999999,0.05825090000000002,4.0,319.0,315.0,1.0,8934.66239925878,4.0,319.0,315.0,8619.66239925878,0.03525594878952924,31.0,0.0,9.06180119807161,7,46,8.625019154624335,9.467740843621396,,231.88668188836942,208.11192076140313,198.90961981977406,1
2021-12-01,8.0,57.0,201.0,,11757,3.387,0.22061,0.12096428571428572,0.06618299999999999,0.05478128571428573,8.0,327.0,319.0,1.0,8934.66239925878,8.0,327.0,319.0,8615.66239925878,0.03570364337733279,30.0,0.0,9.061337035067016,7,47,8.717328970374675,9.68414741123372,,238.9345454530038,214.40997774396834,204.63639707682546,1
2022-01-01,4.0,58.0,204.0,,11757,3.342,0.20494199999999999,0.11935714285714286,0.06148259999999999,0.057874542857142865,4.0,331.0,327.0,1.0,8934.66239925878,4.0,331.0,327.0,8607.66239925878,0.03659903255293988,31.0,0.0,9.060408062215501,7,48,8.90168031197136,9.90498210927358,,246.10949374371629,220.8069939980228,206.37514778145174,1
2022-02-01,10.0,59.0,205.0,,11757,3.607,0.218064,0.1288214285714286,0.0654192,0.06340222857142859,10.0,341.0,331.0,1.0,8934.66239925878,10.0,341.0,331.0,8603.66239925878,0.037046727140743425,31.0,0.0,9.059943251967733,7,49,8.993721837817704,10.13031040953013,,253.4255614089578,227.22271386675592,214.06002353856175,1
2022-03-01,14.0,60.0,210.0,,11757,4.252,0.225942,0.15185714285714286,0.0677826,0.08407454285714286,14.0,355.0,341.0,1.0,8934.66239925878,14.0,355.0,341.0,8593.66239925878,0.03816596361025229,28.0,0.0,9.058780280256231,7,50,9.223434396323574,10.360197480152792,,260.8889734822698,233.7971564758318,225.78657243817165,1
2022-04-01,6.0,61.0,217.0,,11757,4.014,0.221159,0.14335714285714288,0.0663477,0.07700944285714288,6.0,361.0,355.0,1.0,8934.66239925878,6.0,361.0,355.0,8579.66239925878,0.0397328946675647,31.0,0.0,9.057149844302142,7,51,9.544092963567815,10.594708104625218,,268.5030447671653,240.6229117225926,229.42764365529408,1
2022-05-01,7.0,62.0,220.0,,11757,4.643,0.25454,0.16582142857142856,0.076362,0.08945942857142856,7.0,368.0,361.0,1.0,8934.66239925878,7.0,368.0,361.0,8573.66239925878,0.04040443654927002,30.0,0.0,9.05645027144205,7,52,9.681182701435354,10.83390659663795,,276.2707274705479,247.5146465928515,234.01703039049843,1
2022-06-01,15.0,63.0,226.0,,11757,4.847,0.2818233604,0.17310714285714288,0.08454700812,0.08856013473714287,15.0,383.0,368.0,1.0,8934.66239925878,15.0,383.0,368.0,8566.66239925878,0.041187902077926226,31.0,0.0,9.055633484074079,7,53,9.840866412475986,11.077856710752124,,284.1975153585216,254.49642041896422,246.61743163951115,1
2022-07-01,12.0,64.0,238.0,,11757,4.49,0.2785991614,0.16035714285714286,0.08357974842,0.07677739443714286,12.0,395.0,383.0,1.0,8934.66239925878,12.0,395.0,383.0,8551.66239925878,0.04286675678218953,30.0,0.0,9.05388097569307,7,54,10.182123546732361,11.326621548748742,,292.2833630229522,261.74716388563667,255.92403996488153,1
2022-08-01,10.0,65.0,249.0,,11757,3.971,0.28803368030000004,0.14182142857142857,0.08641010409000001,0.05541132448142856,10.0,405.0,395.0,1.0,8934.66239925878,10.0,405.0,395.0,8539.66239925878,0.04420984054560016,31.0,0.0,9.052476754298498,7,55,10.454223775711482,11.580263461560959,,300.5301414155892,269.1899158598229,263.22097071947945,1
2022-09-01,13.0,66.0,250.0,,11757,3.456,0.2830843604,0.12342857142857143,0.08492530812,0.03850326330857143,13.0,418.0,405.0,1.0,8934.66239925878,13.0,418.0,405.0,8529.66239925878,0.04532907701510903,31.0,0.0,9.051305061655457,7,56,10.680359135497428,11.838843946690165,,308.9443124267275,276.78210803759686,273.3415132931857,1
2022-10-01,11.0,67.0,261.0,,11757,3.453,0.2599750051,0.12332142857142857,0.07799250153,0.045328927041428574,11.0,429.0,418.0,1.0,8934.66239925878,11.0,429.0,418.0,8516.66239925878,0.04678408442547055,30.0,0.0,9.04977980589811,7,57,10.973499491955675,12.102423541010648,,317.5260186716698,284.5838264597599,281.16250218856123,1
2022-11-01,5.0,68.0,267.0,,11757,3.68,0.26376337629999996,0.13142857142857142,0.07912901288999999,0.05229955853857143,5.0,434.0,429.0,1.0,8934.66239925878,5.0,434.0,429.0,8505.66239925878,0.048015244541930305,31.0,0.0,9.048487385307931,7,58,11.220803534799746,12.37106170887222,,326.27983901823006,292.5439310487708,283.07177490572167,1
2022-12-01,12.0,69.0,266.0,,11757,3.246,0.2524078524,0.11592857142857142,0.07572235572000001,0.04020621570857141,12.0,446.0,434.0,1.0,8934.66239925878,12.0,446.0,434.0,8500.66239925878,0.048574862776684734,30.0,0.0,9.047899368766638,7,59,11.332990888445236,12.644816725415495,,335.20938061865604,300.530049762425,292.07999623953197,1
2023-01-01,8.0,70.0,270.0,,11757,3.266,0.22037085239999998,0.11664285714285715,0.06611125572,0.05053160142285715,8.0,454.0,446.0,1.0,8934.66239925878,8.0,454.0,446.0,8488.66239925878,0.049917946540095376,31.0,0.0,9.046486716746868,7,60,11.601670421148429,12.923745555020414,,344.3138279897422,308.69722494289226,296.97161671749967,1
2023-02-01,10.0,71.0,278.0,,11757,3.281,0.2208565838,0.11717857142857144,0.06625697514,0.050921596288571444,10.0,464.0,454.0,1.0,8934.66239925878,10.0,464.0,454.0,8480.66239925878,0.050813335715702464,31.0,0.0,9.045543838855417,7,61,11.780342959777231,13.207903724815404,,353.59565210041956,316.9524190480674,303.8637522738212,1
2023-03-01,10.0,72.0,283.0,,11757,3.258,0.2169835435,0.11635714285714285,0.06509506305,0.051262079807142855,10.0,474.0,464.0,1.0,8934.66239925878,10.0,474.0,464.0,8470.66239925878,0.05193257218521133,28.0,0.0,9.044363989931643,7,62,12.003180589493246,13.497345193182074,,363.05928752862815,325.3413814003511,310.7105694738042,1
2023-04-01,14.0,73.0,290.0,,11757,3.436,0.21484068520000002,0.1227142857142857,0.06445220556,0.0582620801542857,14.0,488.0,474.0,1.0,8934.66239925878,14.0,488.0,474.0,8460.66239925878,0.053051808654720194,31.0,0.0,9.043182747319882,7,63,12.225459281909272,13.79212221319863,,372.7111040511196,333.86604575980516,321.44728335324197,1
2023-05-01,17.0,74.0,303.0,,11757,3.483,0.21853669620000002,0.12439285714285715,0.06556100886,0.058831848282857147,17.0,505.0,488.0,1.0,8934.66239925878,17.0,505.0,488.0,8446.66239925878,0.054618739712032606,30.0,0.0,9.04152665998891,7,64,12.53571043662773,14.092285190974494,,382.55307466366094,342.610829903443,335.0763426143999,1
2023-06-01,18.0,75.0,318.0,,11757,3.496,0.2422203604,0.12485714285714286,0.07266610812,0.05219103473714286,18.0,523.0,505.0,1.0,8934.66239925878,18.0,523.0,505.0,8429.66239925878,0.05652144171019768,31.0,0.0,9.039512002656465,7,65,12.91097118185753,14.397882538838665,,392.5857042293543,351.63580329927845,349.5305823622912,1
2023-07-01,14.0,76.0,330.0,,11757,3.538,0.24336116140000003,0.12635714285714286,0.07300834842000001,0.053348794437142855,14.0,537.0,523.0,1.0,8934.66239925878,14.0,537.0,523.0,8411.66239925878,0.05853606735531363,30.0,0.0,9.037374402785987,7,66,13.306545436076473,14.708960523355515,,402.8153193830727,360.9606705268223,359.61495614512717,1
2023-08-01,21.0,77.0,337.0,,11757,3.773,0.24037968029999998,0.13475,0.07211390408999999,0.06263609591000002,21.0,558.0,537.0,1.0,8934.66239925878,21.0,558.0,537.0,8397.66239925878,0.06010299841262604,31.0,0.0,9.0357086603002,7,67,13.61296228091701,15.025563108153674,,413.2434311168277,370.4862846556107,376.64439138580184,1
2023-09-01,25.0,78.0,353.0,,11757,3.72,0.23173044099999998,0.13285714285714287,0.0695191323,0.06333801055714287,25.0,583.0,558.0,1.0,8934.66239925878,25.0,583.0,558.0,8376.66239925878,0.06245339499859466,31.0,0.0,9.03320483242954,7,68,14.07053345360036,15.347731791566975,,423.8743024927503,380.3638431701208,397.3966500623833,1
2023-10-01,12.0,79.0,370.0,,11757,3.56,0.2184350564,0.12714285714285714,0.06553051691999999,0.06161234022285715,12.0,595.0,583.0,1.0,8934.66239925878,12.0,595.0,583.0,8351.66239925878,0.06525148617236683,30.0,0.0,9.030215887760761,7,69,14.612047150653225,15.675505439100345,,434.7136020875635,390.6736436505564,404.97904542975175,1
2023-11-01,12.0,80.0,379.0,,11757,3.322,0.2168853763,0.11864285714285715,0.06506561289,0.05357724425285715,12.0,607.0,595.0,1.0,8934.66239925878,12.0,607.0,595.0,8339.66239925878,0.06659456993577746,31.0,0.0,9.028778014828285,7,70,14.870732884432625,16.008920110749035,,445.7597853792375,401.12454999585884,412.72742204059693,1
2023-12-01,25.0,81.0,386.0,,11757,3.156,0.2100811613,0.11271428571428573,0.06302434839,0.04968993732428573,25.0,632.0,607.0,1.0,8934.66239925878,25.0,632.0,607.0,8327.66239925878,0.0679376536991881,30.0,0.0,9.027338071439829,7,71,15.128613748500042,16.348008883215925,,457.0109431326101,411.71478663829396,433.39705207884174,1
2024-01-01,24.0,82.0,406.0,,11757,3.032,0.2461767172,0.10828571428571429,0.07385301516,0.0344326991257143,24.0,656.0,632.0,1.0,8934.66239925878,24.0,656.0,632.0,8302.66239925878,0.07073574487296026,31.0,0.0,9.024331513343707,7,72,15.663280463628052,16.69280166708923,,468.469747245364,422.71921569762327,452.63986365499164,1
2024-02-01,17.0,83.0,416.0,,11757,3.103,0.2472390589,0.11082142857142858,0.07417171767,0.03664971090142859,17.0,673.0,656.0,1.0,8934.66239925878,17.0,673.0,656.0,8278.66239925878,0.07342191239978153,31.0,0.0,9.021436688346109,7,73,16.173273958827004,17.043325019061804,,480.14830509153677,434.11294220049393,464.7225785125232,1
2024-03-01,24.0,84.0,427.0,,11757,3.239,0.24726661960000001,0.11567857142857142,0.07417998588000001,0.041498585548571415,24.0,697.0,673.0,1.0,8934.66239925878,24.0,697.0,673.0,8261.66239925878,0.0753246143979466,29.0,0.0,9.019381105255317,7,74,16.53257145476914,17.399601949293142,,492.04871425985345,445.7408852910432,483.4691835237413,1
2024-04-01,18.0,85.0,434.0,,11757,3.434,0.24086393309999998,0.12264285714285715,0.07225917992999999,0.050383677212857164,18.0,715.0,697.0,1.0,8934.66239925878,18.0,715.0,697.0,8237.66239925878,0.07801078192476787,31.0,0.0,9.016471893245722,7,75,17.03706500693621,17.76165172403675,,504.17328369954566,457.7400017992414,495.9930469591451,1
2024-05-01,27.0,86.0,450.0,,11757,3.549,0.23623341060000003,0.12675,0.07087002318,0.055879976819999996,27.0,742.0,715.0,1.0,8934.66239925878,27.0,742.0,715.0,8219.66239925878,0.08002540756988384,30.0,0.0,9.01428441655702,7,76,17.41332238806756,18.1294896636777,,516.5256886567726,469.9780583267131,517.396334674467,1
2024-06-01,20.0,87.0,474.0,,11757,3.384,0.2546286157,0.12085714285714286,0.07638858471,0.04446855814714286,20.0,762.0,742.0,1.0,8934.66239925878,20.0,762.0,742.0,8192.66239925878,0.08304734603755777,31.0,0.0,9.010994203294873,7,77,17.974312915667152,18.50312693634938,,529.1080129455434,482.6364390454579,531.4050383896142,1
2024-07-01,28.0,88.0,493.0,,11757,3.417,0.2527567314,0.12203571428571428,0.07582701941999999,0.046208694865714287,28.0,790.0,762.0,1.0,8934.66239925878,28.0,790.0,762.0,8172.662399258779,0.0852858189765755,30.0,0.0,9.008550009830577,7,78,18.38723444931987,18.882570347323377,,541.9204190870298,495.55581546991385,553.2510668077205,1
2024-08-01,25.0,89.0,509.0,,11757,3.301,0.2533276141,0.11789285714285715,0.07599828422999999,0.041894572912857156,25.0,815.0,790.0,1.0,8934.66239925878,25.0,815.0,790.0,8144.662399258779,0.08841968109120033,31.0,0.0,9.005118071344556,7,79,18.96156853777775,19.26782212439286,,554.9708205834977,508.8993535587871,571.9655116120497,1
2024-09-01,14.0,90.0,528.0,,11757,3.067,0.2542071944,0.10953571428571429,0.07626215832,0.033273555965714297,14.0,829.0,815.0,1.0,8934.66239925878,14.0,829.0,815.0,8119.662399258779,0.09121777226497249,31.0,0.0,9.002043855845436,7,80,19.470663871431295,19.658879699497522,,568.2578737601185,522.595142859823,579.5970729675563,1
2024-10-01,19.0,91.0,533.0,,11757,2.945,0.2389307106,0.10517857142857143,0.07167921318,0.03349935824857142,19.0,848.0,829.0,1.0,8934.66239925878,19.0,848.0,829.0,8105.662399258779,0.0927847033222849,30.0,0.0,9.000318158067644,7,81,19.754231359448315,20.05573548686708,,581.7879225444941,536.4198783895595,592.4048588371113,1
2024-11-01,15.0,92.0,543.0,,11757,2.895,0.2370113869,0.10339285714285715,0.07110341607,0.03228944107285715,15.0,863.0,848.0,1.0,8934.66239925878,15.0,863.0,848.0,8086.662399258779,0.09491125261435174,31.0,0.0,8.997971366120655,7,82,20.137320681893087,20.458376657990495,,595.5631494600797,550.4769698890758,601.2885997782321,1
2024-12-01,27.0,93.0,551.0,,11757,2.916,0.23983544729999998,0.10414285714285713,0.07195063418999999,0.03219222295285715,27.0,890.0,863.0,1.0,8934.66239925878,27.0,890.0,863.0,8071.662399258779,0.09659010731861503,30.0,0.0,8.996114737479274,7,83,20.438334330550305,20.866784913749413,,609.5889581783547,564.6891116114465,622.0170482352929,1
2025-01-01,25.0,94.0,568.0,,11757,2.959,0.24267,0.10567857142857143,0.07280099999999999,0.03287757142857144,25.0,915.0,890.0,1.0,8934.66239925878,25.0,915.0,890.0,8044.662399258779,0.09961204578628897,31.0,0.0,8.992764094501068,7,84,20.97698972364237,,20.97698972364237,602.582201496931,579.2857933454512,636.2415041826747,0
2025-02-01,24.0,95.0,586.0,,11757,2.977,0.24132,0.10632142857142857,0.072396,0.033925428571428565,24.0,939.0,915.0,1.0,8934.66239925878,24.0,939.0,910.9769897236424,8023.685409535137,0.1019598669782103,31.0,0.0,8.99015312268365,7,85,21.472111624796206,,21.392672250337476,595.594918084633,594.2164629800488,650.7169642568523,0
2025-03-01,23.0,96.0,614.0,,11757,2.901,0.24111999999999997,0.10360714285714286,0.07233599999999998,0.03127114285714287,23.0,962.0,939.0,1.0,8934.66239925878,23.0,962.0,932.3696619739799,8002.292737284799,0.10435421287449309,28.0,0.0,8.987483371762885,7,86,21.944142098579956,,21.814058886829297,588.5333916436518,609.4526123192247,665.4540093234526,0
2025-04-01,18.0,97.0,622.0,,11757,2.952,0.24209,0.10542857142857143,0.072627,0.03280157142857143,18.0,980.0,962.0,1.0,8934.66239925878,18.0,980.0,954.1837208608092,7980.47867839797,0.10679572189990844,31.0,0.0,8.984753673406491,7,87,22.39348357984962,,22.241111843090138,581.4102177366976,624.967349840211,680.4097092894999,0
2025-05-01,19.0,98.0,634.0,,11757,2.981,0.24136,0.1064642857142857,0.072408,0.034056285714285706,19.0,999.0,980.0,1.0,8934.66239925878,19.0,999.0,976.4248327038994,7958.23756655488,0.10928502824962963,30.0,0.0,8.981962843086517,7,88,22.743079651771524,,22.673786863570353,574.2101583530676,640.6611930961658,695.4665649276368,0
2025-06-01,26.0,99.0,650.0,,11757,2.981,0.28059999999999996,0.1064642857142857,0.08417999999999999,0.022284285714285715,26.0,1025.0,999.0,1.0,8934.66239925878,26.0,1025.0,999.0986195674698,7935.56377969131,0.11182276116558754,31.0,0.0,8.979109680177151,7,89,23.110133063079637,,23.11203299132913,566.9502257924323,656.5438732976414,710.6107527969714,0
2025-07-01,32.0,100.0,664.0,,11757,2.981,0.28052,0.1064642857142857,0.084156,0.02230828571428571,32.0,1057.0,1025.0,1.0,8934.66239925878,32.0,1057.0,1022.2106525587989,7912.4517466999805,0.11440954418642629,30.0,0.0,8.976192968070485,7,90,23.609146895348957,,23.555792332233377,559.6136498369501,672.7391404093544,726.146562275798,0
2025-08-01,32.0,101.0,691.0,,11757,3.001,0.27966,0.10717857142857143,0.083898,0.023280571428571428,32.0,1089.0,1057.0,1.0,8934.66239925878,32.0,1089.0,1045.7664448910323,7888.8959543677465,0.11704599437106758,31.0,0.0,8.973211474310913,7,91,24.218130827690388,,24.004999819821904,552.2107159181843,689.3578990821484,741.8790476662854,0
